<tcccp:Index xmlns:tcccp="http://www.tridion.com/ContentManager/5.2/ImportExport" automaticTrusteeId="3" version="3.3">
  <tcccp:Item title="System%20Administration" isSysItem="false" isExported="false" blueprintStatus="LocalItem" uri="0-0-0" extension="" subtype="0" type="VirtualItemSystemAdministration" selection="ItemAndSelectedChildren">
    <tcccp:Item title="Content%20Configuration" isSysItem="false" isExported="false" blueprintStatus="LocalItem" uri="0-0-0" extension="" subtype="0" type="VirtualItemContentConfiguration" selection="ItemAndAllChildren">
      <tcccp:Item title="Multimedia%20Types" isSysItem="false" isExported="false" blueprintStatus="LocalItem" uri="0-0-0" extension="" subtype="0" type="VirtualItemMultimediaTypes" selection="ItemAndAllChildren">
        <tcccp:Item title="Pdf%20document" isSysItem="false" isExported="true" blueprintStatus="LocalItem" uri="0-7-65544" extension="tmt" subtype="0" type="MultimediaType" selection="ItemAndAllChildren" />
        <tcccp:Item title="Powerpoint%20presentation" isSysItem="false" isExported="true" blueprintStatus="LocalItem" uri="0-6-65544" extension="tmt" subtype="0" type="MultimediaType" selection="ItemAndAllChildren" />
        <tcccp:Item title="MP4" isSysItem="false" isExported="true" blueprintStatus="LocalItem" uri="0-22-65544" extension="tmt" subtype="0" type="MultimediaType" selection="ItemAndAllChildren" />
        <tcccp:Item title="QuickTime%20movie" isSysItem="false" isExported="true" blueprintStatus="LocalItem" uri="0-15-65544" extension="tmt" subtype="0" type="MultimediaType" selection="ItemAndAllChildren" />
        <tcccp:Item title="Excel%20sheet" isSysItem="false" isExported="true" blueprintStatus="LocalItem" uri="0-5-65544" extension="tmt" subtype="0" type="MultimediaType" selection="ItemAndAllChildren" />
        <tcccp:Item title="Real%20player" isSysItem="false" isExported="true" blueprintStatus="LocalItem" uri="0-14-65544" extension="tmt" subtype="0" type="MultimediaType" selection="ItemAndAllChildren" />
        <tcccp:Item title="Stylus" isSysItem="false" isExported="true" blueprintStatus="LocalItem" uri="0-23-65544" extension="tmt" subtype="0" type="MultimediaType" selection="ItemAndAllChildren" />
        <tcccp:Item title="Word%20document" isSysItem="false" isExported="true" blueprintStatus="LocalItem" uri="0-4-65544" extension="tmt" subtype="0" type="MultimediaType" selection="ItemAndAllChildren" />
        <tcccp:Item title="Rich%20text" isSysItem="false" isExported="true" blueprintStatus="LocalItem" uri="0-10-65544" extension="tmt" subtype="0" type="MultimediaType" selection="ItemAndAllChildren" />
        <tcccp:Item title="MSAccess%20database" isSysItem="false" isExported="true" blueprintStatus="LocalItem" uri="0-12-65544" extension="tmt" subtype="0" type="MultimediaType" selection="ItemAndAllChildren" />
        <tcccp:Item title="Mp3%20music" isSysItem="false" isExported="true" blueprintStatus="LocalItem" uri="0-16-65544" extension="tmt" subtype="0" type="MultimediaType" selection="ItemAndAllChildren" />
        <tcccp:Item title="Java%20script" isSysItem="false" isExported="true" blueprintStatus="LocalItem" uri="0-20-65544" extension="tmt" subtype="0" type="MultimediaType" selection="ItemAndAllChildren" />
        <tcccp:Item title="HTML5%20webm" isSysItem="false" isExported="true" blueprintStatus="LocalItem" uri="0-24-65544" extension="tmt" subtype="0" type="MultimediaType" selection="ItemAndAllChildren" />
        <tcccp:Item title="Jpeg%20image" isSysItem="false" isExported="true" blueprintStatus="LocalItem" uri="0-2-65544" extension="tmt" subtype="0" type="MultimediaType" selection="ItemAndAllChildren" />
        <tcccp:Item title="Gif%20image" isSysItem="false" isExported="true" blueprintStatus="LocalItem" uri="0-1-65544" extension="tmt" subtype="0" type="MultimediaType" selection="ItemAndAllChildren" />
        <tcccp:Item title="Mpeg%20video" isSysItem="false" isExported="true" blueprintStatus="LocalItem" uri="0-17-65544" extension="tmt" subtype="0" type="MultimediaType" selection="ItemAndAllChildren" />
        <tcccp:Item title="Flash%20file" isSysItem="false" isExported="true" blueprintStatus="LocalItem" uri="0-18-65544" extension="tmt" subtype="0" type="MultimediaType" selection="ItemAndAllChildren" />
        <tcccp:Item title="Adobe%20Flash%20Video" isSysItem="false" isExported="true" blueprintStatus="LocalItem" uri="0-25-65544" extension="tmt" subtype="0" type="MultimediaType" selection="ItemAndAllChildren" />
        <tcccp:Item title="Less" isSysItem="false" isExported="true" blueprintStatus="LocalItem" uri="0-26-65544" extension="tmt" subtype="0" type="MultimediaType" selection="ItemAndAllChildren" />
        <tcccp:Item title="Configuration%20settings" isSysItem="false" isExported="true" blueprintStatus="LocalItem" uri="0-21-65544" extension="tmt" subtype="0" type="MultimediaType" selection="ItemAndAllChildren" />
        <tcccp:Item title="Cascading%20style%20sheets" isSysItem="false" isExported="true" blueprintStatus="LocalItem" uri="0-19-65544" extension="tmt" subtype="0" type="MultimediaType" selection="ItemAndAllChildren" />
        <tcccp:Item title="Executable" isSysItem="false" isExported="true" blueprintStatus="LocalItem" uri="0-11-65544" extension="tmt" subtype="0" type="MultimediaType" selection="ItemAndAllChildren" />
        <tcccp:Item title="Plain%20text" isSysItem="false" isExported="true" blueprintStatus="LocalItem" uri="0-9-65544" extension="tmt" subtype="0" type="MultimediaType" selection="ItemAndAllChildren" />
        <tcccp:Item title="HTML5%20OGG" isSysItem="false" isExported="true" blueprintStatus="LocalItem" uri="0-27-65544" extension="tmt" subtype="0" type="MultimediaType" selection="ItemAndAllChildren" />
        <tcccp:Item title="Png%20image" isSysItem="false" isExported="true" blueprintStatus="LocalItem" uri="0-3-65544" extension="tmt" subtype="0" type="MultimediaType" selection="ItemAndAllChildren" />
        <tcccp:Item title="Bitmap%20image" isSysItem="false" isExported="true" blueprintStatus="LocalItem" uri="0-13-65544" extension="tmt" subtype="0" type="MultimediaType" selection="ItemAndAllChildren" />
        <tcccp:Item title="Sound%20file" isSysItem="false" isExported="true" blueprintStatus="LocalItem" uri="0-8-65544" extension="tmt" subtype="0" type="MultimediaType" selection="ItemAndAllChildren" />
        <tcccp:Item title="Sass" isSysItem="false" isExported="true" blueprintStatus="LocalItem" uri="0-28-65544" extension="tmt" subtype="0" type="MultimediaType" selection="ItemAndAllChildren" />
      </tcccp:Item>
    </tcccp:Item>
    <tcccp:Item title="Access%20Management" isSysItem="false" isExported="false" blueprintStatus="LocalItem" uri="0-0-0" extension="" subtype="0" type="VirtualItemAccessManagement" selection="ItemAndSelectedChildren">
      <tcccp:Item title="Groups" isSysItem="false" isExported="false" blueprintStatus="LocalItem" uri="0-0-0" extension="" subtype="0" type="VirtualItemGroups" selection="ItemAndSelectedChildren">
        <tcccp:Item title="Editor" isSysItem="false" isExported="true" blueprintStatus="LocalItem" uri="0-7-65568" extension="tgp" subtype="0" type="Group" selection="ItemAndAllChildren" />
        <tcccp:Item title="Interaction%20Manager" isSysItem="false" isExported="true" blueprintStatus="LocalItem" uri="0-10-65568" extension="tgp" subtype="0" type="Group" selection="ItemAndAllChildren" />
        <tcccp:Item title="Author" isSysItem="false" isExported="true" blueprintStatus="LocalItem" uri="0-5-65568" extension="tgp" subtype="0" type="Group" selection="ItemAndAllChildren" />
        <tcccp:Item title="Information%20Designer" isSysItem="false" isExported="true" blueprintStatus="LocalItem" uri="0-4-65568" extension="tgp" subtype="0" type="Group" selection="ItemAndAllChildren" />
        <tcccp:Item title="Everyone" isSysItem="false" isExported="false" blueprintStatus="LocalItem" uri="0-0-0" extension="tgp" subtype="0" type="Group" selection="None" />
        <tcccp:Item title="Publication%20Manager" isSysItem="false" isExported="true" blueprintStatus="LocalItem" uri="0-9-65568" extension="tgp" subtype="0" type="Group" selection="ItemAndAllChildren" />
        <tcccp:Item title="Template%20Designer" isSysItem="false" isExported="true" blueprintStatus="LocalItem" uri="0-6-65568" extension="tgp" subtype="0" type="Group" selection="ItemAndAllChildren" />
        <tcccp:Item title="Chief%20Editor" isSysItem="false" isExported="true" blueprintStatus="LocalItem" uri="0-8-65568" extension="tgp" subtype="0" type="Group" selection="ItemAndAllChildren" />
      </tcccp:Item>
    </tcccp:Item>
    <tcccp:Item title="Workflow%20Management" isSysItem="false" isExported="false" blueprintStatus="LocalItem" uri="0-0-0" extension="" subtype="0" type="VirtualItemWorkflowManagement" selection="ItemAndAllChildren">
      <tcccp:Item title="Approval%20Statuses" isSysItem="false" isExported="false" blueprintStatus="LocalItem" uri="0-0-0" extension="" subtype="0" type="VirtualItemApprovalStatuses" selection="ItemAndAllChildren">
        <tcccp:Item title="Default_Live" isSysItem="false" isExported="true" blueprintStatus="LocalItem" uri="0-3-131073" extension="tas" subtype="0" type="ApprovalStatus" selection="ItemAndAllChildren" />
        <tcccp:Item title="Default_Staging" isSysItem="false" isExported="true" blueprintStatus="LocalItem" uri="0-2-131073" extension="tas" subtype="0" type="ApprovalStatus" selection="ItemAndAllChildren" />
        <tcccp:Item title="Default_Draft" isSysItem="false" isExported="true" blueprintStatus="LocalItem" uri="0-1-131073" extension="tas" subtype="0" type="ApprovalStatus" selection="ItemAndAllChildren" />
      </tcccp:Item>
    </tcccp:Item>
  </tcccp:Item>
  <tcccp:Item title="000%20Empty%20Parent" isSysItem="false" isExported="true" blueprintStatus="LocalItem" uri="0-1-1" extension="" subtype="0" type="Publication" selection="ItemAndAllChildren">
    <tcccp:Item title="Building%20Blocks" isSysItem="false" isExported="true" blueprintStatus="LocalItem" uri="1-1-2" extension="" subtype="0" type="Folder" selection="ItemAndAllChildren">
      <tcccp:Item title="Content" isSysItem="false" isExported="true" blueprintStatus="LocalItem" uri="1-12-2" extension="" subtype="0" type="Folder" selection="ItemAndAllChildren" />
      <tcccp:Item title="Default%20Templates" isSysItem="false" isExported="true" blueprintStatus="LocalItem" uri="1-2-2" extension="" subtype="0" type="Folder" selection="ItemAndAllChildren">
        <tcccp:Item title="Outbound%20E-mail" isSysItem="false" isExported="true" blueprintStatus="LocalItem" uri="1-3-2" extension="" subtype="0" type="Folder" selection="ItemAndAllChildren">
          <tcccp:Item title="Generate%20Plain%20Text%20E-mail" isSysItem="false" isExported="true" blueprintStatus="LocalItem" uri="1-42-2048" extension="tbbcs" subtype="0" type="TemplateBuildingBlock" selection="ItemAndAllChildren" />
          <tcccp:Item title="Generate%20Plain%20Text%20E-mail" isSysItem="false" isExported="true" blueprintStatus="LocalItem" uri="1-41-8" extension="xsd" subtype="6" type="Schema" selection="ItemAndAllChildren" />
          <tcccp:Item title="Outbound%20E-mail%20Post-processing" isSysItem="false" isExported="true" blueprintStatus="LocalItem" uri="1-44-2048" extension="tbbcs" subtype="0" type="TemplateBuildingBlock" selection="ItemAndAllChildren" />
          <tcccp:Item title="Outbound%20E-mail%20Post-processing" isSysItem="false" isExported="true" blueprintStatus="LocalItem" uri="1-43-8" extension="xsd" subtype="6" type="Schema" selection="ItemAndAllChildren" />
          <tcccp:Item title="Outbound%20E-mail%20Pre-processing" isSysItem="false" isExported="true" blueprintStatus="LocalItem" uri="1-46-2048" extension="tbbcs" subtype="0" type="TemplateBuildingBlock" selection="ItemAndAllChildren" />
          <tcccp:Item title="Outbound%20E-mail%20Pre-processing" isSysItem="false" isExported="true" blueprintStatus="LocalItem" uri="1-45-8" extension="xsd" subtype="6" type="Schema" selection="ItemAndAllChildren" />
          <tcccp:Item title="Set%20Output%20Item%20By%20Email%20Mode" isSysItem="false" isExported="true" blueprintStatus="LocalItem" uri="1-47-2048" extension="tbbcs" subtype="0" type="TemplateBuildingBlock" selection="ItemAndAllChildren" />
          <tcccp:Item title="Tridion%2EOutboundEmail%2ETemplating%2ETemplates" isSysItem="false" isExported="true" blueprintStatus="LocalItem" uri="1-40-2048" extension="tbbasm" subtype="0" type="TemplateBuildingBlock" selection="ItemAndAllChildren" />
        </tcccp:Item>
        <tcccp:Item title="SDL%20External%20Content%20Library" isSysItem="false" isExported="true" blueprintStatus="LocalItem" uri="1-4-2" extension="" subtype="0" type="Folder" selection="ItemAndAllChildren">
          <tcccp:Item title="Adjust%20SiteEdit%202009%20markup%20for%20ECL%20items%20V2" isSysItem="false" isExported="true" blueprintStatus="LocalItem" uri="1-54-2048" extension="tbbcs" subtype="0" type="TemplateBuildingBlock" selection="ItemAndAllChildren" />
          <tcccp:Item title="Adjust%20SiteEdit%202009%20markup%20for%20External%20Content%20Library%20items" isSysItem="false" isExported="true" blueprintStatus="LocalItem" uri="1-62-2048" extension="tbbcs" subtype="0" type="TemplateBuildingBlock" selection="ItemAndAllChildren" />
          <tcccp:Item title="Adjust%20SiteEdit%202012%20markup%20for%20External%20Content%20Library%20items" isSysItem="false" isExported="true" blueprintStatus="LocalItem" uri="1-64-2048" extension="tbbcs" subtype="0" type="TemplateBuildingBlock" selection="ItemAndAllChildren" />
          <tcccp:Item title="Adjust%20inline%20editing%20markup%20for%20ECL%20items" isSysItem="false" isExported="true" blueprintStatus="LocalItem" uri="1-55-2048" extension="tbbcs" subtype="0" type="TemplateBuildingBlock" selection="ItemAndAllChildren" />
          <tcccp:Item title="External%20Content%20Library%20templating%20assembly" isSysItem="false" isExported="true" blueprintStatus="LocalItem" uri="1-53-2048" extension="tbbasm" subtype="0" type="TemplateBuildingBlock" selection="ItemAndAllChildren" />
          <tcccp:Item title="Resolve%20ECL%20items%20V2" isSysItem="false" isExported="true" blueprintStatus="LocalItem" uri="1-57-2048" extension="tbbcs" subtype="0" type="TemplateBuildingBlock" selection="ItemAndAllChildren" />
          <tcccp:Item title="Resolve%20ECL%20items%20V2" isSysItem="false" isExported="true" blueprintStatus="LocalItem" uri="1-56-8" extension="xsd" subtype="6" type="Schema" selection="ItemAndAllChildren" />
          <tcccp:Item title="Resolve%20External%20Content%20Library%20items" isSysItem="false" isExported="true" blueprintStatus="LocalItem" uri="1-65-2048" extension="tbbcs" subtype="0" type="TemplateBuildingBlock" selection="ItemAndAllChildren" />
          <tcccp:Item title="Search%20External%20Content%20Library%20items" isSysItem="false" isExported="true" blueprintStatus="LocalItem" uri="1-63-2048" extension="tbbcs" subtype="0" type="TemplateBuildingBlock" selection="ItemAndAllChildren" />
          <tcccp:Item title="Tridion%2EExternalContentLibrary%2ETemplating" isSysItem="false" isExported="true" blueprintStatus="LocalItem" uri="1-61-2048" extension="tbbasm" subtype="0" type="TemplateBuildingBlock" selection="ItemAndAllChildren" />
        </tcccp:Item>
        <tcccp:Item title="Activate%20Tracking" isSysItem="false" isExported="true" blueprintStatus="LocalItem" uri="1-9-2048" extension="tbbcs" subtype="0" type="TemplateBuildingBlock" selection="ItemAndAllChildren" />
        <tcccp:Item title="Cleanup%20Template" isSysItem="false" isExported="true" blueprintStatus="LocalItem" uri="1-10-2048" extension="tbbcs" subtype="0" type="TemplateBuildingBlock" selection="ItemAndAllChildren" />
        <tcccp:Item title="Component%20Query" isSysItem="false" isExported="true" blueprintStatus="LocalItem" uri="1-12-2048" extension="tbbcs" subtype="0" type="TemplateBuildingBlock" selection="ItemAndAllChildren" />
        <tcccp:Item title="Component%20Query" isSysItem="false" isExported="true" blueprintStatus="LocalItem" uri="1-11-8" extension="xsd" subtype="6" type="Schema" selection="ItemAndAllChildren" />
        <tcccp:Item title="Convert%20Html%20to%20Xml" isSysItem="false" isExported="true" blueprintStatus="LocalItem" uri="1-14-2048" extension="tbbcs" subtype="0" type="TemplateBuildingBlock" selection="ItemAndAllChildren" />
        <tcccp:Item title="Convert%20Html%20to%20Xml" isSysItem="false" isExported="true" blueprintStatus="LocalItem" uri="1-13-8" extension="xsd" subtype="6" type="Schema" selection="ItemAndAllChildren" />
        <tcccp:Item title="Convert%20Xml%20to%20Html" isSysItem="false" isExported="true" blueprintStatus="LocalItem" uri="1-16-2048" extension="tbbcs" subtype="0" type="TemplateBuildingBlock" selection="ItemAndAllChildren" />
        <tcccp:Item title="Convert%20Xml%20to%20Html" isSysItem="false" isExported="true" blueprintStatus="LocalItem" uri="1-15-8" extension="xsd" subtype="6" type="Schema" selection="ItemAndAllChildren" />
        <tcccp:Item title="Default%20Component%20Template%20for%20UGC" isSysItem="false" isExported="true" blueprintStatus="LocalItem" uri="1-51-32" extension="tctcmp" subtype="0" type="ComponentTemplate" selection="ItemAndAllChildren" />
        <tcccp:Item title="Default%20Component%20Template" isSysItem="false" isExported="true" blueprintStatus="LocalItem" uri="1-34-32" extension="tctcmp" subtype="0" type="ComponentTemplate" selection="ItemAndAllChildren" />
        <tcccp:Item title="Default%20Dreamweaver%20Component%20Design" isSysItem="false" isExported="true" blueprintStatus="LocalItem" uri="1-28-2048" extension="dwt" subtype="0" type="TemplateBuildingBlock" selection="ItemAndAllChildren" />
        <tcccp:Item title="Default%20Dreamweaver%20Page%20Design" isSysItem="false" isExported="true" blueprintStatus="LocalItem" uri="1-29-2048" extension="dwt" subtype="0" type="TemplateBuildingBlock" selection="ItemAndAllChildren" />
        <tcccp:Item title="Default%20Finish%20Actions" isSysItem="false" isExported="true" blueprintStatus="LocalItem" uri="1-32-2048" extension="tbbcmp" subtype="0" type="TemplateBuildingBlock" selection="ItemAndAllChildren" />
        <tcccp:Item title="Default%20Finish%20Actions" isSysItem="false" isExported="true" blueprintStatus="LocalItem" uri="1-31-8" extension="xsd" subtype="6" type="Schema" selection="ItemAndAllChildren" />
        <tcccp:Item title="Default%20Page%20Template%20for%20UGC" isSysItem="false" isExported="true" blueprintStatus="LocalItem" uri="1-52-128" extension="tptcmp" subtype="0" type="PageTemplate" selection="ItemAndAllChildren" />
        <tcccp:Item title="Default%20Page%20Template" isSysItem="false" isExported="true" blueprintStatus="LocalItem" uri="1-33-128" extension="tptcmp" subtype="0" type="PageTemplate" selection="ItemAndAllChildren" />
        <tcccp:Item title="Default%20UGC%20Dreamweaver%20Template%20design" isSysItem="false" isExported="true" blueprintStatus="LocalItem" uri="1-50-2048" extension="dwt" subtype="0" type="TemplateBuildingBlock" selection="ItemAndAllChildren" />
        <tcccp:Item title="Dreamweaver%20Region%20Selection" isSysItem="false" isExported="true" blueprintStatus="LocalItem" uri="1-27-8" extension="xsd" subtype="6" type="Schema" selection="ItemAndAllChildren" />
        <tcccp:Item title="Enable%20User%20Generated%20Content%20Processing" isSysItem="false" isExported="true" blueprintStatus="LocalItem" uri="1-49-2048" extension="tbbcs" subtype="0" type="TemplateBuildingBlock" selection="ItemAndAllChildren" />
        <tcccp:Item title="Enable%20inline%20editing%20for%20Page" isSysItem="false" isExported="true" blueprintStatus="LocalItem" uri="1-39-2048" extension="tbbcs" subtype="0" type="TemplateBuildingBlock" selection="ItemAndAllChildren" />
        <tcccp:Item title="Enable%20inline%20editing%20for%20Page" isSysItem="false" isExported="true" blueprintStatus="LocalItem" uri="1-38-8" extension="xsd" subtype="6" type="Schema" selection="ItemAndAllChildren" />
        <tcccp:Item title="Enable%20inline%20editing%20for%20content" isSysItem="false" isExported="true" blueprintStatus="LocalItem" uri="1-37-2048" extension="tbbcs" subtype="0" type="TemplateBuildingBlock" selection="ItemAndAllChildren" />
        <tcccp:Item title="Enable%20inline%20editing%20for%20content" isSysItem="false" isExported="true" blueprintStatus="LocalItem" uri="1-36-8" extension="xsd" subtype="6" type="Schema" selection="ItemAndAllChildren" />
        <tcccp:Item title="Extract%20Binaries%20from%20Html" isSysItem="false" isExported="true" blueprintStatus="LocalItem" uri="1-18-2048" extension="tbbcs" subtype="0" type="TemplateBuildingBlock" selection="ItemAndAllChildren" />
        <tcccp:Item title="Extract%20Binaries%20from%20Html" isSysItem="false" isExported="true" blueprintStatus="LocalItem" uri="1-17-8" extension="xsd" subtype="6" type="Schema" selection="ItemAndAllChildren" />
        <tcccp:Item title="Extract%20Components%20from%20Page" isSysItem="false" isExported="true" blueprintStatus="LocalItem" uri="1-19-2048" extension="tbbcs" subtype="0" type="TemplateBuildingBlock" selection="ItemAndAllChildren" />
        <tcccp:Item title="Image%20Resizer" isSysItem="false" isExported="true" blueprintStatus="LocalItem" uri="1-21-2048" extension="tbbcs" subtype="0" type="TemplateBuildingBlock" selection="ItemAndAllChildren" />
        <tcccp:Item title="Image%20Resizer" isSysItem="false" isExported="true" blueprintStatus="LocalItem" uri="1-20-8" extension="xsd" subtype="6" type="Schema" selection="ItemAndAllChildren" />
        <tcccp:Item title="Link%20Resolver" isSysItem="false" isExported="true" blueprintStatus="LocalItem" uri="1-23-2048" extension="tbbcs" subtype="0" type="TemplateBuildingBlock" selection="ItemAndAllChildren" />
        <tcccp:Item title="Link%20Resolver" isSysItem="false" isExported="true" blueprintStatus="LocalItem" uri="1-22-8" extension="xsd" subtype="6" type="Schema" selection="ItemAndAllChildren" />
        <tcccp:Item title="Publish%20Binaries%20in%20Package" isSysItem="false" isExported="true" blueprintStatus="LocalItem" uri="1-25-2048" extension="tbbcs" subtype="0" type="TemplateBuildingBlock" selection="ItemAndAllChildren" />
        <tcccp:Item title="Publish%20Binaries%20in%20Package" isSysItem="false" isExported="true" blueprintStatus="LocalItem" uri="1-24-8" extension="xsd" subtype="6" type="Schema" selection="ItemAndAllChildren" />
        <tcccp:Item title="Sample%20XSLT%20Component%20Design" isSysItem="false" isExported="true" blueprintStatus="LocalItem" uri="1-30-2048" extension="xslt" subtype="0" type="TemplateBuildingBlock" selection="ItemAndAllChildren" />
        <tcccp:Item title="Target%20Group%20Personalization" isSysItem="false" isExported="true" blueprintStatus="LocalItem" uri="1-26-2048" extension="tbbcs" subtype="0" type="TemplateBuildingBlock" selection="ItemAndAllChildren" />
        <tcccp:Item title="Tridion%2EExtensions%2EContextExpressions%2ETemplates" isSysItem="false" isExported="true" blueprintStatus="LocalItem" uri="1-58-2048" extension="tbbasm" subtype="0" type="TemplateBuildingBlock" selection="ItemAndAllChildren" />
        <tcccp:Item title="Tridion%2ESiteEdit%2ETemplating" isSysItem="false" isExported="true" blueprintStatus="LocalItem" uri="1-35-2048" extension="tbbasm" subtype="0" type="TemplateBuildingBlock" selection="ItemAndAllChildren" />
        <tcccp:Item title="Tridion%2EUgc%2ETemplating%2EDefaultTemplates" isSysItem="false" isExported="true" blueprintStatus="LocalItem" uri="1-48-2048" extension="tbbasm" subtype="0" type="TemplateBuildingBlock" selection="ItemAndAllChildren" />
      </tcccp:Item>
      <tcccp:Item title="System" isSysItem="false" isExported="true" blueprintStatus="LocalItem" uri="1-6-2" extension="" subtype="0" type="Folder" selection="ItemAndAllChildren">
        <tcccp:Item title="Schemas" isSysItem="false" isExported="true" blueprintStatus="LocalItem" uri="1-7-2" extension="" subtype="0" type="Folder" selection="ItemAndAllChildren">
          <tcccp:Item title="Content" isSysItem="false" isExported="true" blueprintStatus="LocalItem" uri="1-10-2" extension="" subtype="0" type="Folder" selection="ItemAndAllChildren" />
          <tcccp:Item title="Embeddable%20Schemas" isSysItem="false" isExported="true" blueprintStatus="LocalItem" uri="1-13-2" extension="" subtype="0" type="Folder" selection="ItemAndAllChildren" />
          <tcccp:Item title="Metadata%20Schemas" isSysItem="false" isExported="true" blueprintStatus="LocalItem" uri="1-11-2" extension="" subtype="0" type="Folder" selection="ItemAndAllChildren" />
          <tcccp:Item title="Multimedia%20Schemas" isSysItem="false" isExported="true" blueprintStatus="LocalItem" uri="1-8-2" extension="" subtype="0" type="Folder" selection="ItemAndAllChildren">
            <tcccp:Item title="Default%20Multimedia%20Schema" isSysItem="false" isExported="true" blueprintStatus="LocalItem" uri="1-59-8" extension="xsd" subtype="1" type="Schema" selection="ItemAndAllChildren" />
          </tcccp:Item>
          <tcccp:Item title="Parameter%20Schemas" isSysItem="false" isExported="true" blueprintStatus="LocalItem" uri="1-14-2" extension="" subtype="0" type="Folder" selection="ItemAndAllChildren" />
          <tcccp:Item title="System%20Schemas" isSysItem="false" isExported="true" blueprintStatus="LocalItem" uri="1-9-2" extension="" subtype="0" type="Folder" selection="ItemAndAllChildren" />
        </tcccp:Item>
      </tcccp:Item>
      <tcccp:Item title="Default%20Multimedia%20Schema" isSysItem="false" isExported="true" blueprintStatus="LocalItem" uri="1-8-8" extension="xsd" subtype="1" type="Schema" selection="ItemAndAllChildren" />
    </tcccp:Item>
    <tcccp:Item title="Root" isSysItem="false" isExported="true" blueprintStatus="LocalItem" uri="1-5-4" extension="" subtype="0" type="StructureGroup" selection="ItemAndAllChildren" />
    <tcccp:Item title="Workflow" isSysItem="false" isExported="false" blueprintStatus="LocalItem" uri="0-0-0" extension="" subtype="0" type="VirtualItemWorkflow" selection="ItemAndAllChildren">
      <tcccp:Item title="Task%20Process" isSysItem="false" isExported="true" blueprintStatus="LocalItem" uri="1-1-131074" extension="tpd" subtype="0" type="ProcessDefinition" selection="ItemAndAllChildren" />
    </tcccp:Item>
  </tcccp:Item>
  <tcccp:Item title="010%20Schemas%20and%20Categories" isSysItem="false" isExported="true" blueprintStatus="LocalItem" uri="0-2-1" extension="" subtype="0" type="Publication" selection="ItemAndAllChildren">
    <tcccp:Item title="Building%20Blocks" isSysItem="false" isExported="true" blueprintStatus="SharedItem" uri="2-1-2" extension="" subtype="0" type="Folder" selection="ItemAndAllChildren">
      <tcccp:Item title="Content" isSysItem="false" isExported="true" blueprintStatus="SharedItem" uri="2-12-2" extension="" subtype="0" type="Folder" selection="ItemAndAllChildren" />
      <tcccp:Item title="Default%20Templates" isSysItem="false" isExported="true" blueprintStatus="SharedItem" uri="2-2-2" extension="" subtype="0" type="Folder" selection="ItemAndAllChildren">
        <tcccp:Item title="Outbound%20E-mail" isSysItem="false" isExported="true" blueprintStatus="SharedItem" uri="2-3-2" extension="" subtype="0" type="Folder" selection="ItemAndAllChildren">
          <tcccp:Item title="Generate%20Plain%20Text%20E-mail" isSysItem="false" isExported="true" blueprintStatus="SharedItem" uri="2-42-2048" extension="tbbcs" subtype="0" type="TemplateBuildingBlock" selection="ItemAndAllChildren" />
          <tcccp:Item title="Generate%20Plain%20Text%20E-mail" isSysItem="false" isExported="true" blueprintStatus="SharedItem" uri="2-41-8" extension="xsd" subtype="6" type="Schema" selection="ItemAndAllChildren" />
          <tcccp:Item title="Outbound%20E-mail%20Post-processing" isSysItem="false" isExported="true" blueprintStatus="SharedItem" uri="2-44-2048" extension="tbbcs" subtype="0" type="TemplateBuildingBlock" selection="ItemAndAllChildren" />
          <tcccp:Item title="Outbound%20E-mail%20Post-processing" isSysItem="false" isExported="true" blueprintStatus="SharedItem" uri="2-43-8" extension="xsd" subtype="6" type="Schema" selection="ItemAndAllChildren" />
          <tcccp:Item title="Outbound%20E-mail%20Pre-processing" isSysItem="false" isExported="true" blueprintStatus="SharedItem" uri="2-46-2048" extension="tbbcs" subtype="0" type="TemplateBuildingBlock" selection="ItemAndAllChildren" />
          <tcccp:Item title="Outbound%20E-mail%20Pre-processing" isSysItem="false" isExported="true" blueprintStatus="SharedItem" uri="2-45-8" extension="xsd" subtype="6" type="Schema" selection="ItemAndAllChildren" />
          <tcccp:Item title="Set%20Output%20Item%20By%20Email%20Mode" isSysItem="false" isExported="true" blueprintStatus="SharedItem" uri="2-47-2048" extension="tbbcs" subtype="0" type="TemplateBuildingBlock" selection="ItemAndAllChildren" />
          <tcccp:Item title="Tridion%2EOutboundEmail%2ETemplating%2ETemplates" isSysItem="false" isExported="true" blueprintStatus="SharedItem" uri="2-40-2048" extension="tbbasm" subtype="0" type="TemplateBuildingBlock" selection="ItemAndAllChildren" />
        </tcccp:Item>
        <tcccp:Item title="SDL%20External%20Content%20Library" isSysItem="false" isExported="true" blueprintStatus="SharedItem" uri="2-4-2" extension="" subtype="0" type="Folder" selection="ItemAndAllChildren">
          <tcccp:Item title="Adjust%20SiteEdit%202009%20markup%20for%20ECL%20items%20V2" isSysItem="false" isExported="true" blueprintStatus="SharedItem" uri="2-54-2048" extension="tbbcs" subtype="0" type="TemplateBuildingBlock" selection="ItemAndAllChildren" />
          <tcccp:Item title="Adjust%20SiteEdit%202009%20markup%20for%20External%20Content%20Library%20items" isSysItem="false" isExported="true" blueprintStatus="SharedItem" uri="2-62-2048" extension="tbbcs" subtype="0" type="TemplateBuildingBlock" selection="ItemAndAllChildren" />
          <tcccp:Item title="Adjust%20SiteEdit%202012%20markup%20for%20External%20Content%20Library%20items" isSysItem="false" isExported="true" blueprintStatus="SharedItem" uri="2-64-2048" extension="tbbcs" subtype="0" type="TemplateBuildingBlock" selection="ItemAndAllChildren" />
          <tcccp:Item title="Adjust%20inline%20editing%20markup%20for%20ECL%20items" isSysItem="false" isExported="true" blueprintStatus="SharedItem" uri="2-55-2048" extension="tbbcs" subtype="0" type="TemplateBuildingBlock" selection="ItemAndAllChildren" />
          <tcccp:Item title="External%20Content%20Library%20templating%20assembly" isSysItem="false" isExported="true" blueprintStatus="SharedItem" uri="2-53-2048" extension="tbbasm" subtype="0" type="TemplateBuildingBlock" selection="ItemAndAllChildren" />
          <tcccp:Item title="Resolve%20ECL%20items%20V2" isSysItem="false" isExported="true" blueprintStatus="SharedItem" uri="2-57-2048" extension="tbbcs" subtype="0" type="TemplateBuildingBlock" selection="ItemAndAllChildren" />
          <tcccp:Item title="Resolve%20ECL%20items%20V2" isSysItem="false" isExported="true" blueprintStatus="SharedItem" uri="2-56-8" extension="xsd" subtype="6" type="Schema" selection="ItemAndAllChildren" />
          <tcccp:Item title="Resolve%20External%20Content%20Library%20items" isSysItem="false" isExported="true" blueprintStatus="SharedItem" uri="2-65-2048" extension="tbbcs" subtype="0" type="TemplateBuildingBlock" selection="ItemAndAllChildren" />
          <tcccp:Item title="Search%20External%20Content%20Library%20items" isSysItem="false" isExported="true" blueprintStatus="SharedItem" uri="2-63-2048" extension="tbbcs" subtype="0" type="TemplateBuildingBlock" selection="ItemAndAllChildren" />
          <tcccp:Item title="Tridion%2EExternalContentLibrary%2ETemplating" isSysItem="false" isExported="true" blueprintStatus="SharedItem" uri="2-61-2048" extension="tbbasm" subtype="0" type="TemplateBuildingBlock" selection="ItemAndAllChildren" />
        </tcccp:Item>
        <tcccp:Item title="Activate%20Tracking" isSysItem="false" isExported="true" blueprintStatus="SharedItem" uri="2-9-2048" extension="tbbcs" subtype="0" type="TemplateBuildingBlock" selection="ItemAndAllChildren" />
        <tcccp:Item title="Cleanup%20Template" isSysItem="false" isExported="true" blueprintStatus="SharedItem" uri="2-10-2048" extension="tbbcs" subtype="0" type="TemplateBuildingBlock" selection="ItemAndAllChildren" />
        <tcccp:Item title="Component%20Query" isSysItem="false" isExported="true" blueprintStatus="SharedItem" uri="2-12-2048" extension="tbbcs" subtype="0" type="TemplateBuildingBlock" selection="ItemAndAllChildren" />
        <tcccp:Item title="Component%20Query" isSysItem="false" isExported="true" blueprintStatus="SharedItem" uri="2-11-8" extension="xsd" subtype="6" type="Schema" selection="ItemAndAllChildren" />
        <tcccp:Item title="Convert%20Html%20to%20Xml" isSysItem="false" isExported="true" blueprintStatus="SharedItem" uri="2-14-2048" extension="tbbcs" subtype="0" type="TemplateBuildingBlock" selection="ItemAndAllChildren" />
        <tcccp:Item title="Convert%20Html%20to%20Xml" isSysItem="false" isExported="true" blueprintStatus="SharedItem" uri="2-13-8" extension="xsd" subtype="6" type="Schema" selection="ItemAndAllChildren" />
        <tcccp:Item title="Convert%20Xml%20to%20Html" isSysItem="false" isExported="true" blueprintStatus="SharedItem" uri="2-16-2048" extension="tbbcs" subtype="0" type="TemplateBuildingBlock" selection="ItemAndAllChildren" />
        <tcccp:Item title="Convert%20Xml%20to%20Html" isSysItem="false" isExported="true" blueprintStatus="SharedItem" uri="2-15-8" extension="xsd" subtype="6" type="Schema" selection="ItemAndAllChildren" />
        <tcccp:Item title="Default%20Component%20Template%20for%20UGC" isSysItem="false" isExported="true" blueprintStatus="SharedItem" uri="2-51-32" extension="tctcmp" subtype="0" type="ComponentTemplate" selection="ItemAndAllChildren" />
        <tcccp:Item title="Default%20Component%20Template" isSysItem="false" isExported="true" blueprintStatus="SharedItem" uri="2-34-32" extension="tctcmp" subtype="0" type="ComponentTemplate" selection="ItemAndAllChildren" />
        <tcccp:Item title="Default%20Dreamweaver%20Component%20Design" isSysItem="false" isExported="true" blueprintStatus="SharedItem" uri="2-28-2048" extension="dwt" subtype="0" type="TemplateBuildingBlock" selection="ItemAndAllChildren" />
        <tcccp:Item title="Default%20Dreamweaver%20Page%20Design" isSysItem="false" isExported="true" blueprintStatus="SharedItem" uri="2-29-2048" extension="dwt" subtype="0" type="TemplateBuildingBlock" selection="ItemAndAllChildren" />
        <tcccp:Item title="Default%20Finish%20Actions" isSysItem="false" isExported="true" blueprintStatus="SharedItem" uri="2-32-2048" extension="tbbcmp" subtype="0" type="TemplateBuildingBlock" selection="ItemAndAllChildren" />
        <tcccp:Item title="Default%20Finish%20Actions" isSysItem="false" isExported="true" blueprintStatus="SharedItem" uri="2-31-8" extension="xsd" subtype="6" type="Schema" selection="ItemAndAllChildren" />
        <tcccp:Item title="Default%20Page%20Template%20for%20UGC" isSysItem="false" isExported="true" blueprintStatus="SharedItem" uri="2-52-128" extension="tptcmp" subtype="0" type="PageTemplate" selection="ItemAndAllChildren" />
        <tcccp:Item title="Default%20Page%20Template" isSysItem="false" isExported="true" blueprintStatus="SharedItem" uri="2-33-128" extension="tptcmp" subtype="0" type="PageTemplate" selection="ItemAndAllChildren" />
        <tcccp:Item title="Default%20UGC%20Dreamweaver%20Template%20design" isSysItem="false" isExported="true" blueprintStatus="SharedItem" uri="2-50-2048" extension="dwt" subtype="0" type="TemplateBuildingBlock" selection="ItemAndAllChildren" />
        <tcccp:Item title="Dreamweaver%20Region%20Selection" isSysItem="false" isExported="true" blueprintStatus="SharedItem" uri="2-27-8" extension="xsd" subtype="6" type="Schema" selection="ItemAndAllChildren" />
        <tcccp:Item title="Enable%20User%20Generated%20Content%20Processing" isSysItem="false" isExported="true" blueprintStatus="SharedItem" uri="2-49-2048" extension="tbbcs" subtype="0" type="TemplateBuildingBlock" selection="ItemAndAllChildren" />
        <tcccp:Item title="Enable%20inline%20editing%20for%20Page" isSysItem="false" isExported="true" blueprintStatus="SharedItem" uri="2-39-2048" extension="tbbcs" subtype="0" type="TemplateBuildingBlock" selection="ItemAndAllChildren" />
        <tcccp:Item title="Enable%20inline%20editing%20for%20Page" isSysItem="false" isExported="true" blueprintStatus="SharedItem" uri="2-38-8" extension="xsd" subtype="6" type="Schema" selection="ItemAndAllChildren" />
        <tcccp:Item title="Enable%20inline%20editing%20for%20content" isSysItem="false" isExported="true" blueprintStatus="SharedItem" uri="2-37-2048" extension="tbbcs" subtype="0" type="TemplateBuildingBlock" selection="ItemAndAllChildren" />
        <tcccp:Item title="Enable%20inline%20editing%20for%20content" isSysItem="false" isExported="true" blueprintStatus="SharedItem" uri="2-36-8" extension="xsd" subtype="6" type="Schema" selection="ItemAndAllChildren" />
        <tcccp:Item title="Extract%20Binaries%20from%20Html" isSysItem="false" isExported="true" blueprintStatus="SharedItem" uri="2-18-2048" extension="tbbcs" subtype="0" type="TemplateBuildingBlock" selection="ItemAndAllChildren" />
        <tcccp:Item title="Extract%20Binaries%20from%20Html" isSysItem="false" isExported="true" blueprintStatus="SharedItem" uri="2-17-8" extension="xsd" subtype="6" type="Schema" selection="ItemAndAllChildren" />
        <tcccp:Item title="Extract%20Components%20from%20Page" isSysItem="false" isExported="true" blueprintStatus="SharedItem" uri="2-19-2048" extension="tbbcs" subtype="0" type="TemplateBuildingBlock" selection="ItemAndAllChildren" />
        <tcccp:Item title="Image%20Resizer" isSysItem="false" isExported="true" blueprintStatus="SharedItem" uri="2-21-2048" extension="tbbcs" subtype="0" type="TemplateBuildingBlock" selection="ItemAndAllChildren" />
        <tcccp:Item title="Image%20Resizer" isSysItem="false" isExported="true" blueprintStatus="SharedItem" uri="2-20-8" extension="xsd" subtype="6" type="Schema" selection="ItemAndAllChildren" />
        <tcccp:Item title="Link%20Resolver" isSysItem="false" isExported="true" blueprintStatus="SharedItem" uri="2-23-2048" extension="tbbcs" subtype="0" type="TemplateBuildingBlock" selection="ItemAndAllChildren" />
        <tcccp:Item title="Link%20Resolver" isSysItem="false" isExported="true" blueprintStatus="SharedItem" uri="2-22-8" extension="xsd" subtype="6" type="Schema" selection="ItemAndAllChildren" />
        <tcccp:Item title="Publish%20Binaries%20in%20Package" isSysItem="false" isExported="true" blueprintStatus="SharedItem" uri="2-25-2048" extension="tbbcs" subtype="0" type="TemplateBuildingBlock" selection="ItemAndAllChildren" />
        <tcccp:Item title="Publish%20Binaries%20in%20Package" isSysItem="false" isExported="true" blueprintStatus="SharedItem" uri="2-24-8" extension="xsd" subtype="6" type="Schema" selection="ItemAndAllChildren" />
        <tcccp:Item title="Sample%20XSLT%20Component%20Design" isSysItem="false" isExported="true" blueprintStatus="SharedItem" uri="2-30-2048" extension="xslt" subtype="0" type="TemplateBuildingBlock" selection="ItemAndAllChildren" />
        <tcccp:Item title="Target%20Group%20Personalization" isSysItem="false" isExported="true" blueprintStatus="SharedItem" uri="2-26-2048" extension="tbbcs" subtype="0" type="TemplateBuildingBlock" selection="ItemAndAllChildren" />
        <tcccp:Item title="Tridion%2EExtensions%2EContextExpressions%2ETemplates" isSysItem="false" isExported="true" blueprintStatus="SharedItem" uri="2-58-2048" extension="tbbasm" subtype="0" type="TemplateBuildingBlock" selection="ItemAndAllChildren" />
        <tcccp:Item title="Tridion%2ESiteEdit%2ETemplating" isSysItem="false" isExported="true" blueprintStatus="SharedItem" uri="2-35-2048" extension="tbbasm" subtype="0" type="TemplateBuildingBlock" selection="ItemAndAllChildren" />
        <tcccp:Item title="Tridion%2EUgc%2ETemplating%2EDefaultTemplates" isSysItem="false" isExported="true" blueprintStatus="SharedItem" uri="2-48-2048" extension="tbbasm" subtype="0" type="TemplateBuildingBlock" selection="ItemAndAllChildren" />
      </tcccp:Item>
      <tcccp:Item title="System" isSysItem="false" isExported="true" blueprintStatus="SharedItem" uri="2-6-2" extension="" subtype="0" type="Folder" selection="ItemAndAllChildren">
        <tcccp:Item title="Component%20Templates" isSysItem="false" isExported="true" blueprintStatus="LocalItem" uri="2-27-2" extension="" subtype="0" type="Folder" selection="ItemAndAllChildren" />
        <tcccp:Item title="Page%20Templates" isSysItem="false" isExported="true" blueprintStatus="LocalItem" uri="2-26-2" extension="" subtype="0" type="Folder" selection="ItemAndAllChildren" />
        <tcccp:Item title="Schemas" isSysItem="false" isExported="true" blueprintStatus="SharedItem" uri="2-7-2" extension="" subtype="0" type="Folder" selection="ItemAndAllChildren">
          <tcccp:Item title="Bundle%20Schemas" isSysItem="false" isExported="true" blueprintStatus="LocalItem" uri="2-1040-2" extension="" subtype="0" type="Folder" selection="ItemAndAllChildren">
            <tcccp:Item title="Legal%20Bundle" isSysItem="false" isExported="true" blueprintStatus="LocalItem" uri="2-2147-8" extension="xsd" subtype="7" type="Schema" selection="ItemAndAllChildren" />
          </tcccp:Item>
          <tcccp:Item title="Content" isSysItem="false" isExported="true" blueprintStatus="SharedItem" uri="2-10-2" extension="" subtype="0" type="Folder" selection="ItemAndAllChildren">
            <tcccp:Item title="Generic%20Article" isSysItem="false" isExported="true" blueprintStatus="LocalItem" uri="2-92-8" extension="xsd" subtype="0" type="Schema" selection="ItemAndAllChildren" />
            <tcccp:Item title="Generic%20Button%20Field" isSysItem="false" isExported="true" blueprintStatus="LocalItem" uri="2-2185-8" extension="xsd" subtype="0" type="Schema" selection="ItemAndAllChildren" />
            <tcccp:Item title="Generic%20Call%20to%20Action" isSysItem="false" isExported="true" blueprintStatus="LocalItem" uri="2-2169-8" extension="xsd" subtype="0" type="Schema" selection="ItemAndAllChildren" />
            <tcccp:Item title="Generic%20Content" isSysItem="false" isExported="true" blueprintStatus="LocalItem" uri="2-93-8" extension="xsd" subtype="0" type="Schema" selection="ItemAndAllChildren" />
            <tcccp:Item title="Generic%20External%20Link" isSysItem="false" isExported="true" blueprintStatus="LocalItem" uri="2-2168-8" extension="xsd" subtype="0" type="Schema" selection="ItemAndAllChildren" />
            <tcccp:Item title="Generic%20Form" isSysItem="false" isExported="true" blueprintStatus="LocalItem" uri="2-2179-8" extension="xsd" subtype="0" type="Schema" selection="ItemAndAllChildren" />
            <tcccp:Item title="Generic%20Image%20List" isSysItem="false" isExported="true" blueprintStatus="LocalItem" uri="2-2167-8" extension="xsd" subtype="0" type="Schema" selection="ItemAndAllChildren" />
            <tcccp:Item title="Generic%20Image" isSysItem="false" isExported="true" blueprintStatus="LocalItem" uri="2-102-8" extension="xsd" subtype="0" type="Schema" selection="ItemAndAllChildren" />
            <tcccp:Item title="Generic%20Input%20Field" isSysItem="false" isExported="true" blueprintStatus="LocalItem" uri="2-2175-8" extension="xsd" subtype="0" type="Schema" selection="ItemAndAllChildren" />
            <tcccp:Item title="Generic%20Link%20List" isSysItem="false" isExported="true" blueprintStatus="LocalItem" uri="2-2170-8" extension="xsd" subtype="0" type="Schema" selection="ItemAndAllChildren" />
            <tcccp:Item title="Generic%20Select%20Box%20Field" isSysItem="false" isExported="true" blueprintStatus="LocalItem" uri="2-2177-8" extension="xsd" subtype="0" type="Schema" selection="ItemAndAllChildren" />
            <tcccp:Item title="Generic%20Textarea%20Field" isSysItem="false" isExported="true" blueprintStatus="LocalItem" uri="2-2176-8" extension="xsd" subtype="0" type="Schema" selection="ItemAndAllChildren" />
            <tcccp:Item title="Generic%20Video%20List" isSysItem="false" isExported="true" blueprintStatus="LocalItem" uri="2-78-8" extension="xsd" subtype="0" type="Schema" selection="ItemAndAllChildren" />
            <tcccp:Item title="Generic%20Video" isSysItem="false" isExported="true" blueprintStatus="LocalItem" uri="2-77-8" extension="xsd" subtype="0" type="Schema" selection="ItemAndAllChildren" />
          </tcccp:Item>
          <tcccp:Item title="Embeddable%20Schemas" isSysItem="false" isExported="true" blueprintStatus="SharedItem" uri="2-13-2" extension="" subtype="0" type="Folder" selection="ItemAndAllChildren">
            <tcccp:Item title="Assets" isSysItem="false" isExported="true" blueprintStatus="LocalItem" uri="2-2155-8" extension="xsd" subtype="2" type="Schema" selection="ItemAndAllChildren" />
            <tcccp:Item title="Code" isSysItem="false" isExported="true" blueprintStatus="LocalItem" uri="2-2160-8" extension="xsd" subtype="2" type="Schema" selection="ItemAndAllChildren" />
            <tcccp:Item title="Document%20Attributes" isSysItem="false" isExported="true" blueprintStatus="LocalItem" uri="2-2162-8" extension="xsd" subtype="2" type="Schema" selection="ItemAndAllChildren" />
            <tcccp:Item title="Form%20Field%20Attributes" isSysItem="false" isExported="true" blueprintStatus="LocalItem" uri="2-2171-8" extension="xsd" subtype="2" type="Schema" selection="ItemAndAllChildren" />
            <tcccp:Item title="Form%20Fieldset" isSysItem="false" isExported="true" blueprintStatus="LocalItem" uri="2-2178-8" extension="xsd" subtype="2" type="Schema" selection="ItemAndAllChildren" />
            <tcccp:Item title="Header" isSysItem="false" isExported="true" blueprintStatus="LocalItem" uri="2-74-8" extension="xsd" subtype="2" type="Schema" selection="ItemAndAllChildren" />
            <tcccp:Item title="Image%20Attributes" isSysItem="false" isExported="true" blueprintStatus="LocalItem" uri="2-75-8" extension="xsd" subtype="2" type="Schema" selection="ItemAndAllChildren" />
            <tcccp:Item title="Image" isSysItem="false" isExported="true" blueprintStatus="LocalItem" uri="2-91-8" extension="xsd" subtype="2" type="Schema" selection="ItemAndAllChildren" />
            <tcccp:Item title="Key%20Value%20Pair%20-%20Plain%20Text" isSysItem="false" isExported="true" blueprintStatus="LocalItem" uri="2-79-8" extension="xsd" subtype="2" type="Schema" selection="ItemAndAllChildren" />
            <tcccp:Item title="Key%20Value%20Pair%20-%20Rich%20Text" isSysItem="false" isExported="true" blueprintStatus="LocalItem" uri="2-70-8" extension="xsd" subtype="2" type="Schema" selection="ItemAndAllChildren" />
            <tcccp:Item title="Legal" isSysItem="false" isExported="true" blueprintStatus="LocalItem" uri="2-73-8" extension="xsd" subtype="2" type="Schema" selection="ItemAndAllChildren" />
            <tcccp:Item title="Link%20List" isSysItem="false" isExported="true" blueprintStatus="LocalItem" uri="2-2159-8" extension="xsd" subtype="2" type="Schema" selection="ItemAndAllChildren" />
            <tcccp:Item title="Link" isSysItem="false" isExported="true" blueprintStatus="LocalItem" uri="2-2120-8" extension="xsd" subtype="2" type="Schema" selection="ItemAndAllChildren" />
            <tcccp:Item title="Navigation" isSysItem="false" isExported="true" blueprintStatus="LocalItem" uri="2-2156-8" extension="xsd" subtype="2" type="Schema" selection="ItemAndAllChildren" />
            <tcccp:Item title="Paragraph" isSysItem="false" isExported="true" blueprintStatus="LocalItem" uri="2-67-8" extension="xsd" subtype="2" type="Schema" selection="ItemAndAllChildren" />
            <tcccp:Item title="Video%20Attributes" isSysItem="false" isExported="true" blueprintStatus="LocalItem" uri="2-66-8" extension="xsd" subtype="2" type="Schema" selection="ItemAndAllChildren" />
          </tcccp:Item>
          <tcccp:Item title="Metadata%20Schemas" isSysItem="false" isExported="true" blueprintStatus="SharedItem" uri="2-11-2" extension="" subtype="0" type="Folder" selection="ItemAndAllChildren">
            <tcccp:Item title="Code%20Metadata" isSysItem="false" isExported="true" blueprintStatus="LocalItem" uri="2-106-8" extension="xsd" subtype="3" type="Schema" selection="ItemAndAllChildren" />
            <tcccp:Item title="DD4T%20Metadata%20Schema" isSysItem="false" isExported="true" blueprintStatus="LocalItem" uri="2-113-8" extension="xsd" subtype="3" type="Schema" selection="ItemAndAllChildren" />
            <tcccp:Item title="Page%20Metadata" isSysItem="false" isExported="true" blueprintStatus="LocalItem" uri="2-85-8" extension="xsd" subtype="3" type="Schema" selection="ItemAndAllChildren" />
            <tcccp:Item title="Structure%20Group%20Metadata" isSysItem="false" isExported="true" blueprintStatus="LocalItem" uri="2-69-8" extension="xsd" subtype="3" type="Schema" selection="ItemAndAllChildren" />
          </tcccp:Item>
          <tcccp:Item title="Multimedia%20Schemas" isSysItem="false" isExported="true" blueprintStatus="SharedItem" uri="2-8-2" extension="" subtype="0" type="Folder" selection="ItemAndAllChildren">
            <tcccp:Item title="Audio" isSysItem="false" isExported="true" blueprintStatus="LocalItem" uri="2-2164-8" extension="xsd" subtype="1" type="Schema" selection="ItemAndAllChildren" />
            <tcccp:Item title="CSS" isSysItem="false" isExported="true" blueprintStatus="LocalItem" uri="2-83-8" extension="xsd" subtype="1" type="Schema" selection="ItemAndAllChildren" />
            <tcccp:Item title="Default%20Multimedia%20Schema" isSysItem="false" isExported="true" blueprintStatus="SharedItem" uri="2-59-8" extension="xsd" subtype="1" type="Schema" selection="ItemAndAllChildren" />
            <tcccp:Item title="Document" isSysItem="false" isExported="true" blueprintStatus="LocalItem" uri="2-2163-8" extension="xsd" subtype="1" type="Schema" selection="ItemAndAllChildren" />
            <tcccp:Item title="Flash%20Video" isSysItem="false" isExported="true" blueprintStatus="LocalItem" uri="2-2166-8" extension="xsd" subtype="1" type="Schema" selection="ItemAndAllChildren" />
            <tcccp:Item title="HTML5%20Video" isSysItem="false" isExported="true" blueprintStatus="LocalItem" uri="2-2165-8" extension="xsd" subtype="1" type="Schema" selection="ItemAndAllChildren" />
            <tcccp:Item title="Image" isSysItem="false" isExported="true" blueprintStatus="LocalItem" uri="2-2161-8" extension="xsd" subtype="1" type="Schema" selection="ItemAndAllChildren" />
            <tcccp:Item title="JavaScript" isSysItem="false" isExported="true" blueprintStatus="LocalItem" uri="2-84-8" extension="xsd" subtype="1" type="Schema" selection="ItemAndAllChildren" />
          </tcccp:Item>
          <tcccp:Item title="Parameter%20Schemas" isSysItem="false" isExported="true" blueprintStatus="SharedItem" uri="2-14-2" extension="" subtype="0" type="Folder" selection="ItemAndAllChildren">
            <tcccp:Item title="Item%20Uri" isSysItem="false" isExported="true" blueprintStatus="LocalItem" uri="2-89-8" extension="xsd" subtype="6" type="Schema" selection="ItemAndAllChildren" />
            <tcccp:Item title="Publish%20Binaries%20to%20Specific%20Locations" isSysItem="false" isExported="true" blueprintStatus="LocalItem" uri="2-80-8" extension="xsd" subtype="6" type="Schema" selection="ItemAndAllChildren" />
          </tcccp:Item>
          <tcccp:Item title="System%20Schemas" isSysItem="false" isExported="true" blueprintStatus="SharedItem" uri="2-9-2" extension="" subtype="0" type="Folder" selection="ItemAndAllChildren">
            <tcccp:Item title="Code" isSysItem="false" isExported="true" blueprintStatus="LocalItem" uri="2-101-8" extension="xsd" subtype="0" type="Schema" selection="ItemAndAllChildren" />
            <tcccp:Item title="Dummy" isSysItem="false" isExported="true" blueprintStatus="LocalItem" uri="2-107-8" extension="xsd" subtype="0" type="Schema" selection="ItemAndAllChildren" />
          </tcccp:Item>
        </tcccp:Item>
        <tcccp:Item title="Template%20Building%20Blocks" isSysItem="false" isExported="true" blueprintStatus="LocalItem" uri="2-17-2" extension="" subtype="0" type="Folder" selection="ItemAndAllChildren">
          <tcccp:Item title="%2ENet%20TBBs" isSysItem="false" isExported="true" blueprintStatus="LocalItem" uri="2-24-2" extension="" subtype="0" type="Folder" selection="ItemAndAllChildren" />
          <tcccp:Item title="C%23%20Fragments" isSysItem="false" isExported="true" blueprintStatus="LocalItem" uri="2-20-2" extension="" subtype="0" type="Folder" selection="ItemAndAllChildren" />
          <tcccp:Item title="Dreamweaver%20TBBs" isSysItem="false" isExported="true" blueprintStatus="LocalItem" uri="2-18-2" extension="" subtype="0" type="Folder" selection="ItemAndAllChildren">
            <tcccp:Item title="Component%20DWT%20Design" isSysItem="false" isExported="true" blueprintStatus="LocalItem" uri="2-19-2" extension="" subtype="0" type="Folder" selection="ItemAndAllChildren">
              <tcccp:Item title="Code%20Snippet%20DWT" isSysItem="false" isExported="true" blueprintStatus="LocalItem" uri="2-108-2048" extension="dwt" subtype="0" type="TemplateBuildingBlock" selection="ItemAndAllChildren" />
            </tcccp:Item>
            <tcccp:Item title="Page%20DWT%20Design" isSysItem="false" isExported="true" blueprintStatus="LocalItem" uri="2-22-2" extension="" subtype="0" type="Folder" selection="ItemAndAllChildren" />
          </tcccp:Item>
          <tcccp:Item title="Razor%20TBBs" isSysItem="false" isExported="true" blueprintStatus="LocalItem" uri="2-21-2" extension="" subtype="0" type="Folder" selection="ItemAndAllChildren">
            <tcccp:Item title="Component%20Razor%20Design" isSysItem="false" isExported="true" blueprintStatus="LocalItem" uri="2-23-2" extension="" subtype="0" type="Folder" selection="ItemAndAllChildren" />
            <tcccp:Item title="Page%20Razor%20Design" isSysItem="false" isExported="true" blueprintStatus="LocalItem" uri="2-25-2" extension="" subtype="0" type="Folder" selection="ItemAndAllChildren" />
          </tcccp:Item>
        </tcccp:Item>
      </tcccp:Item>
      <tcccp:Item title="Default%20Multimedia%20Schema" isSysItem="false" isExported="true" blueprintStatus="SharedItem" uri="2-8-8" extension="xsd" subtype="1" type="Schema" selection="ItemAndAllChildren" />
    </tcccp:Item>
    <tcccp:Item title="Root" isSysItem="false" isExported="true" blueprintStatus="SharedItem" uri="2-5-4" extension="" subtype="0" type="StructureGroup" selection="ItemAndAllChildren" />
    <tcccp:Item title="Categories%20and%20Keywords" isSysItem="false" isExported="false" blueprintStatus="LocalItem" uri="0-0-0" extension="" subtype="0" type="VirtualItemCategoriesAndKeywords" selection="ItemAndAllChildren">
      <tcccp:Item title="Social%20Media" isSysItem="false" isExported="true" blueprintStatus="LocalItem" uri="2-16-512" extension="" subtype="0" type="Category" selection="ItemAndAllChildren">
        <tcccp:Item title="facebook" isSysItem="false" isExported="true" blueprintStatus="LocalItem" uri="2-109-1024" extension="tkw" subtype="0" type="Keyword" selection="ItemAndAllChildren" />
        <tcccp:Item title="foursquare" isSysItem="false" isExported="true" blueprintStatus="LocalItem" uri="2-103-1024" extension="tkw" subtype="0" type="Keyword" selection="ItemAndAllChildren" />
        <tcccp:Item title="googleplus" isSysItem="false" isExported="true" blueprintStatus="LocalItem" uri="2-99-1024" extension="tkw" subtype="0" type="Keyword" selection="ItemAndAllChildren" />
        <tcccp:Item title="linkedin" isSysItem="false" isExported="true" blueprintStatus="LocalItem" uri="2-68-1024" extension="tkw" subtype="0" type="Keyword" selection="ItemAndAllChildren" />
        <tcccp:Item title="twitter" isSysItem="false" isExported="true" blueprintStatus="LocalItem" uri="2-86-1024" extension="tkw" subtype="0" type="Keyword" selection="ItemAndAllChildren" />
      </tcccp:Item>
      <tcccp:Item title="Devices" isSysItem="false" isExported="true" blueprintStatus="LocalItem" uri="2-1038-512" extension="" subtype="0" type="Category" selection="ItemAndAllChildren">
        <tcccp:Item title="Desktop" isSysItem="false" isExported="true" blueprintStatus="LocalItem" uri="2-2157-1024" extension="tkw" subtype="0" type="Keyword" selection="ItemAndAllChildren" />
        <tcccp:Item title="phablet" isSysItem="false" isExported="true" blueprintStatus="LocalItem" uri="2-2144-1024" extension="tkw" subtype="0" type="Keyword" selection="ItemAndAllChildren" />
        <tcccp:Item title="phone" isSysItem="false" isExported="true" blueprintStatus="LocalItem" uri="2-2143-1024" extension="tkw" subtype="0" type="Keyword" selection="ItemAndAllChildren" />
        <tcccp:Item title="tablet" isSysItem="false" isExported="true" blueprintStatus="LocalItem" uri="2-2145-1024" extension="tkw" subtype="0" type="Keyword" selection="ItemAndAllChildren" />
      </tcccp:Item>
      <tcccp:Item title="Aspect%20Ratios" isSysItem="false" isExported="true" blueprintStatus="LocalItem" uri="2-15-512" extension="" subtype="0" type="Category" selection="ItemAndAllChildren">
        <tcccp:Item title="1%3A1" isSysItem="false" isExported="true" blueprintStatus="LocalItem" uri="2-87-1024" extension="tkw" subtype="0" type="Keyword" selection="ItemAndAllChildren" />
        <tcccp:Item title="16%3A9" isSysItem="false" isExported="true" blueprintStatus="LocalItem" uri="2-72-1024" extension="tkw" subtype="0" type="Keyword" selection="ItemAndAllChildren" />
        <tcccp:Item title="3%3A2" isSysItem="false" isExported="true" blueprintStatus="LocalItem" uri="2-71-1024" extension="tkw" subtype="0" type="Keyword" selection="ItemAndAllChildren" />
        <tcccp:Item title="4%3A3" isSysItem="false" isExported="true" blueprintStatus="LocalItem" uri="2-104-1024" extension="tkw" subtype="0" type="Keyword" selection="ItemAndAllChildren" />
        <tcccp:Item title="5%3A3" isSysItem="false" isExported="true" blueprintStatus="LocalItem" uri="2-100-1024" extension="tkw" subtype="0" type="Keyword" selection="ItemAndAllChildren" />
        <tcccp:Item title="5%3A4" isSysItem="false" isExported="true" blueprintStatus="LocalItem" uri="2-81-1024" extension="tkw" subtype="0" type="Keyword" selection="ItemAndAllChildren" />
      </tcccp:Item>
    </tcccp:Item>
    <tcccp:Item title="Workflow" isSysItem="false" isExported="false" blueprintStatus="LocalItem" uri="0-0-0" extension="" subtype="0" type="VirtualItemWorkflow" selection="ItemAndAllChildren">
      <tcccp:Item title="Task%20Process" isSysItem="false" isExported="true" blueprintStatus="SharedItem" uri="2-1-131074" extension="tpd" subtype="0" type="ProcessDefinition" selection="ItemAndAllChildren" />
    </tcccp:Item>
  </tcccp:Item>
</tcccp:Index>