<?xml version="1.0" encoding="utf-8"?><tcccp:Index version="3.3" automaticTrusteeId="3" isExtension="true" hasGlobalApplicationData="false" xmlns:tcccp="http://www.tridion.com/ContentManager/5.2/ImportExport"><tcccp:Item title="000%20Empty%20Parent" type="Publication" subtype="0" extension="" uri="0-2-1" hasApplicationData="false"><tcccp:Item title="Building%20Blocks" type="Folder" subtype="0" extension="" uri="2-5-2" hasApplicationData="false"><tcccp:Item title="System" type="Folder" subtype="0" extension="" uri="2-1013-2" hasApplicationData="false"><tcccp:Item title="Schemas" type="Folder" subtype="0" extension="" uri="2-1014-2" hasApplicationData="false"><tcccp:Item title="Multimedia%20Schemas" type="Folder" subtype="0" extension="" uri="2-1018-2" hasApplicationData="false"><tcccp:Item title="Default%20Multimedia%20Schema" type="Schema" subtype="1" extension="xsd" uri="2-58-8" hasApplicationData="false" /></tcccp:Item><tcccp:Item title="Content" type="Folder" subtype="0" extension="" uri="2-1015-2" hasApplicationData="false" /><tcccp:Item title="Embeddable%20Schemas" type="Folder" subtype="0" extension="" uri="2-1016-2" hasApplicationData="false" /><tcccp:Item title="Metadata%20Schemas" type="Folder" subtype="0" extension="" uri="2-1017-2" hasApplicationData="false" /><tcccp:Item title="Parameter%20Schemas" type="Folder" subtype="0" extension="" uri="2-1019-2" hasApplicationData="false" /><tcccp:Item title="System%20Schemas" type="Folder" subtype="0" extension="" uri="2-1020-2" hasApplicationData="false" /></tcccp:Item></tcccp:Item><tcccp:Item title="Default%20Templates" type="Folder" subtype="0" extension="" uri="2-6-2" hasApplicationData="false"><tcccp:Item title="Default%20Dreamweaver%20Page%20Design" type="TemplateBuildingBlock" subtype="0" extension="dwt" uri="2-79-2048" hasApplicationData="false" /><tcccp:Item title="Default%20Component%20Template" type="ComponentTemplate" subtype="0" extension="tctcmp" uri="2-84-32" hasApplicationData="false" /><tcccp:Item title="Default%20Dreamweaver%20Component%20Design" type="TemplateBuildingBlock" subtype="0" extension="dwt" uri="2-78-2048" hasApplicationData="false" /><tcccp:Item title="Dreamweaver%20Region%20Selection" type="Schema" subtype="6" extension="xsd" uri="2-77-8" hasApplicationData="false" /><tcccp:Item title="Default%20Finish%20Actions" type="TemplateBuildingBlock" subtype="0" extension="tbbcmp" uri="2-82-2048" hasApplicationData="false" /><tcccp:Item title="Default%20Finish%20Actions" type="Schema" subtype="6" extension="xsd" uri="2-81-8" hasApplicationData="false" /><tcccp:Item title="Publish%20Binaries%20in%20Package" type="TemplateBuildingBlock" subtype="0" extension="tbbcs" uri="2-75-2048" hasApplicationData="false" /><tcccp:Item title="Publish%20Binaries%20in%20Package" type="Schema" subtype="6" extension="xsd" uri="2-74-8" hasApplicationData="false" /><tcccp:Item title="Link%20Resolver" type="TemplateBuildingBlock" subtype="0" extension="tbbcs" uri="2-73-2048" hasApplicationData="false" /><tcccp:Item title="Link%20Resolver" type="Schema" subtype="6" extension="xsd" uri="2-72-8" hasApplicationData="false" /><tcccp:Item title="Target%20Group%20Personalization" type="TemplateBuildingBlock" subtype="0" extension="tbbcs" uri="2-76-2048" hasApplicationData="false" /><tcccp:Item title="Cleanup%20Template" type="TemplateBuildingBlock" subtype="0" extension="tbbcs" uri="2-60-2048" hasApplicationData="false" /><tcccp:Item title="Convert%20Xml%20to%20Html" type="TemplateBuildingBlock" subtype="0" extension="tbbcs" uri="2-66-2048" hasApplicationData="false" /><tcccp:Item title="Convert%20Xml%20to%20Html" type="Schema" subtype="6" extension="xsd" uri="2-65-8" hasApplicationData="false" /><tcccp:Item title="Default%20Page%20Template" type="PageTemplate" subtype="0" extension="tptcmp" uri="2-83-128" hasApplicationData="false" /><tcccp:Item title="Extract%20Components%20from%20Page" type="TemplateBuildingBlock" subtype="0" extension="tbbcs" uri="2-69-2048" hasApplicationData="false" /><tcccp:Item title="Outbound%20E-mail" type="Folder" subtype="0" extension="" uri="2-7-2" hasApplicationData="false"><tcccp:Item title="Generate%20Plain%20Text%20E-mail" type="Schema" subtype="6" extension="xsd" uri="2-86-8" hasApplicationData="false" /><tcccp:Item title="Outbound%20E-mail%20Post-processing" type="Schema" subtype="6" extension="xsd" uri="2-88-8" hasApplicationData="false" /><tcccp:Item title="Outbound%20E-mail%20Pre-processing" type="Schema" subtype="6" extension="xsd" uri="2-90-8" hasApplicationData="false" /><tcccp:Item title="Generate%20Plain%20Text%20E-mail" type="TemplateBuildingBlock" subtype="0" extension="tbbcs" uri="2-87-2048" hasApplicationData="false" /><tcccp:Item title="Tridion%2EOutboundEmail%2ETemplating%2ETemplates" type="TemplateBuildingBlock" subtype="0" extension="tbbasm" uri="2-85-2048" hasApplicationData="false" /><tcccp:Item title="Outbound%20E-mail%20Post-processing" type="TemplateBuildingBlock" subtype="0" extension="tbbcs" uri="2-89-2048" hasApplicationData="false" /><tcccp:Item title="Outbound%20E-mail%20Pre-processing" type="TemplateBuildingBlock" subtype="0" extension="tbbcs" uri="2-91-2048" hasApplicationData="false" /><tcccp:Item title="Set%20Output%20Item%20By%20Email%20Mode" type="TemplateBuildingBlock" subtype="0" extension="tbbcs" uri="2-92-2048" hasApplicationData="false" /></tcccp:Item><tcccp:Item title="SDL%20External%20Content%20Library" type="Folder" subtype="0" extension="" uri="2-8-2" hasApplicationData="false"><tcccp:Item title="Adjust%20SiteEdit%202009%20markup%20for%20External%20Content%20Library%20items" type="TemplateBuildingBlock" subtype="0" extension="tbbcs" uri="2-104-2048" hasApplicationData="false" /><tcccp:Item title="Tridion%2EExternalContentLibrary%2ETemplating" type="TemplateBuildingBlock" subtype="0" extension="tbbasm" uri="2-103-2048" hasApplicationData="false" /><tcccp:Item title="Adjust%20SiteEdit%202012%20markup%20for%20External%20Content%20Library%20items" type="TemplateBuildingBlock" subtype="0" extension="tbbcs" uri="2-105-2048" hasApplicationData="false" /><tcccp:Item title="Resolve%20External%20Content%20Library%20items" type="TemplateBuildingBlock" subtype="0" extension="tbbcs" uri="2-107-2048" hasApplicationData="false" /><tcccp:Item title="Search%20External%20Content%20Library%20items" type="TemplateBuildingBlock" subtype="0" extension="tbbcs" uri="2-106-2048" hasApplicationData="false" /></tcccp:Item><tcccp:Item title="Component%20Query" type="Schema" subtype="6" extension="xsd" uri="2-61-8" hasApplicationData="false" /><tcccp:Item title="Convert%20Html%20to%20Xml" type="Schema" subtype="6" extension="xsd" uri="2-63-8" hasApplicationData="false" /><tcccp:Item title="Enable%20inline%20editing%20for%20content" type="Schema" subtype="6" extension="xsd" uri="2-99-8" hasApplicationData="false" /><tcccp:Item title="Enable%20inline%20editing%20for%20Page" type="Schema" subtype="6" extension="xsd" uri="2-101-8" hasApplicationData="false" /><tcccp:Item title="Extract%20Binaries%20from%20Html" type="Schema" subtype="6" extension="xsd" uri="2-67-8" hasApplicationData="false" /><tcccp:Item title="Image%20Resizer" type="Schema" subtype="6" extension="xsd" uri="2-70-8" hasApplicationData="false" /><tcccp:Item title="Default%20Component%20Template%20for%20UGC" type="ComponentTemplate" subtype="0" extension="tctcmp" uri="2-96-32" hasApplicationData="false" /><tcccp:Item title="Enable%20User%20Generated%20Content%20Processing" type="TemplateBuildingBlock" subtype="0" extension="tbbcs" uri="2-94-2048" hasApplicationData="false" /><tcccp:Item title="Tridion%2EUgc%2ETemplating%2EDefaultTemplates" type="TemplateBuildingBlock" subtype="0" extension="tbbasm" uri="2-93-2048" hasApplicationData="false" /><tcccp:Item title="Default%20UGC%20Dreamweaver%20Template%20design" type="TemplateBuildingBlock" subtype="0" extension="dwt" uri="2-95-2048" hasApplicationData="false" /><tcccp:Item title="Default%20Page%20Template%20for%20UGC" type="PageTemplate" subtype="0" extension="tptcmp" uri="2-97-128" hasApplicationData="false" /><tcccp:Item title="Activate%20Tracking" type="TemplateBuildingBlock" subtype="0" extension="tbbcs" uri="2-59-2048" hasApplicationData="false" /><tcccp:Item title="Component%20Query" type="TemplateBuildingBlock" subtype="0" extension="tbbcs" uri="2-62-2048" hasApplicationData="false" /><tcccp:Item title="Convert%20Html%20to%20Xml" type="TemplateBuildingBlock" subtype="0" extension="tbbcs" uri="2-64-2048" hasApplicationData="false" /><tcccp:Item title="Enable%20inline%20editing%20for%20content" type="TemplateBuildingBlock" subtype="0" extension="tbbcs" uri="2-100-2048" hasApplicationData="false" /><tcccp:Item title="Tridion%2ESiteEdit%2ETemplating" type="TemplateBuildingBlock" subtype="0" extension="tbbasm" uri="2-98-2048" hasApplicationData="false" /><tcccp:Item title="Enable%20inline%20editing%20for%20Page" type="TemplateBuildingBlock" subtype="0" extension="tbbcs" uri="2-102-2048" hasApplicationData="false" /><tcccp:Item title="Extract%20Binaries%20from%20Html" type="TemplateBuildingBlock" subtype="0" extension="tbbcs" uri="2-68-2048" hasApplicationData="false" /><tcccp:Item title="Image%20Resizer" type="TemplateBuildingBlock" subtype="0" extension="tbbcs" uri="2-71-2048" hasApplicationData="false" /><tcccp:Item title="Sample%20XSLT%20Component%20Design" type="TemplateBuildingBlock" subtype="0" extension="xslt" uri="2-80-2048" hasApplicationData="false" /></tcccp:Item><tcccp:Item title="Content" type="Folder" subtype="0" extension="" uri="2-1012-2" hasApplicationData="false" /></tcccp:Item><tcccp:Item title="Workflow" type="VirtualItemWorkflow" subtype="0" extension="" uri="0-0-0" hasApplicationData="false"><tcccp:Item title="Task%20Process" type="ProcessDefinition" subtype="0" extension="tpd" uri="2-2-131074" hasApplicationData="false" /></tcccp:Item><tcccp:Item title="Root" type="StructureGroup" subtype="0" extension="" uri="2-11-4" hasApplicationData="false"><tcccp:Item title="test%20page" type="Page" subtype="0" extension="tpg" uri="2-109-64" hasApplicationData="false" /></tcccp:Item></tcccp:Item><tcccp:Item title="System%20Administration" type="VirtualItemSystemAdministration" subtype="0" extension="" uri="0-0-0" hasApplicationData="false"><tcccp:Item title="Content%20Configuration" type="VirtualItemContentConfiguration" subtype="0" extension="" uri="0-0-0" hasApplicationData="false"><tcccp:Item title="Multimedia%20Types" type="VirtualItemMultimediaTypes" subtype="0" extension="" uri="0-0-0" hasApplicationData="false"><tcccp:Item title="Gif%20image" type="MultimediaType" subtype="0" extension="tmt" uri="0-1-65544" hasApplicationData="false" /><tcccp:Item title="Jpeg%20image" type="MultimediaType" subtype="0" extension="tmt" uri="0-2-65544" hasApplicationData="false" /><tcccp:Item title="Png%20image" type="MultimediaType" subtype="0" extension="tmt" uri="0-3-65544" hasApplicationData="false" /><tcccp:Item title="Word%20document" type="MultimediaType" subtype="0" extension="tmt" uri="0-4-65544" hasApplicationData="false" /><tcccp:Item title="Excel%20sheet" type="MultimediaType" subtype="0" extension="tmt" uri="0-5-65544" hasApplicationData="false" /><tcccp:Item title="Powerpoint%20presentation" type="MultimediaType" subtype="0" extension="tmt" uri="0-6-65544" hasApplicationData="false" /><tcccp:Item title="Pdf%20document" type="MultimediaType" subtype="0" extension="tmt" uri="0-7-65544" hasApplicationData="false" /><tcccp:Item title="Sound%20file" type="MultimediaType" subtype="0" extension="tmt" uri="0-8-65544" hasApplicationData="false" /><tcccp:Item title="Plain%20text" type="MultimediaType" subtype="0" extension="tmt" uri="0-9-65544" hasApplicationData="false" /><tcccp:Item title="Rich%20text" type="MultimediaType" subtype="0" extension="tmt" uri="0-10-65544" hasApplicationData="false" /><tcccp:Item title="Executable" type="MultimediaType" subtype="0" extension="tmt" uri="0-11-65544" hasApplicationData="false" /><tcccp:Item title="MSAccess%20database" type="MultimediaType" subtype="0" extension="tmt" uri="0-12-65544" hasApplicationData="false" /><tcccp:Item title="Bitmap%20image" type="MultimediaType" subtype="0" extension="tmt" uri="0-13-65544" hasApplicationData="false" /><tcccp:Item title="Real%20player" type="MultimediaType" subtype="0" extension="tmt" uri="0-14-65544" hasApplicationData="false" /><tcccp:Item title="QuickTime%20movie" type="MultimediaType" subtype="0" extension="tmt" uri="0-15-65544" hasApplicationData="false" /><tcccp:Item title="Mp3%20music" type="MultimediaType" subtype="0" extension="tmt" uri="0-16-65544" hasApplicationData="false" /><tcccp:Item title="Mpeg%20video" type="MultimediaType" subtype="0" extension="tmt" uri="0-17-65544" hasApplicationData="false" /><tcccp:Item title="Flash%20file" type="MultimediaType" subtype="0" extension="tmt" uri="0-18-65544" hasApplicationData="false" /><tcccp:Item title="Cascading%20style%20sheet" type="MultimediaType" subtype="0" extension="tmt" uri="0-19-65544" hasApplicationData="false" /><tcccp:Item title="Java%20script" type="MultimediaType" subtype="0" extension="tmt" uri="0-20-65544" hasApplicationData="false" /><tcccp:Item title="Configuration%20settings" type="MultimediaType" subtype="0" extension="tmt" uri="0-21-65544" hasApplicationData="false" /><tcccp:Item title="Adobe%20Flash%20Video" type="MultimediaType" subtype="0" extension="tmt" uri="0-23-65544" hasApplicationData="false" /></tcccp:Item></tcccp:Item><tcccp:Item title="Access%20Management" type="VirtualItemAccessManagement" subtype="0" extension="" uri="0-0-0" hasApplicationData="false"><tcccp:Item title="Groups" type="VirtualItemGroups" subtype="0" extension="" uri="0-0-0" hasApplicationData="false"><tcccp:Item title="Everyone" type="Group" subtype="0" extension="tgp" uri="0-0-0" hasApplicationData="false" /></tcccp:Item></tcccp:Item></tcccp:Item><tcccp:Item title="010%20Schemas%20and%20Categories" type="Publication" subtype="0" extension="" uri="0-3-1" hasApplicationData="false"><tcccp:Item title="Building%20Blocks" type="Folder" subtype="0" extension="" uri="3-5-2" hasApplicationData="false"><tcccp:Item title="System" type="Folder" subtype="0" extension="" uri="3-1013-2" hasApplicationData="false"><tcccp:Item title="Schemas" type="Folder" subtype="0" extension="" uri="3-1014-2" hasApplicationData="false"><tcccp:Item title="Multimedia%20Schemas" type="Folder" subtype="0" extension="" uri="3-1018-2" hasApplicationData="false"><tcccp:Item title="Default%20Multimedia%20Schema" type="Schema" subtype="1" extension="xsd" uri="3-58-8" hasApplicationData="false" /><tcccp:Item title="Image" type="Schema" subtype="1" extension="xsd" uri="3-1131-8" hasApplicationData="false" /><tcccp:Item title="CSS" type="Schema" subtype="1" extension="xsd" uri="3-1144-8" hasApplicationData="false" /><tcccp:Item title="JavaScript" type="Schema" subtype="1" extension="xsd" uri="3-1145-8" hasApplicationData="false" /><tcccp:Item title="Audio" type="Schema" subtype="1" extension="xsd" uri="3-1130-8" hasApplicationData="false" /><tcccp:Item title="Office%20PDF%20Document" type="Schema" subtype="1" extension="xsd" uri="3-1132-8" hasApplicationData="false" /><tcccp:Item title="Videos" type="Schema" subtype="1" extension="xsd" uri="3-1133-8" hasApplicationData="false" /></tcccp:Item><tcccp:Item title="Content" type="Folder" subtype="0" extension="" uri="3-1015-2" hasApplicationData="false" /><tcccp:Item title="Embeddable%20Schemas" type="Folder" subtype="0" extension="" uri="3-1016-2" hasApplicationData="false"><tcccp:Item title="Embedded%20Paragraph" type="Schema" subtype="2" extension="xsd" uri="3-1143-8" hasApplicationData="false" /><tcccp:Item title="Generic%20Basic%20Link" type="Schema" subtype="2" extension="xsd" uri="3-1140-8" hasApplicationData="false" /><tcccp:Item title="Key%20Value%20Pair" type="Schema" subtype="2" extension="xsd" uri="3-1138-8" hasApplicationData="false" /><tcccp:Item title="Generic%20Basic%20Link%20-%20Rich%20Text" type="Schema" subtype="2" extension="xsd" uri="3-1141-8" hasApplicationData="false" /><tcccp:Item title="Generic%20Image" type="Schema" subtype="2" extension="xsd" uri="3-1142-8" hasApplicationData="false" /><tcccp:Item title="Key%20Value%20Pair%20-%20Rich%20Text" type="Schema" subtype="2" extension="xsd" uri="3-1139-8" hasApplicationData="false" /><tcccp:Item title="Links" type="Schema" subtype="0" extension="xsd" uri="3-1136-8" hasApplicationData="false" /><tcccp:Item title="Webtrends" type="Schema" subtype="2" extension="xsd" uri="3-1135-8" hasApplicationData="false" /></tcccp:Item><tcccp:Item title="Metadata%20Schemas" type="Folder" subtype="0" extension="" uri="3-1017-2" hasApplicationData="false"><tcccp:Item title="Code%20Metadata" type="Schema" subtype="3" extension="xsd" uri="3-1146-8" hasApplicationData="false" /><tcccp:Item title="Page%20Metadata" type="Schema" subtype="3" extension="xsd" uri="3-1134-8" hasApplicationData="false" /><tcccp:Item title="Structure%20Group%20Metadata" type="Schema" subtype="3" extension="xsd" uri="3-1137-8" hasApplicationData="false" /></tcccp:Item><tcccp:Item title="Parameter%20Schemas" type="Folder" subtype="0" extension="" uri="3-1019-2" hasApplicationData="false"><tcccp:Item title="Item%20Uri" type="Schema" subtype="6" extension="xsd" uri="3-1128-8" hasApplicationData="false" /><tcccp:Item title="Publish%20Binaries%20to%20Specific%20Locations" type="Schema" subtype="6" extension="xsd" uri="3-1129-8" hasApplicationData="false" /></tcccp:Item><tcccp:Item title="System%20Schemas" type="Folder" subtype="0" extension="" uri="3-1020-2" hasApplicationData="false"><tcccp:Item title="Code" type="Schema" subtype="0" extension="xsd" uri="3-1126-8" hasApplicationData="false" /><tcccp:Item title="Dummy" type="Schema" subtype="0" extension="xsd" uri="3-1127-8" hasApplicationData="false" /></tcccp:Item></tcccp:Item><tcccp:Item title="Component%20Templates" type="Folder" subtype="0" extension="" uri="3-1021-2" hasApplicationData="false" /><tcccp:Item title="Page%20Templates" type="Folder" subtype="0" extension="" uri="3-1022-2" hasApplicationData="false" /><tcccp:Item title="Template%20Building%20Blocks" type="Folder" subtype="0" extension="" uri="3-1023-2" hasApplicationData="false"><tcccp:Item title="%2ENet%20TBBs" type="Folder" subtype="0" extension="" uri="3-1024-2" hasApplicationData="false" /><tcccp:Item title="C%23%20Fragments" type="Folder" subtype="0" extension="" uri="3-1025-2" hasApplicationData="false" /><tcccp:Item title="Dreamweaver%20TBBs" type="Folder" subtype="0" extension="" uri="3-1026-2" hasApplicationData="false"><tcccp:Item title="Component%20DWT%20Design" type="Folder" subtype="0" extension="" uri="3-1028-2" hasApplicationData="false"><tcccp:Item title="Code%20Snippet%20DWT" type="TemplateBuildingBlock" subtype="0" extension="dwt" uri="3-1148-2048" hasApplicationData="false" /></tcccp:Item><tcccp:Item title="Page%20DWT%20Design" type="Folder" subtype="0" extension="" uri="3-1029-2" hasApplicationData="false" /></tcccp:Item><tcccp:Item title="Razor%20TBBs" type="Folder" subtype="0" extension="" uri="3-1027-2" hasApplicationData="false"><tcccp:Item title="Component%20Razor%20Design" type="Folder" subtype="0" extension="" uri="3-1030-2" hasApplicationData="false" /><tcccp:Item title="Page%20Razor%20Design" type="Folder" subtype="0" extension="" uri="3-1031-2" hasApplicationData="false" /></tcccp:Item></tcccp:Item></tcccp:Item><tcccp:Item title="Default%20Templates" type="Folder" subtype="0" extension="" uri="3-6-2" hasApplicationData="false"><tcccp:Item title="Default%20Dreamweaver%20Page%20Design" type="TemplateBuildingBlock" subtype="0" extension="dwt" uri="3-79-2048" hasApplicationData="false" /><tcccp:Item title="Default%20Component%20Template" type="ComponentTemplate" subtype="0" extension="tctcmp" uri="3-84-32" hasApplicationData="false" /><tcccp:Item title="Default%20Dreamweaver%20Component%20Design" type="TemplateBuildingBlock" subtype="0" extension="dwt" uri="3-78-2048" hasApplicationData="false" /><tcccp:Item title="Dreamweaver%20Region%20Selection" type="Schema" subtype="6" extension="xsd" uri="3-77-8" hasApplicationData="false" /><tcccp:Item title="Default%20Finish%20Actions" type="TemplateBuildingBlock" subtype="0" extension="tbbcmp" uri="3-82-2048" hasApplicationData="false" /><tcccp:Item title="Default%20Finish%20Actions" type="Schema" subtype="6" extension="xsd" uri="3-81-8" hasApplicationData="false" /><tcccp:Item title="Publish%20Binaries%20in%20Package" type="TemplateBuildingBlock" subtype="0" extension="tbbcs" uri="3-75-2048" hasApplicationData="false" /><tcccp:Item title="Publish%20Binaries%20in%20Package" type="Schema" subtype="6" extension="xsd" uri="3-74-8" hasApplicationData="false" /><tcccp:Item title="Link%20Resolver" type="TemplateBuildingBlock" subtype="0" extension="tbbcs" uri="3-73-2048" hasApplicationData="false" /><tcccp:Item title="Link%20Resolver" type="Schema" subtype="6" extension="xsd" uri="3-72-8" hasApplicationData="false" /><tcccp:Item title="Target%20Group%20Personalization" type="TemplateBuildingBlock" subtype="0" extension="tbbcs" uri="3-76-2048" hasApplicationData="false" /><tcccp:Item title="Cleanup%20Template" type="TemplateBuildingBlock" subtype="0" extension="tbbcs" uri="3-60-2048" hasApplicationData="false" /><tcccp:Item title="Convert%20Xml%20to%20Html" type="TemplateBuildingBlock" subtype="0" extension="tbbcs" uri="3-66-2048" hasApplicationData="false" /><tcccp:Item title="Convert%20Xml%20to%20Html" type="Schema" subtype="6" extension="xsd" uri="3-65-8" hasApplicationData="false" /><tcccp:Item title="Default%20Page%20Template" type="PageTemplate" subtype="0" extension="tptcmp" uri="3-83-128" hasApplicationData="false" /><tcccp:Item title="Extract%20Components%20from%20Page" type="TemplateBuildingBlock" subtype="0" extension="tbbcs" uri="3-69-2048" hasApplicationData="false" /></tcccp:Item></tcccp:Item><tcccp:Item title="Workflow" type="VirtualItemWorkflow" subtype="0" extension="" uri="0-0-0" hasApplicationData="false"><tcccp:Item title="Task%20Process" type="ProcessDefinition" subtype="0" extension="tpd" uri="3-2-131074" hasApplicationData="false" /></tcccp:Item><tcccp:Item title="Categories%20and%20Keywords" type="VirtualItemCategoriesAndKeywords" subtype="0" extension="" uri="0-0-0" hasApplicationData="false"><tcccp:Item title="Bb%2Ecom%20Markets" type="Category" subtype="0" extension="" uri="3-1009-512" hasApplicationData="false" /><tcccp:Item title="Bb%2Ecom%20Platforms" type="Category" subtype="0" extension="" uri="3-1011-512" hasApplicationData="false" /></tcccp:Item></tcccp:Item></tcccp:Index>