<tcccp:Index xmlns:tcccp="http://www.tridion.com/ContentManager/5.2/ImportExport" automaticTrusteeId="3" version="3.3">
  <tcccp:Item title="System%20Administration" isSysItem="false" isExported="false" blueprintStatus="LocalItem" uri="0-0-0" extension="" subtype="0" type="VirtualItemSystemAdministration" selection="ItemAndSelectedChildren">
    <tcccp:Item title="Content%20Configuration" isSysItem="false" isExported="false" blueprintStatus="LocalItem" uri="0-0-0" extension="" subtype="0" type="VirtualItemContentConfiguration" selection="ItemAndAllChildren">
      <tcccp:Item title="Multimedia%20Types" isSysItem="false" isExported="false" blueprintStatus="LocalItem" uri="0-0-0" extension="" subtype="0" type="VirtualItemMultimediaTypes" selection="ItemAndAllChildren">
        <tcccp:Item title="Pdf%20document" isSysItem="false" isExported="true" blueprintStatus="LocalItem" uri="0-7-65544" extension="tmt" subtype="0" type="MultimediaType" selection="ItemAndAllChildren" />
        <tcccp:Item title="Powerpoint%20presentation" isSysItem="false" isExported="true" blueprintStatus="LocalItem" uri="0-6-65544" extension="tmt" subtype="0" type="MultimediaType" selection="ItemAndAllChildren" />
        <tcccp:Item title="MP4" isSysItem="false" isExported="true" blueprintStatus="LocalItem" uri="0-27-65544" extension="tmt" subtype="0" type="MultimediaType" selection="ItemAndAllChildren" />
        <tcccp:Item title="QuickTime%20movie" isSysItem="false" isExported="true" blueprintStatus="LocalItem" uri="0-15-65544" extension="tmt" subtype="0" type="MultimediaType" selection="ItemAndAllChildren" />
        <tcccp:Item title="Excel%20sheet" isSysItem="false" isExported="true" blueprintStatus="LocalItem" uri="0-5-65544" extension="tmt" subtype="0" type="MultimediaType" selection="ItemAndAllChildren" />
        <tcccp:Item title="Real%20player" isSysItem="false" isExported="true" blueprintStatus="LocalItem" uri="0-14-65544" extension="tmt" subtype="0" type="MultimediaType" selection="ItemAndAllChildren" />
        <tcccp:Item title="Stylus" isSysItem="false" isExported="true" blueprintStatus="LocalItem" uri="0-30-65544" extension="tmt" subtype="0" type="MultimediaType" selection="ItemAndAllChildren" />
        <tcccp:Item title="Word%20document" isSysItem="false" isExported="true" blueprintStatus="LocalItem" uri="0-4-65544" extension="tmt" subtype="0" type="MultimediaType" selection="ItemAndAllChildren" />
        <tcccp:Item title="Rich%20text" isSysItem="false" isExported="true" blueprintStatus="LocalItem" uri="0-10-65544" extension="tmt" subtype="0" type="MultimediaType" selection="ItemAndAllChildren" />
        <tcccp:Item title="MSAccess%20database" isSysItem="false" isExported="true" blueprintStatus="LocalItem" uri="0-12-65544" extension="tmt" subtype="0" type="MultimediaType" selection="ItemAndAllChildren" />
        <tcccp:Item title="Mp3%20music" isSysItem="false" isExported="true" blueprintStatus="LocalItem" uri="0-16-65544" extension="tmt" subtype="0" type="MultimediaType" selection="ItemAndAllChildren" />
        <tcccp:Item title="Java%20script" isSysItem="false" isExported="true" blueprintStatus="LocalItem" uri="0-20-65544" extension="tmt" subtype="0" type="MultimediaType" selection="ItemAndAllChildren" />
        <tcccp:Item title="HTML5%20webm" isSysItem="false" isExported="true" blueprintStatus="LocalItem" uri="0-26-65544" extension="tmt" subtype="0" type="MultimediaType" selection="ItemAndAllChildren" />
        <tcccp:Item title="Jpeg%20image" isSysItem="false" isExported="true" blueprintStatus="LocalItem" uri="0-2-65544" extension="tmt" subtype="0" type="MultimediaType" selection="ItemAndAllChildren" />
        <tcccp:Item title="Gif%20image" isSysItem="false" isExported="true" blueprintStatus="LocalItem" uri="0-1-65544" extension="tmt" subtype="0" type="MultimediaType" selection="ItemAndAllChildren" />
        <tcccp:Item title="Mpeg%20video" isSysItem="false" isExported="true" blueprintStatus="LocalItem" uri="0-17-65544" extension="tmt" subtype="0" type="MultimediaType" selection="ItemAndAllChildren" />
        <tcccp:Item title="Flash%20file" isSysItem="false" isExported="true" blueprintStatus="LocalItem" uri="0-18-65544" extension="tmt" subtype="0" type="MultimediaType" selection="ItemAndAllChildren" />
        <tcccp:Item title="Less" isSysItem="false" isExported="true" blueprintStatus="LocalItem" uri="0-29-65544" extension="tmt" subtype="0" type="MultimediaType" selection="ItemAndAllChildren" />
        <tcccp:Item title="Adobe%20Flash%20Video" isSysItem="false" isExported="true" blueprintStatus="LocalItem" uri="0-24-65544" extension="tmt" subtype="0" type="MultimediaType" selection="ItemAndAllChildren" />
        <tcccp:Item title="Configuration%20settings" isSysItem="false" isExported="true" blueprintStatus="LocalItem" uri="0-21-65544" extension="tmt" subtype="0" type="MultimediaType" selection="ItemAndAllChildren" />
        <tcccp:Item title="Cascading%20style%20sheets" isSysItem="false" isExported="true" blueprintStatus="LocalItem" uri="0-19-65544" extension="tmt" subtype="0" type="MultimediaType" selection="ItemAndAllChildren" />
        <tcccp:Item title="Executable" isSysItem="false" isExported="true" blueprintStatus="LocalItem" uri="0-11-65544" extension="tmt" subtype="0" type="MultimediaType" selection="ItemAndAllChildren" />
        <tcccp:Item title="Plain%20text" isSysItem="false" isExported="true" blueprintStatus="LocalItem" uri="0-9-65544" extension="tmt" subtype="0" type="MultimediaType" selection="ItemAndAllChildren" />
        <tcccp:Item title="HTML5%20OGG" isSysItem="false" isExported="true" blueprintStatus="LocalItem" uri="0-25-65544" extension="tmt" subtype="0" type="MultimediaType" selection="ItemAndAllChildren" />
        <tcccp:Item title="Png%20image" isSysItem="false" isExported="true" blueprintStatus="LocalItem" uri="0-3-65544" extension="tmt" subtype="0" type="MultimediaType" selection="ItemAndAllChildren" />
        <tcccp:Item title="Bitmap%20image" isSysItem="false" isExported="true" blueprintStatus="LocalItem" uri="0-13-65544" extension="tmt" subtype="0" type="MultimediaType" selection="ItemAndAllChildren" />
        <tcccp:Item title="Sound%20file" isSysItem="false" isExported="true" blueprintStatus="LocalItem" uri="0-8-65544" extension="tmt" subtype="0" type="MultimediaType" selection="ItemAndAllChildren" />
        <tcccp:Item title="Sass" isSysItem="false" isExported="true" blueprintStatus="LocalItem" uri="0-28-65544" extension="tmt" subtype="0" type="MultimediaType" selection="ItemAndAllChildren" />
      </tcccp:Item>
    </tcccp:Item>
    <tcccp:Item title="Access%20Management" isSysItem="false" isExported="false" blueprintStatus="LocalItem" uri="0-0-0" extension="" subtype="0" type="VirtualItemAccessManagement" selection="ItemAndSelectedChildren">
      <tcccp:Item title="Groups" isSysItem="false" isExported="false" blueprintStatus="LocalItem" uri="0-0-0" extension="" subtype="0" type="VirtualItemGroups" selection="ItemAndSelectedChildren">
        <tcccp:Item title="Editor" isSysItem="false" isExported="true" blueprintStatus="LocalItem" uri="0-7-65568" extension="tgp" subtype="0" type="Group" selection="ItemAndAllChildren" />
        <tcccp:Item title="Interaction%20Manager" isSysItem="false" isExported="true" blueprintStatus="LocalItem" uri="0-10-65568" extension="tgp" subtype="0" type="Group" selection="ItemAndAllChildren" />
        <tcccp:Item title="Author" isSysItem="false" isExported="true" blueprintStatus="LocalItem" uri="0-5-65568" extension="tgp" subtype="0" type="Group" selection="ItemAndAllChildren" />
        <tcccp:Item title="Information%20Designer" isSysItem="false" isExported="true" blueprintStatus="LocalItem" uri="0-4-65568" extension="tgp" subtype="0" type="Group" selection="ItemAndAllChildren" />
        <tcccp:Item title="Everyone" isSysItem="false" isExported="false" blueprintStatus="LocalItem" uri="0-0-0" extension="tgp" subtype="0" type="Group" selection="None" />
        <tcccp:Item title="Publication%20Manager" isSysItem="false" isExported="true" blueprintStatus="LocalItem" uri="0-9-65568" extension="tgp" subtype="0" type="Group" selection="ItemAndAllChildren" />
        <tcccp:Item title="Template%20Designer" isSysItem="false" isExported="true" blueprintStatus="LocalItem" uri="0-6-65568" extension="tgp" subtype="0" type="Group" selection="ItemAndAllChildren" />
        <tcccp:Item title="Chief%20Editor" isSysItem="false" isExported="true" blueprintStatus="LocalItem" uri="0-8-65568" extension="tgp" subtype="0" type="Group" selection="ItemAndAllChildren" />
      </tcccp:Item>
    </tcccp:Item>
    <tcccp:Item title="Workflow%20Management" isSysItem="false" isExported="false" blueprintStatus="LocalItem" uri="0-0-0" extension="" subtype="0" type="VirtualItemWorkflowManagement" selection="ItemAndAllChildren">
      <tcccp:Item title="Approval%20Statuses" isSysItem="false" isExported="false" blueprintStatus="LocalItem" uri="0-0-0" extension="" subtype="0" type="VirtualItemApprovalStatuses" selection="ItemAndAllChildren">
        <tcccp:Item title="Default_Live" isSysItem="false" isExported="true" blueprintStatus="LocalItem" uri="0-3-131073" extension="tas" subtype="0" type="ApprovalStatus" selection="ItemAndAllChildren" />
        <tcccp:Item title="Default_Staging" isSysItem="false" isExported="true" blueprintStatus="LocalItem" uri="0-2-131073" extension="tas" subtype="0" type="ApprovalStatus" selection="ItemAndAllChildren" />
        <tcccp:Item title="Default_Draft" isSysItem="false" isExported="true" blueprintStatus="LocalItem" uri="0-1-131073" extension="tas" subtype="0" type="ApprovalStatus" selection="ItemAndAllChildren" />
      </tcccp:Item>
    </tcccp:Item>
  </tcccp:Item>
  <tcccp:Item title="000%20Empty%20Parent" isSysItem="false" isExported="true" blueprintStatus="LocalItem" uri="0-3-1" extension="" subtype="0" type="Publication" selection="ItemAndAllChildren">
    <tcccp:Item title="Building%20Blocks" isSysItem="false" isExported="true" blueprintStatus="LocalItem" uri="3-9-2" extension="" subtype="0" type="Folder" selection="ItemAndAllChildren">
      <tcccp:Item title="Content" isSysItem="false" isExported="true" blueprintStatus="LocalItem" uri="3-20-2" extension="" subtype="0" type="Folder" selection="ItemAndAllChildren" />
      <tcccp:Item title="Default%20Templates" isSysItem="false" isExported="true" blueprintStatus="LocalItem" uri="3-10-2" extension="" subtype="0" type="Folder" selection="ItemAndAllChildren">
        <tcccp:Item title="Outbound%20E-mail" isSysItem="false" isExported="true" blueprintStatus="LocalItem" uri="3-11-2" extension="" subtype="0" type="Folder" selection="ItemAndAllChildren">
          <tcccp:Item title="Generate%20Plain%20Text%20E-mail" isSysItem="false" isExported="true" blueprintStatus="LocalItem" uri="3-144-2048" extension="tbbcs" subtype="0" type="TemplateBuildingBlock" selection="ItemAndAllChildren" />
          <tcccp:Item title="Generate%20Plain%20Text%20E-mail" isSysItem="false" isExported="true" blueprintStatus="LocalItem" uri="3-143-8" extension="xsd" subtype="6" type="Schema" selection="ItemAndAllChildren" />
          <tcccp:Item title="Outbound%20E-mail%20Post-processing" isSysItem="false" isExported="true" blueprintStatus="LocalItem" uri="3-146-2048" extension="tbbcs" subtype="0" type="TemplateBuildingBlock" selection="ItemAndAllChildren" />
          <tcccp:Item title="Outbound%20E-mail%20Post-processing" isSysItem="false" isExported="true" blueprintStatus="LocalItem" uri="3-145-8" extension="xsd" subtype="6" type="Schema" selection="ItemAndAllChildren" />
          <tcccp:Item title="Outbound%20E-mail%20Pre-processing" isSysItem="false" isExported="true" blueprintStatus="LocalItem" uri="3-148-2048" extension="tbbcs" subtype="0" type="TemplateBuildingBlock" selection="ItemAndAllChildren" />
          <tcccp:Item title="Outbound%20E-mail%20Pre-processing" isSysItem="false" isExported="true" blueprintStatus="LocalItem" uri="3-147-8" extension="xsd" subtype="6" type="Schema" selection="ItemAndAllChildren" />
          <tcccp:Item title="Set%20Output%20Item%20By%20Email%20Mode" isSysItem="false" isExported="true" blueprintStatus="LocalItem" uri="3-149-2048" extension="tbbcs" subtype="0" type="TemplateBuildingBlock" selection="ItemAndAllChildren" />
          <tcccp:Item title="Tridion%2EOutboundEmail%2ETemplating%2ETemplates" isSysItem="false" isExported="true" blueprintStatus="LocalItem" uri="3-142-2048" extension="tbbasm" subtype="0" type="TemplateBuildingBlock" selection="ItemAndAllChildren" />
        </tcccp:Item>
        <tcccp:Item title="SDL%20External%20Content%20Library" isSysItem="false" isExported="true" blueprintStatus="LocalItem" uri="3-12-2" extension="" subtype="0" type="Folder" selection="ItemAndAllChildren">
          <tcccp:Item title="Adjust%20SiteEdit%202009%20markup%20for%20ECL%20items%20V2" isSysItem="false" isExported="true" blueprintStatus="LocalItem" uri="3-156-2048" extension="tbbcs" subtype="0" type="TemplateBuildingBlock" selection="ItemAndAllChildren" />
          <tcccp:Item title="Adjust%20SiteEdit%202009%20markup%20for%20External%20Content%20Library%20items" isSysItem="false" isExported="true" blueprintStatus="LocalItem" uri="3-164-2048" extension="tbbcs" subtype="0" type="TemplateBuildingBlock" selection="ItemAndAllChildren" />
          <tcccp:Item title="Adjust%20SiteEdit%202012%20markup%20for%20External%20Content%20Library%20items" isSysItem="false" isExported="true" blueprintStatus="LocalItem" uri="3-166-2048" extension="tbbcs" subtype="0" type="TemplateBuildingBlock" selection="ItemAndAllChildren" />
          <tcccp:Item title="Adjust%20inline%20editing%20markup%20for%20ECL%20items" isSysItem="false" isExported="true" blueprintStatus="LocalItem" uri="3-157-2048" extension="tbbcs" subtype="0" type="TemplateBuildingBlock" selection="ItemAndAllChildren" />
          <tcccp:Item title="External%20Content%20Library%20templating%20assembly" isSysItem="false" isExported="true" blueprintStatus="LocalItem" uri="3-155-2048" extension="tbbasm" subtype="0" type="TemplateBuildingBlock" selection="ItemAndAllChildren" />
          <tcccp:Item title="Resolve%20ECL%20items%20V2" isSysItem="false" isExported="true" blueprintStatus="LocalItem" uri="3-159-2048" extension="tbbcs" subtype="0" type="TemplateBuildingBlock" selection="ItemAndAllChildren" />
          <tcccp:Item title="Resolve%20ECL%20items%20V2" isSysItem="false" isExported="true" blueprintStatus="LocalItem" uri="3-158-8" extension="xsd" subtype="6" type="Schema" selection="ItemAndAllChildren" />
          <tcccp:Item title="Resolve%20External%20Content%20Library%20items" isSysItem="false" isExported="true" blueprintStatus="LocalItem" uri="3-167-2048" extension="tbbcs" subtype="0" type="TemplateBuildingBlock" selection="ItemAndAllChildren" />
          <tcccp:Item title="Search%20External%20Content%20Library%20items" isSysItem="false" isExported="true" blueprintStatus="LocalItem" uri="3-165-2048" extension="tbbcs" subtype="0" type="TemplateBuildingBlock" selection="ItemAndAllChildren" />
          <tcccp:Item title="Tridion%2EExternalContentLibrary%2ETemplating" isSysItem="false" isExported="true" blueprintStatus="LocalItem" uri="3-163-2048" extension="tbbasm" subtype="0" type="TemplateBuildingBlock" selection="ItemAndAllChildren" />
        </tcccp:Item>
        <tcccp:Item title="Activate%20Tracking" isSysItem="false" isExported="true" blueprintStatus="LocalItem" uri="3-111-2048" extension="tbbcs" subtype="0" type="TemplateBuildingBlock" selection="ItemAndAllChildren" />
        <tcccp:Item title="Cleanup%20Template" isSysItem="false" isExported="true" blueprintStatus="LocalItem" uri="3-112-2048" extension="tbbcs" subtype="0" type="TemplateBuildingBlock" selection="ItemAndAllChildren" />
        <tcccp:Item title="Component%20Query" isSysItem="false" isExported="true" blueprintStatus="LocalItem" uri="3-114-2048" extension="tbbcs" subtype="0" type="TemplateBuildingBlock" selection="ItemAndAllChildren" />
        <tcccp:Item title="Component%20Query" isSysItem="false" isExported="true" blueprintStatus="LocalItem" uri="3-113-8" extension="xsd" subtype="6" type="Schema" selection="ItemAndAllChildren" />
        <tcccp:Item title="Convert%20Html%20to%20Xml" isSysItem="false" isExported="true" blueprintStatus="LocalItem" uri="3-116-2048" extension="tbbcs" subtype="0" type="TemplateBuildingBlock" selection="ItemAndAllChildren" />
        <tcccp:Item title="Convert%20Html%20to%20Xml" isSysItem="false" isExported="true" blueprintStatus="LocalItem" uri="3-115-8" extension="xsd" subtype="6" type="Schema" selection="ItemAndAllChildren" />
        <tcccp:Item title="Convert%20Xml%20to%20Html" isSysItem="false" isExported="true" blueprintStatus="LocalItem" uri="3-118-2048" extension="tbbcs" subtype="0" type="TemplateBuildingBlock" selection="ItemAndAllChildren" />
        <tcccp:Item title="Convert%20Xml%20to%20Html" isSysItem="false" isExported="true" blueprintStatus="LocalItem" uri="3-117-8" extension="xsd" subtype="6" type="Schema" selection="ItemAndAllChildren" />
        <tcccp:Item title="Default%20Component%20Template%20for%20UGC" isSysItem="false" isExported="true" blueprintStatus="LocalItem" uri="3-153-32" extension="tctcmp" subtype="0" type="ComponentTemplate" selection="ItemAndAllChildren" />
        <tcccp:Item title="Default%20Component%20Template" isSysItem="false" isExported="true" blueprintStatus="LocalItem" uri="3-136-32" extension="tctcmp" subtype="0" type="ComponentTemplate" selection="ItemAndAllChildren" />
        <tcccp:Item title="Default%20Dreamweaver%20Component%20Design" isSysItem="false" isExported="true" blueprintStatus="LocalItem" uri="3-130-2048" extension="dwt" subtype="0" type="TemplateBuildingBlock" selection="ItemAndAllChildren" />
        <tcccp:Item title="Default%20Dreamweaver%20Page%20Design" isSysItem="false" isExported="true" blueprintStatus="LocalItem" uri="3-131-2048" extension="dwt" subtype="0" type="TemplateBuildingBlock" selection="ItemAndAllChildren" />
        <tcccp:Item title="Default%20Finish%20Actions" isSysItem="false" isExported="true" blueprintStatus="LocalItem" uri="3-134-2048" extension="tbbcmp" subtype="0" type="TemplateBuildingBlock" selection="ItemAndAllChildren" />
        <tcccp:Item title="Default%20Finish%20Actions" isSysItem="false" isExported="true" blueprintStatus="LocalItem" uri="3-133-8" extension="xsd" subtype="6" type="Schema" selection="ItemAndAllChildren" />
        <tcccp:Item title="Default%20Page%20Template%20for%20UGC" isSysItem="false" isExported="true" blueprintStatus="LocalItem" uri="3-154-128" extension="tptcmp" subtype="0" type="PageTemplate" selection="ItemAndAllChildren" />
        <tcccp:Item title="Default%20Page%20Template" isSysItem="false" isExported="true" blueprintStatus="LocalItem" uri="3-135-128" extension="tptcmp" subtype="0" type="PageTemplate" selection="ItemAndAllChildren" />
        <tcccp:Item title="Default%20UGC%20Dreamweaver%20Template%20design" isSysItem="false" isExported="true" blueprintStatus="LocalItem" uri="3-152-2048" extension="dwt" subtype="0" type="TemplateBuildingBlock" selection="ItemAndAllChildren" />
        <tcccp:Item title="Dreamweaver%20Region%20Selection" isSysItem="false" isExported="true" blueprintStatus="LocalItem" uri="3-129-8" extension="xsd" subtype="6" type="Schema" selection="ItemAndAllChildren" />
        <tcccp:Item title="Enable%20User%20Generated%20Content%20Processing" isSysItem="false" isExported="true" blueprintStatus="LocalItem" uri="3-151-2048" extension="tbbcs" subtype="0" type="TemplateBuildingBlock" selection="ItemAndAllChildren" />
        <tcccp:Item title="Enable%20inline%20editing%20for%20Page" isSysItem="false" isExported="true" blueprintStatus="LocalItem" uri="3-141-2048" extension="tbbcs" subtype="0" type="TemplateBuildingBlock" selection="ItemAndAllChildren" />
        <tcccp:Item title="Enable%20inline%20editing%20for%20Page" isSysItem="false" isExported="true" blueprintStatus="LocalItem" uri="3-140-8" extension="xsd" subtype="6" type="Schema" selection="ItemAndAllChildren" />
        <tcccp:Item title="Enable%20inline%20editing%20for%20content" isSysItem="false" isExported="true" blueprintStatus="LocalItem" uri="3-139-2048" extension="tbbcs" subtype="0" type="TemplateBuildingBlock" selection="ItemAndAllChildren" />
        <tcccp:Item title="Enable%20inline%20editing%20for%20content" isSysItem="false" isExported="true" blueprintStatus="LocalItem" uri="3-138-8" extension="xsd" subtype="6" type="Schema" selection="ItemAndAllChildren" />
        <tcccp:Item title="Extract%20Binaries%20from%20Html" isSysItem="false" isExported="true" blueprintStatus="LocalItem" uri="3-120-2048" extension="tbbcs" subtype="0" type="TemplateBuildingBlock" selection="ItemAndAllChildren" />
        <tcccp:Item title="Extract%20Binaries%20from%20Html" isSysItem="false" isExported="true" blueprintStatus="LocalItem" uri="3-119-8" extension="xsd" subtype="6" type="Schema" selection="ItemAndAllChildren" />
        <tcccp:Item title="Extract%20Components%20from%20Page" isSysItem="false" isExported="true" blueprintStatus="LocalItem" uri="3-121-2048" extension="tbbcs" subtype="0" type="TemplateBuildingBlock" selection="ItemAndAllChildren" />
        <tcccp:Item title="Image%20Resizer" isSysItem="false" isExported="true" blueprintStatus="LocalItem" uri="3-123-2048" extension="tbbcs" subtype="0" type="TemplateBuildingBlock" selection="ItemAndAllChildren" />
        <tcccp:Item title="Image%20Resizer" isSysItem="false" isExported="true" blueprintStatus="LocalItem" uri="3-122-8" extension="xsd" subtype="6" type="Schema" selection="ItemAndAllChildren" />
        <tcccp:Item title="Link%20Resolver" isSysItem="false" isExported="true" blueprintStatus="LocalItem" uri="3-125-2048" extension="tbbcs" subtype="0" type="TemplateBuildingBlock" selection="ItemAndAllChildren" />
        <tcccp:Item title="Link%20Resolver" isSysItem="false" isExported="true" blueprintStatus="LocalItem" uri="3-124-8" extension="xsd" subtype="6" type="Schema" selection="ItemAndAllChildren" />
        <tcccp:Item title="Publish%20Binaries%20in%20Package" isSysItem="false" isExported="true" blueprintStatus="LocalItem" uri="3-127-2048" extension="tbbcs" subtype="0" type="TemplateBuildingBlock" selection="ItemAndAllChildren" />
        <tcccp:Item title="Publish%20Binaries%20in%20Package" isSysItem="false" isExported="true" blueprintStatus="LocalItem" uri="3-126-8" extension="xsd" subtype="6" type="Schema" selection="ItemAndAllChildren" />
        <tcccp:Item title="Sample%20XSLT%20Component%20Design" isSysItem="false" isExported="true" blueprintStatus="LocalItem" uri="3-132-2048" extension="xslt" subtype="0" type="TemplateBuildingBlock" selection="ItemAndAllChildren" />
        <tcccp:Item title="Target%20Group%20Personalization" isSysItem="false" isExported="true" blueprintStatus="LocalItem" uri="3-128-2048" extension="tbbcs" subtype="0" type="TemplateBuildingBlock" selection="ItemAndAllChildren" />
        <tcccp:Item title="Tridion%2EExtensions%2EContextExpressions%2ETemplates" isSysItem="false" isExported="true" blueprintStatus="LocalItem" uri="3-160-2048" extension="tbbasm" subtype="0" type="TemplateBuildingBlock" selection="ItemAndAllChildren" />
        <tcccp:Item title="Tridion%2ESiteEdit%2ETemplating" isSysItem="false" isExported="true" blueprintStatus="LocalItem" uri="3-137-2048" extension="tbbasm" subtype="0" type="TemplateBuildingBlock" selection="ItemAndAllChildren" />
        <tcccp:Item title="Tridion%2EUgc%2ETemplating%2EDefaultTemplates" isSysItem="false" isExported="true" blueprintStatus="LocalItem" uri="3-150-2048" extension="tbbasm" subtype="0" type="TemplateBuildingBlock" selection="ItemAndAllChildren" />
      </tcccp:Item>
      <tcccp:Item title="System" isSysItem="false" isExported="true" blueprintStatus="LocalItem" uri="3-13-2" extension="" subtype="0" type="Folder" selection="ItemAndAllChildren">
        <tcccp:Item title="Schemas" isSysItem="false" isExported="true" blueprintStatus="LocalItem" uri="3-14-2" extension="" subtype="0" type="Folder" selection="ItemAndAllChildren">
          <tcccp:Item title="Content" isSysItem="false" isExported="true" blueprintStatus="LocalItem" uri="3-18-2" extension="" subtype="0" type="Folder" selection="ItemAndAllChildren" />
          <tcccp:Item title="Embeddable%20Schemas" isSysItem="false" isExported="true" blueprintStatus="LocalItem" uri="3-21-2" extension="" subtype="0" type="Folder" selection="ItemAndAllChildren" />
          <tcccp:Item title="Metadata%20Schemas" isSysItem="false" isExported="true" blueprintStatus="LocalItem" uri="3-19-2" extension="" subtype="0" type="Folder" selection="ItemAndAllChildren" />
          <tcccp:Item title="Multimedia%20Schemas" isSysItem="false" isExported="true" blueprintStatus="LocalItem" uri="3-15-2" extension="" subtype="0" type="Folder" selection="ItemAndAllChildren">
            <tcccp:Item title="Default%20Multimedia%20Schema" isSysItem="false" isExported="true" blueprintStatus="LocalItem" uri="3-161-8" extension="xsd" subtype="1" type="Schema" selection="ItemAndAllChildren" />
          </tcccp:Item>
          <tcccp:Item title="Parameter%20Schemas" isSysItem="false" isExported="true" blueprintStatus="LocalItem" uri="3-22-2" extension="" subtype="0" type="Folder" selection="ItemAndAllChildren" />
          <tcccp:Item title="System%20Schemas" isSysItem="false" isExported="true" blueprintStatus="LocalItem" uri="3-16-2" extension="" subtype="0" type="Folder" selection="ItemAndAllChildren" />
        </tcccp:Item>
      </tcccp:Item>
      <tcccp:Item title="Default%20Multimedia%20Schema" isSysItem="false" isExported="true" blueprintStatus="LocalItem" uri="3-110-8" extension="xsd" subtype="1" type="Schema" selection="ItemAndAllChildren" />
    </tcccp:Item>
    <tcccp:Item title="Root" isSysItem="false" isExported="true" blueprintStatus="LocalItem" uri="3-17-4" extension="" subtype="0" type="StructureGroup" selection="ItemAndAllChildren">
      <tcccp:Item title="test%20page" isSysItem="false" isExported="true" blueprintStatus="LocalItem" uri="3-162-64" extension="tpg" subtype="0" type="Page" selection="ItemAndAllChildren" />
    </tcccp:Item>
    <tcccp:Item title="Workflow" isSysItem="false" isExported="false" blueprintStatus="LocalItem" uri="0-0-0" extension="" subtype="0" type="VirtualItemWorkflow" selection="ItemAndAllChildren">
      <tcccp:Item title="Task%20Process" isSysItem="false" isExported="true" blueprintStatus="LocalItem" uri="3-3-131074" extension="tpd" subtype="0" type="ProcessDefinition" selection="ItemAndAllChildren" />
    </tcccp:Item>
  </tcccp:Item>
  <tcccp:Item title="010%20Schemas%20and%20Categories" isSysItem="false" isExported="true" blueprintStatus="LocalItem" uri="0-4-1" extension="" subtype="0" type="Publication" selection="ItemAndAllChildren">
    <tcccp:Item title="Building%20Blocks" isSysItem="false" isExported="true" blueprintStatus="SharedItem" uri="4-9-2" extension="" subtype="0" type="Folder" selection="ItemAndAllChildren">
      <tcccp:Item title="Content" isSysItem="false" isExported="true" blueprintStatus="SharedItem" uri="4-20-2" extension="" subtype="0" type="Folder" selection="ItemAndAllChildren" />
      <tcccp:Item title="Default%20Templates" isSysItem="false" isExported="true" blueprintStatus="SharedItem" uri="4-10-2" extension="" subtype="0" type="Folder" selection="ItemAndAllChildren">
        <tcccp:Item title="Outbound%20E-mail" isSysItem="false" isExported="true" blueprintStatus="SharedItem" uri="4-11-2" extension="" subtype="0" type="Folder" selection="ItemAndAllChildren">
          <tcccp:Item title="Generate%20Plain%20Text%20E-mail" isSysItem="false" isExported="true" blueprintStatus="SharedItem" uri="4-144-2048" extension="tbbcs" subtype="0" type="TemplateBuildingBlock" selection="ItemAndAllChildren" />
          <tcccp:Item title="Generate%20Plain%20Text%20E-mail" isSysItem="false" isExported="true" blueprintStatus="SharedItem" uri="4-143-8" extension="xsd" subtype="6" type="Schema" selection="ItemAndAllChildren" />
          <tcccp:Item title="Outbound%20E-mail%20Post-processing" isSysItem="false" isExported="true" blueprintStatus="SharedItem" uri="4-146-2048" extension="tbbcs" subtype="0" type="TemplateBuildingBlock" selection="ItemAndAllChildren" />
          <tcccp:Item title="Outbound%20E-mail%20Post-processing" isSysItem="false" isExported="true" blueprintStatus="SharedItem" uri="4-145-8" extension="xsd" subtype="6" type="Schema" selection="ItemAndAllChildren" />
          <tcccp:Item title="Outbound%20E-mail%20Pre-processing" isSysItem="false" isExported="true" blueprintStatus="SharedItem" uri="4-148-2048" extension="tbbcs" subtype="0" type="TemplateBuildingBlock" selection="ItemAndAllChildren" />
          <tcccp:Item title="Outbound%20E-mail%20Pre-processing" isSysItem="false" isExported="true" blueprintStatus="SharedItem" uri="4-147-8" extension="xsd" subtype="6" type="Schema" selection="ItemAndAllChildren" />
          <tcccp:Item title="Set%20Output%20Item%20By%20Email%20Mode" isSysItem="false" isExported="true" blueprintStatus="SharedItem" uri="4-149-2048" extension="tbbcs" subtype="0" type="TemplateBuildingBlock" selection="ItemAndAllChildren" />
          <tcccp:Item title="Tridion%2EOutboundEmail%2ETemplating%2ETemplates" isSysItem="false" isExported="true" blueprintStatus="SharedItem" uri="4-142-2048" extension="tbbasm" subtype="0" type="TemplateBuildingBlock" selection="ItemAndAllChildren" />
        </tcccp:Item>
        <tcccp:Item title="SDL%20External%20Content%20Library" isSysItem="false" isExported="true" blueprintStatus="SharedItem" uri="4-12-2" extension="" subtype="0" type="Folder" selection="ItemAndAllChildren">
          <tcccp:Item title="Adjust%20SiteEdit%202009%20markup%20for%20ECL%20items%20V2" isSysItem="false" isExported="true" blueprintStatus="SharedItem" uri="4-156-2048" extension="tbbcs" subtype="0" type="TemplateBuildingBlock" selection="ItemAndAllChildren" />
          <tcccp:Item title="Adjust%20SiteEdit%202009%20markup%20for%20External%20Content%20Library%20items" isSysItem="false" isExported="true" blueprintStatus="SharedItem" uri="4-164-2048" extension="tbbcs" subtype="0" type="TemplateBuildingBlock" selection="ItemAndAllChildren" />
          <tcccp:Item title="Adjust%20SiteEdit%202012%20markup%20for%20External%20Content%20Library%20items" isSysItem="false" isExported="true" blueprintStatus="SharedItem" uri="4-166-2048" extension="tbbcs" subtype="0" type="TemplateBuildingBlock" selection="ItemAndAllChildren" />
          <tcccp:Item title="Adjust%20inline%20editing%20markup%20for%20ECL%20items" isSysItem="false" isExported="true" blueprintStatus="SharedItem" uri="4-157-2048" extension="tbbcs" subtype="0" type="TemplateBuildingBlock" selection="ItemAndAllChildren" />
          <tcccp:Item title="External%20Content%20Library%20templating%20assembly" isSysItem="false" isExported="true" blueprintStatus="SharedItem" uri="4-155-2048" extension="tbbasm" subtype="0" type="TemplateBuildingBlock" selection="ItemAndAllChildren" />
          <tcccp:Item title="Resolve%20ECL%20items%20V2" isSysItem="false" isExported="true" blueprintStatus="SharedItem" uri="4-159-2048" extension="tbbcs" subtype="0" type="TemplateBuildingBlock" selection="ItemAndAllChildren" />
          <tcccp:Item title="Resolve%20ECL%20items%20V2" isSysItem="false" isExported="true" blueprintStatus="SharedItem" uri="4-158-8" extension="xsd" subtype="6" type="Schema" selection="ItemAndAllChildren" />
          <tcccp:Item title="Resolve%20External%20Content%20Library%20items" isSysItem="false" isExported="true" blueprintStatus="SharedItem" uri="4-167-2048" extension="tbbcs" subtype="0" type="TemplateBuildingBlock" selection="ItemAndAllChildren" />
          <tcccp:Item title="Search%20External%20Content%20Library%20items" isSysItem="false" isExported="true" blueprintStatus="SharedItem" uri="4-165-2048" extension="tbbcs" subtype="0" type="TemplateBuildingBlock" selection="ItemAndAllChildren" />
          <tcccp:Item title="Tridion%2EExternalContentLibrary%2ETemplating" isSysItem="false" isExported="true" blueprintStatus="SharedItem" uri="4-163-2048" extension="tbbasm" subtype="0" type="TemplateBuildingBlock" selection="ItemAndAllChildren" />
        </tcccp:Item>
        <tcccp:Item title="Activate%20Tracking" isSysItem="false" isExported="true" blueprintStatus="SharedItem" uri="4-111-2048" extension="tbbcs" subtype="0" type="TemplateBuildingBlock" selection="ItemAndAllChildren" />
        <tcccp:Item title="Cleanup%20Template" isSysItem="false" isExported="true" blueprintStatus="SharedItem" uri="4-112-2048" extension="tbbcs" subtype="0" type="TemplateBuildingBlock" selection="ItemAndAllChildren" />
        <tcccp:Item title="Component%20Query" isSysItem="false" isExported="true" blueprintStatus="SharedItem" uri="4-114-2048" extension="tbbcs" subtype="0" type="TemplateBuildingBlock" selection="ItemAndAllChildren" />
        <tcccp:Item title="Component%20Query" isSysItem="false" isExported="true" blueprintStatus="SharedItem" uri="4-113-8" extension="xsd" subtype="6" type="Schema" selection="ItemAndAllChildren" />
        <tcccp:Item title="Convert%20Html%20to%20Xml" isSysItem="false" isExported="true" blueprintStatus="SharedItem" uri="4-116-2048" extension="tbbcs" subtype="0" type="TemplateBuildingBlock" selection="ItemAndAllChildren" />
        <tcccp:Item title="Convert%20Html%20to%20Xml" isSysItem="false" isExported="true" blueprintStatus="SharedItem" uri="4-115-8" extension="xsd" subtype="6" type="Schema" selection="ItemAndAllChildren" />
        <tcccp:Item title="Convert%20Xml%20to%20Html" isSysItem="false" isExported="true" blueprintStatus="SharedItem" uri="4-118-2048" extension="tbbcs" subtype="0" type="TemplateBuildingBlock" selection="ItemAndAllChildren" />
        <tcccp:Item title="Convert%20Xml%20to%20Html" isSysItem="false" isExported="true" blueprintStatus="SharedItem" uri="4-117-8" extension="xsd" subtype="6" type="Schema" selection="ItemAndAllChildren" />
        <tcccp:Item title="Default%20Component%20Template%20for%20UGC" isSysItem="false" isExported="true" blueprintStatus="SharedItem" uri="4-153-32" extension="tctcmp" subtype="0" type="ComponentTemplate" selection="ItemAndAllChildren" />
        <tcccp:Item title="Default%20Component%20Template" isSysItem="false" isExported="true" blueprintStatus="SharedItem" uri="4-136-32" extension="tctcmp" subtype="0" type="ComponentTemplate" selection="ItemAndAllChildren" />
        <tcccp:Item title="Default%20Dreamweaver%20Component%20Design" isSysItem="false" isExported="true" blueprintStatus="SharedItem" uri="4-130-2048" extension="dwt" subtype="0" type="TemplateBuildingBlock" selection="ItemAndAllChildren" />
        <tcccp:Item title="Default%20Dreamweaver%20Page%20Design" isSysItem="false" isExported="true" blueprintStatus="SharedItem" uri="4-131-2048" extension="dwt" subtype="0" type="TemplateBuildingBlock" selection="ItemAndAllChildren" />
        <tcccp:Item title="Default%20Finish%20Actions" isSysItem="false" isExported="true" blueprintStatus="SharedItem" uri="4-134-2048" extension="tbbcmp" subtype="0" type="TemplateBuildingBlock" selection="ItemAndAllChildren" />
        <tcccp:Item title="Default%20Finish%20Actions" isSysItem="false" isExported="true" blueprintStatus="SharedItem" uri="4-133-8" extension="xsd" subtype="6" type="Schema" selection="ItemAndAllChildren" />
        <tcccp:Item title="Default%20Page%20Template%20for%20UGC" isSysItem="false" isExported="true" blueprintStatus="SharedItem" uri="4-154-128" extension="tptcmp" subtype="0" type="PageTemplate" selection="ItemAndAllChildren" />
        <tcccp:Item title="Default%20Page%20Template" isSysItem="false" isExported="true" blueprintStatus="SharedItem" uri="4-135-128" extension="tptcmp" subtype="0" type="PageTemplate" selection="ItemAndAllChildren" />
        <tcccp:Item title="Default%20UGC%20Dreamweaver%20Template%20design" isSysItem="false" isExported="true" blueprintStatus="SharedItem" uri="4-152-2048" extension="dwt" subtype="0" type="TemplateBuildingBlock" selection="ItemAndAllChildren" />
        <tcccp:Item title="Dreamweaver%20Region%20Selection" isSysItem="false" isExported="true" blueprintStatus="SharedItem" uri="4-129-8" extension="xsd" subtype="6" type="Schema" selection="ItemAndAllChildren" />
        <tcccp:Item title="Enable%20User%20Generated%20Content%20Processing" isSysItem="false" isExported="true" blueprintStatus="SharedItem" uri="4-151-2048" extension="tbbcs" subtype="0" type="TemplateBuildingBlock" selection="ItemAndAllChildren" />
        <tcccp:Item title="Enable%20inline%20editing%20for%20Page" isSysItem="false" isExported="true" blueprintStatus="SharedItem" uri="4-141-2048" extension="tbbcs" subtype="0" type="TemplateBuildingBlock" selection="ItemAndAllChildren" />
        <tcccp:Item title="Enable%20inline%20editing%20for%20Page" isSysItem="false" isExported="true" blueprintStatus="SharedItem" uri="4-140-8" extension="xsd" subtype="6" type="Schema" selection="ItemAndAllChildren" />
        <tcccp:Item title="Enable%20inline%20editing%20for%20content" isSysItem="false" isExported="true" blueprintStatus="SharedItem" uri="4-139-2048" extension="tbbcs" subtype="0" type="TemplateBuildingBlock" selection="ItemAndAllChildren" />
        <tcccp:Item title="Enable%20inline%20editing%20for%20content" isSysItem="false" isExported="true" blueprintStatus="SharedItem" uri="4-138-8" extension="xsd" subtype="6" type="Schema" selection="ItemAndAllChildren" />
        <tcccp:Item title="Extract%20Binaries%20from%20Html" isSysItem="false" isExported="true" blueprintStatus="SharedItem" uri="4-120-2048" extension="tbbcs" subtype="0" type="TemplateBuildingBlock" selection="ItemAndAllChildren" />
        <tcccp:Item title="Extract%20Binaries%20from%20Html" isSysItem="false" isExported="true" blueprintStatus="SharedItem" uri="4-119-8" extension="xsd" subtype="6" type="Schema" selection="ItemAndAllChildren" />
        <tcccp:Item title="Extract%20Components%20from%20Page" isSysItem="false" isExported="true" blueprintStatus="SharedItem" uri="4-121-2048" extension="tbbcs" subtype="0" type="TemplateBuildingBlock" selection="ItemAndAllChildren" />
        <tcccp:Item title="Image%20Resizer" isSysItem="false" isExported="true" blueprintStatus="SharedItem" uri="4-123-2048" extension="tbbcs" subtype="0" type="TemplateBuildingBlock" selection="ItemAndAllChildren" />
        <tcccp:Item title="Image%20Resizer" isSysItem="false" isExported="true" blueprintStatus="SharedItem" uri="4-122-8" extension="xsd" subtype="6" type="Schema" selection="ItemAndAllChildren" />
        <tcccp:Item title="Link%20Resolver" isSysItem="false" isExported="true" blueprintStatus="SharedItem" uri="4-125-2048" extension="tbbcs" subtype="0" type="TemplateBuildingBlock" selection="ItemAndAllChildren" />
        <tcccp:Item title="Link%20Resolver" isSysItem="false" isExported="true" blueprintStatus="SharedItem" uri="4-124-8" extension="xsd" subtype="6" type="Schema" selection="ItemAndAllChildren" />
        <tcccp:Item title="Publish%20Binaries%20in%20Package" isSysItem="false" isExported="true" blueprintStatus="SharedItem" uri="4-127-2048" extension="tbbcs" subtype="0" type="TemplateBuildingBlock" selection="ItemAndAllChildren" />
        <tcccp:Item title="Publish%20Binaries%20in%20Package" isSysItem="false" isExported="true" blueprintStatus="SharedItem" uri="4-126-8" extension="xsd" subtype="6" type="Schema" selection="ItemAndAllChildren" />
        <tcccp:Item title="Sample%20XSLT%20Component%20Design" isSysItem="false" isExported="true" blueprintStatus="SharedItem" uri="4-132-2048" extension="xslt" subtype="0" type="TemplateBuildingBlock" selection="ItemAndAllChildren" />
        <tcccp:Item title="Target%20Group%20Personalization" isSysItem="false" isExported="true" blueprintStatus="SharedItem" uri="4-128-2048" extension="tbbcs" subtype="0" type="TemplateBuildingBlock" selection="ItemAndAllChildren" />
        <tcccp:Item title="Tridion%2EExtensions%2EContextExpressions%2ETemplates" isSysItem="false" isExported="true" blueprintStatus="SharedItem" uri="4-160-2048" extension="tbbasm" subtype="0" type="TemplateBuildingBlock" selection="ItemAndAllChildren" />
        <tcccp:Item title="Tridion%2ESiteEdit%2ETemplating" isSysItem="false" isExported="true" blueprintStatus="SharedItem" uri="4-137-2048" extension="tbbasm" subtype="0" type="TemplateBuildingBlock" selection="ItemAndAllChildren" />
        <tcccp:Item title="Tridion%2EUgc%2ETemplating%2EDefaultTemplates" isSysItem="false" isExported="true" blueprintStatus="SharedItem" uri="4-150-2048" extension="tbbasm" subtype="0" type="TemplateBuildingBlock" selection="ItemAndAllChildren" />
      </tcccp:Item>
      <tcccp:Item title="System" isSysItem="false" isExported="true" blueprintStatus="SharedItem" uri="4-13-2" extension="" subtype="0" type="Folder" selection="ItemAndAllChildren">
        <tcccp:Item title="Component%20Templates" isSysItem="false" isExported="true" blueprintStatus="LocalItem" uri="4-35-2" extension="" subtype="0" type="Folder" selection="ItemAndAllChildren" />
        <tcccp:Item title="Page%20Templates" isSysItem="false" isExported="true" blueprintStatus="LocalItem" uri="4-34-2" extension="" subtype="0" type="Folder" selection="ItemAndAllChildren" />
        <tcccp:Item title="Schemas" isSysItem="false" isExported="true" blueprintStatus="SharedItem" uri="4-14-2" extension="" subtype="0" type="Folder" selection="ItemAndAllChildren">
          <tcccp:Item title="Content" isSysItem="false" isExported="true" blueprintStatus="SharedItem" uri="4-18-2" extension="" subtype="0" type="Folder" selection="ItemAndAllChildren">
            <tcccp:Item title="Generic%20Article" isSysItem="false" isExported="true" blueprintStatus="LocalItem" uri="4-202-8" extension="xsd" subtype="0" type="Schema" selection="ItemAndAllChildren" />
            <tcccp:Item title="Generic%20Body%20copy" isSysItem="false" isExported="true" blueprintStatus="LocalItem" uri="4-201-8" extension="xsd" subtype="0" type="Schema" selection="ItemAndAllChildren" />
            <tcccp:Item title="Generic%20Call%20to%20Action" isSysItem="false" isExported="true" blueprintStatus="LocalItem" uri="4-204-8" extension="xsd" subtype="0" type="Schema" selection="ItemAndAllChildren" />
            <tcccp:Item title="Generic%20Component%20List" isSysItem="false" isExported="true" blueprintStatus="LocalItem" uri="4-206-8" extension="xsd" subtype="0" type="Schema" selection="ItemAndAllChildren" />
            <tcccp:Item title="Generic%20Image%20List" isSysItem="false" isExported="true" blueprintStatus="LocalItem" uri="4-207-8" extension="xsd" subtype="0" type="Schema" selection="ItemAndAllChildren" />
            <tcccp:Item title="Generic%20Image" isSysItem="false" isExported="true" blueprintStatus="LocalItem" uri="4-208-8" extension="xsd" subtype="0" type="Schema" selection="ItemAndAllChildren" />
            <tcccp:Item title="Generic%20Link%20List" isSysItem="false" isExported="true" blueprintStatus="LocalItem" uri="4-205-8" extension="xsd" subtype="0" type="Schema" selection="ItemAndAllChildren" />
            <tcccp:Item title="Generic%20Video%20List" isSysItem="false" isExported="true" blueprintStatus="LocalItem" uri="4-210-8" extension="xsd" subtype="0" type="Schema" selection="ItemAndAllChildren" />
            <tcccp:Item title="Generic%20Video" isSysItem="false" isExported="true" blueprintStatus="LocalItem" uri="4-209-8" extension="xsd" subtype="0" type="Schema" selection="ItemAndAllChildren" />
          </tcccp:Item>
          <tcccp:Item title="Embeddable%20Schemas" isSysItem="false" isExported="true" blueprintStatus="SharedItem" uri="4-21-2" extension="" subtype="0" type="Folder" selection="ItemAndAllChildren">
            <tcccp:Item title="Embedded%20Generic%20Basic%20Link%20Rich%20Text" isSysItem="false" isExported="true" blueprintStatus="LocalItem" uri="4-184-8" extension="xsd" subtype="2" type="Schema" selection="ItemAndAllChildren" />
            <tcccp:Item title="Embedded%20Generic%20Basic%20Link" isSysItem="false" isExported="true" blueprintStatus="LocalItem" uri="4-183-8" extension="xsd" subtype="2" type="Schema" selection="ItemAndAllChildren" />
            <tcccp:Item title="Embedded%20Header" isSysItem="false" isExported="true" blueprintStatus="LocalItem" uri="4-199-8" extension="xsd" subtype="2" type="Schema" selection="ItemAndAllChildren" />
            <tcccp:Item title="Embedded%20Image" isSysItem="false" isExported="true" blueprintStatus="LocalItem" uri="4-189-8" extension="xsd" subtype="2" type="Schema" selection="ItemAndAllChildren" />
            <tcccp:Item title="Embedded%20Legal" isSysItem="false" isExported="true" blueprintStatus="LocalItem" uri="4-193-8" extension="xsd" subtype="2" type="Schema" selection="ItemAndAllChildren" />
            <tcccp:Item title="Embedded%20Media%20Metadata" isSysItem="false" isExported="true" blueprintStatus="LocalItem" uri="4-191-8" extension="xsd" subtype="2" type="Schema" selection="ItemAndAllChildren" />
            <tcccp:Item title="Embedded%20Paragraph" isSysItem="false" isExported="true" blueprintStatus="LocalItem" uri="4-168-8" extension="xsd" subtype="2" type="Schema" selection="ItemAndAllChildren" />
            <tcccp:Item title="Embedded%20Video%20Attributes" isSysItem="false" isExported="true" blueprintStatus="LocalItem" uri="4-217-8" extension="xsd" subtype="2" type="Schema" selection="ItemAndAllChildren" />
            <tcccp:Item title="Key%20Value%20Pair%20-%20Rich%20Text" isSysItem="false" isExported="true" blueprintStatus="LocalItem" uri="4-170-8" extension="xsd" subtype="2" type="Schema" selection="ItemAndAllChildren" />
            <tcccp:Item title="Key%20Value%20Pair%20Embeddable" isSysItem="false" isExported="true" blueprintStatus="LocalItem" uri="4-182-8" extension="xsd" subtype="2" type="Schema" selection="ItemAndAllChildren" />
            <tcccp:Item title="Links" isSysItem="false" isExported="true" blueprintStatus="LocalItem" uri="4-186-8" extension="xsd" subtype="0" type="Schema" selection="ItemAndAllChildren" />
          </tcccp:Item>
          <tcccp:Item title="Metadata%20Schemas" isSysItem="false" isExported="true" blueprintStatus="SharedItem" uri="4-19-2" extension="" subtype="0" type="Folder" selection="ItemAndAllChildren">
            <tcccp:Item title="Code%20Metadata" isSysItem="false" isExported="true" blueprintStatus="LocalItem" uri="4-185-8" extension="xsd" subtype="3" type="Schema" selection="ItemAndAllChildren" />
            <tcccp:Item title="Page%20Metadata" isSysItem="false" isExported="true" blueprintStatus="LocalItem" uri="4-176-8" extension="xsd" subtype="3" type="Schema" selection="ItemAndAllChildren" />
            <tcccp:Item title="Structure%20Group%20Metadata" isSysItem="false" isExported="true" blueprintStatus="LocalItem" uri="4-169-8" extension="xsd" subtype="3" type="Schema" selection="ItemAndAllChildren" />
          </tcccp:Item>
          <tcccp:Item title="Multimedia%20Schemas" isSysItem="false" isExported="true" blueprintStatus="SharedItem" uri="4-15-2" extension="" subtype="0" type="Folder" selection="ItemAndAllChildren">
            <tcccp:Item title="Audio" isSysItem="false" isExported="true" blueprintStatus="LocalItem" uri="4-181-8" extension="xsd" subtype="1" type="Schema" selection="ItemAndAllChildren" />
            <tcccp:Item title="CSS" isSysItem="false" isExported="true" blueprintStatus="LocalItem" uri="4-174-8" extension="xsd" subtype="1" type="Schema" selection="ItemAndAllChildren" />
            <tcccp:Item title="Default%20Multimedia%20Schema" isSysItem="false" isExported="true" blueprintStatus="SharedItem" uri="4-161-8" extension="xsd" subtype="1" type="Schema" selection="ItemAndAllChildren" />
            <tcccp:Item title="Image" isSysItem="false" isExported="true" blueprintStatus="LocalItem" uri="4-177-8" extension="xsd" subtype="1" type="Schema" selection="ItemAndAllChildren" />
            <tcccp:Item title="JavaScript" isSysItem="false" isExported="true" blueprintStatus="LocalItem" uri="4-175-8" extension="xsd" subtype="1" type="Schema" selection="ItemAndAllChildren" />
            <tcccp:Item title="Office%20PDF%20Document" isSysItem="false" isExported="true" blueprintStatus="LocalItem" uri="4-173-8" extension="xsd" subtype="1" type="Schema" selection="ItemAndAllChildren" />
            <tcccp:Item title="Videos" isSysItem="false" isExported="true" blueprintStatus="LocalItem" uri="4-171-8" extension="xsd" subtype="1" type="Schema" selection="ItemAndAllChildren" />
          </tcccp:Item>
          <tcccp:Item title="Parameter%20Schemas" isSysItem="false" isExported="true" blueprintStatus="SharedItem" uri="4-22-2" extension="" subtype="0" type="Folder" selection="ItemAndAllChildren">
            <tcccp:Item title="Item%20Uri" isSysItem="false" isExported="true" blueprintStatus="LocalItem" uri="4-179-8" extension="xsd" subtype="6" type="Schema" selection="ItemAndAllChildren" />
            <tcccp:Item title="Publish%20Binaries%20to%20Specific%20Locations" isSysItem="false" isExported="true" blueprintStatus="LocalItem" uri="4-172-8" extension="xsd" subtype="6" type="Schema" selection="ItemAndAllChildren" />
          </tcccp:Item>
          <tcccp:Item title="System%20Schemas" isSysItem="false" isExported="true" blueprintStatus="SharedItem" uri="4-16-2" extension="" subtype="0" type="Folder" selection="ItemAndAllChildren">
            <tcccp:Item title="Code" isSysItem="false" isExported="true" blueprintStatus="LocalItem" uri="4-180-8" extension="xsd" subtype="0" type="Schema" selection="ItemAndAllChildren" />
            <tcccp:Item title="Dummy" isSysItem="false" isExported="true" blueprintStatus="LocalItem" uri="4-187-8" extension="xsd" subtype="0" type="Schema" selection="ItemAndAllChildren" />
          </tcccp:Item>
        </tcccp:Item>
        <tcccp:Item title="Template%20Building%20Blocks" isSysItem="false" isExported="true" blueprintStatus="LocalItem" uri="4-23-2" extension="" subtype="0" type="Folder" selection="ItemAndAllChildren">
          <tcccp:Item title="%2ENet%20TBBs" isSysItem="false" isExported="true" blueprintStatus="LocalItem" uri="4-32-2" extension="" subtype="0" type="Folder" selection="ItemAndAllChildren" />
          <tcccp:Item title="C%23%20Fragments" isSysItem="false" isExported="true" blueprintStatus="LocalItem" uri="4-28-2" extension="" subtype="0" type="Folder" selection="ItemAndAllChildren" />
          <tcccp:Item title="Dreamweaver%20TBBs" isSysItem="false" isExported="true" blueprintStatus="LocalItem" uri="4-24-2" extension="" subtype="0" type="Folder" selection="ItemAndAllChildren">
            <tcccp:Item title="Component%20DWT%20Design" isSysItem="false" isExported="true" blueprintStatus="LocalItem" uri="4-25-2" extension="" subtype="0" type="Folder" selection="ItemAndAllChildren">
              <tcccp:Item title="Code%20Snippet%20DWT" isSysItem="false" isExported="true" blueprintStatus="LocalItem" uri="4-188-2048" extension="dwt" subtype="0" type="TemplateBuildingBlock" selection="ItemAndAllChildren" />
            </tcccp:Item>
            <tcccp:Item title="Page%20DWT%20Design" isSysItem="false" isExported="true" blueprintStatus="LocalItem" uri="4-30-2" extension="" subtype="0" type="Folder" selection="ItemAndAllChildren" />
          </tcccp:Item>
          <tcccp:Item title="Razor%20TBBs" isSysItem="false" isExported="true" blueprintStatus="LocalItem" uri="4-29-2" extension="" subtype="0" type="Folder" selection="ItemAndAllChildren">
            <tcccp:Item title="Component%20Razor%20Design" isSysItem="false" isExported="true" blueprintStatus="LocalItem" uri="4-31-2" extension="" subtype="0" type="Folder" selection="ItemAndAllChildren" />
            <tcccp:Item title="Page%20Razor%20Design" isSysItem="false" isExported="true" blueprintStatus="LocalItem" uri="4-33-2" extension="" subtype="0" type="Folder" selection="ItemAndAllChildren" />
          </tcccp:Item>
        </tcccp:Item>
      </tcccp:Item>
      <tcccp:Item title="Default%20Multimedia%20Schema" isSysItem="false" isExported="true" blueprintStatus="SharedItem" uri="4-110-8" extension="xsd" subtype="1" type="Schema" selection="ItemAndAllChildren" />
    </tcccp:Item>
    <tcccp:Item title="Root" isSysItem="false" isExported="true" blueprintStatus="SharedItem" uri="4-17-4" extension="" subtype="0" type="StructureGroup" selection="ItemAndAllChildren">
      <tcccp:Item title="test%20page" isSysItem="false" isExported="true" blueprintStatus="SharedItem" uri="4-162-64" extension="tpg" subtype="0" type="Page" selection="ItemAndAllChildren" />
    </tcccp:Item>
    <tcccp:Item title="Categories%20and%20Keywords" isSysItem="false" isExported="false" blueprintStatus="LocalItem" uri="0-0-0" extension="" subtype="0" type="VirtualItemCategoriesAndKeywords" selection="ItemAndAllChildren">
      <tcccp:Item title="Social%20Media" isSysItem="false" isExported="true" blueprintStatus="LocalItem" uri="4-36-512" extension="" subtype="0" type="Category" selection="ItemAndAllChildren">
        <tcccp:Item title="facebook" isSysItem="false" isExported="true" blueprintStatus="LocalItem" uri="4-194-1024" extension="tkw" subtype="0" type="Keyword" selection="ItemAndAllChildren" />
        <tcccp:Item title="foursquare" isSysItem="false" isExported="true" blueprintStatus="LocalItem" uri="4-198-1024" extension="tkw" subtype="0" type="Keyword" selection="ItemAndAllChildren" />
        <tcccp:Item title="googleplus" isSysItem="false" isExported="true" blueprintStatus="LocalItem" uri="4-197-1024" extension="tkw" subtype="0" type="Keyword" selection="ItemAndAllChildren" />
        <tcccp:Item title="linkedin" isSysItem="false" isExported="true" blueprintStatus="LocalItem" uri="4-196-1024" extension="tkw" subtype="0" type="Keyword" selection="ItemAndAllChildren" />
        <tcccp:Item title="twitter" isSysItem="false" isExported="true" blueprintStatus="LocalItem" uri="4-195-1024" extension="tkw" subtype="0" type="Keyword" selection="ItemAndAllChildren" />
      </tcccp:Item>
      <tcccp:Item title="Aspect%20Ratios" isSysItem="false" isExported="true" blueprintStatus="LocalItem" uri="4-37-512" extension="" subtype="0" type="Category" selection="ItemAndAllChildren">
        <tcccp:Item title="1%3A1" isSysItem="false" isExported="true" blueprintStatus="LocalItem" uri="4-216-1024" extension="tkw" subtype="0" type="Keyword" selection="ItemAndAllChildren" />
        <tcccp:Item title="16%3A9" isSysItem="false" isExported="true" blueprintStatus="LocalItem" uri="4-213-1024" extension="tkw" subtype="0" type="Keyword" selection="ItemAndAllChildren" />
        <tcccp:Item title="3%3A2" isSysItem="false" isExported="true" blueprintStatus="LocalItem" uri="4-212-1024" extension="tkw" subtype="0" type="Keyword" selection="ItemAndAllChildren" />
        <tcccp:Item title="4%3A3" isSysItem="false" isExported="true" blueprintStatus="LocalItem" uri="4-211-1024" extension="tkw" subtype="0" type="Keyword" selection="ItemAndAllChildren" />
        <tcccp:Item title="5%3A3" isSysItem="false" isExported="true" blueprintStatus="LocalItem" uri="4-214-1024" extension="tkw" subtype="0" type="Keyword" selection="ItemAndAllChildren" />
        <tcccp:Item title="5%3A4" isSysItem="false" isExported="true" blueprintStatus="LocalItem" uri="4-215-1024" extension="tkw" subtype="0" type="Keyword" selection="ItemAndAllChildren" />
      </tcccp:Item>
    </tcccp:Item>
    <tcccp:Item title="Workflow" isSysItem="false" isExported="false" blueprintStatus="LocalItem" uri="0-0-0" extension="" subtype="0" type="VirtualItemWorkflow" selection="ItemAndAllChildren">
      <tcccp:Item title="Task%20Process" isSysItem="false" isExported="true" blueprintStatus="SharedItem" uri="4-3-131074" extension="tpd" subtype="0" type="ProcessDefinition" selection="ItemAndAllChildren" />
    </tcccp:Item>
  </tcccp:Item>
</tcccp:Index>