<?xml version="1.0" encoding="utf-8"?><tcccp:Index version="3.3" automaticTrusteeId="3" isExtension="true" hasGlobalApplicationData="false" xmlns:tcccp="http://www.tridion.com/ContentManager/5.2/ImportExport"><tcccp:Item title="010%20Schemas%20and%20Categories" type="Publication" subtype="0" extension="" uri="0-3-1" hasApplicationData="false"><tcccp:Item title="Building%20Blocks" type="Folder" subtype="0" extension="" uri="3-5-2" hasApplicationData="false"><tcccp:Item title="System" type="Folder" subtype="0" extension="" uri="3-1013-2" hasApplicationData="false"><tcccp:Item title="Schemas" type="Folder" subtype="0" extension="" uri="3-1014-2" hasApplicationData="false"><tcccp:Item title="Multimedia%20Schemas" type="Folder" subtype="0" extension="" uri="3-1018-2" hasApplicationData="false"><tcccp:Item title="Default%20Multimedia%20Schema" type="Schema" subtype="1" extension="xsd" uri="3-58-8" hasApplicationData="false" /><tcccp:Item title="Image" type="Schema" subtype="1" extension="xsd" uri="3-1131-8" hasApplicationData="false" /><tcccp:Item title="CSS" type="Schema" subtype="1" extension="xsd" uri="3-1144-8" hasApplicationData="false" /><tcccp:Item title="JavaScript" type="Schema" subtype="1" extension="xsd" uri="3-1145-8" hasApplicationData="false" /><tcccp:Item title="Audio" type="Schema" subtype="1" extension="xsd" uri="3-1130-8" hasApplicationData="false" /><tcccp:Item title="Office%20PDF%20Document" type="Schema" subtype="1" extension="xsd" uri="3-1132-8" hasApplicationData="false" /><tcccp:Item title="Videos" type="Schema" subtype="1" extension="xsd" uri="3-1133-8" hasApplicationData="false" /></tcccp:Item><tcccp:Item title="Content" type="Folder" subtype="0" extension="" uri="3-1015-2" hasApplicationData="false"><tcccp:Item title="Code" type="Schema" subtype="0" extension="xsd" uri="3-1126-8" hasApplicationData="false" /><tcccp:Item title="Dummy" type="Schema" subtype="0" extension="xsd" uri="3-1127-8" hasApplicationData="false" /><tcccp:Item title="General%20Body%20Copy" type="Schema" subtype="0" extension="xsd" uri="3-2150-8" hasApplicationData="false" /><tcccp:Item title="General%20Body%20Header" type="Schema" subtype="0" extension="xsd" uri="3-2154-8" hasApplicationData="false" /><tcccp:Item title="General%20Call%20to%20Action" type="Schema" subtype="0" extension="xsd" uri="3-2153-8" hasApplicationData="false" /><tcccp:Item title="General%20Component%20Collection" type="Schema" subtype="0" extension="xsd" uri="3-2157-8" hasApplicationData="false" /><tcccp:Item title="General%20Link%20List" type="Schema" subtype="0" extension="xsd" uri="3-2155-8" hasApplicationData="false" /></tcccp:Item><tcccp:Item title="Embeddable%20Schemas" type="Folder" subtype="0" extension="" uri="3-1016-2" hasApplicationData="false"><tcccp:Item title="Paragraph%20with%20Media" type="Schema" subtype="2" extension="xsd" uri="3-2151-8" hasApplicationData="false" /><tcccp:Item title="Generic%20Paragraph" type="Schema" subtype="2" extension="xsd" uri="3-2149-8" hasApplicationData="false" /><tcccp:Item title="Generic%20Call%20to%20Action" type="Schema" subtype="2" extension="xsd" uri="3-2156-8" hasApplicationData="false" /><tcccp:Item title="Generic%20Basic%20Link" type="Schema" subtype="2" extension="xsd" uri="3-1140-8" hasApplicationData="false" /><tcccp:Item title="Key%20Value%20Pair" type="Schema" subtype="2" extension="xsd" uri="3-1138-8" hasApplicationData="false" /><tcccp:Item title="Generic%20Basic%20Link%20-%20Rich%20Text" type="Schema" subtype="2" extension="xsd" uri="3-1141-8" hasApplicationData="false" /><tcccp:Item title="Generic%20Basic%20Link%20List" type="Schema" subtype="2" extension="xsd" uri="3-2148-8" hasApplicationData="false" /><tcccp:Item title="Generic%20Image" type="Schema" subtype="2" extension="xsd" uri="3-1142-8" hasApplicationData="false" /><tcccp:Item title="Key%20Value%20Pair%20-%20Rich%20Text" type="Schema" subtype="2" extension="xsd" uri="3-1139-8" hasApplicationData="false" /><tcccp:Item title="Webtrends" type="Schema" subtype="2" extension="xsd" uri="3-1135-8" hasApplicationData="false" /></tcccp:Item><tcccp:Item title="Metadata%20Schemas" type="Folder" subtype="0" extension="" uri="3-1017-2" hasApplicationData="false"><tcccp:Item title="Code%20Metadata" type="Schema" subtype="3" extension="xsd" uri="3-1146-8" hasApplicationData="false" /><tcccp:Item title="Page%20Metadata" type="Schema" subtype="3" extension="xsd" uri="3-1134-8" hasApplicationData="false" /><tcccp:Item title="Structure%20Group%20Metadata" type="Schema" subtype="3" extension="xsd" uri="3-1137-8" hasApplicationData="false" /></tcccp:Item><tcccp:Item title="Parameter%20Schemas" type="Folder" subtype="0" extension="" uri="3-1019-2" hasApplicationData="false"><tcccp:Item title="Item%20Uri" type="Schema" subtype="6" extension="xsd" uri="3-1128-8" hasApplicationData="false" /><tcccp:Item title="Publish%20Binaries%20to%20Specific%20Locations" type="Schema" subtype="6" extension="xsd" uri="3-1129-8" hasApplicationData="false" /></tcccp:Item><tcccp:Item title="System%20Schemas" type="Folder" subtype="0" extension="" uri="3-1020-2" hasApplicationData="false" /></tcccp:Item></tcccp:Item><tcccp:Item title="Default%20Templates" type="Folder" subtype="0" extension="" uri="3-6-2" hasApplicationData="false"><tcccp:Item title="Default%20Dreamweaver%20Page%20Design" type="TemplateBuildingBlock" subtype="0" extension="dwt" uri="3-79-2048" hasApplicationData="false" /><tcccp:Item title="Default%20Component%20Template" type="ComponentTemplate" subtype="0" extension="tctcmp" uri="3-84-32" hasApplicationData="false" /><tcccp:Item title="Default%20Dreamweaver%20Component%20Design" type="TemplateBuildingBlock" subtype="0" extension="dwt" uri="3-78-2048" hasApplicationData="false" /><tcccp:Item title="Dreamweaver%20Region%20Selection" type="Schema" subtype="6" extension="xsd" uri="3-77-8" hasApplicationData="false" /><tcccp:Item title="Default%20Finish%20Actions" type="TemplateBuildingBlock" subtype="0" extension="tbbcmp" uri="3-82-2048" hasApplicationData="false" /><tcccp:Item title="Default%20Finish%20Actions" type="Schema" subtype="6" extension="xsd" uri="3-81-8" hasApplicationData="false" /><tcccp:Item title="Publish%20Binaries%20in%20Package" type="TemplateBuildingBlock" subtype="0" extension="tbbcs" uri="3-75-2048" hasApplicationData="false" /><tcccp:Item title="Publish%20Binaries%20in%20Package" type="Schema" subtype="6" extension="xsd" uri="3-74-8" hasApplicationData="false" /><tcccp:Item title="Link%20Resolver" type="TemplateBuildingBlock" subtype="0" extension="tbbcs" uri="3-73-2048" hasApplicationData="false" /><tcccp:Item title="Link%20Resolver" type="Schema" subtype="6" extension="xsd" uri="3-72-8" hasApplicationData="false" /><tcccp:Item title="Target%20Group%20Personalization" type="TemplateBuildingBlock" subtype="0" extension="tbbcs" uri="3-76-2048" hasApplicationData="false" /><tcccp:Item title="Cleanup%20Template" type="TemplateBuildingBlock" subtype="0" extension="tbbcs" uri="3-60-2048" hasApplicationData="false" /><tcccp:Item title="Convert%20Xml%20to%20Html" type="TemplateBuildingBlock" subtype="0" extension="tbbcs" uri="3-66-2048" hasApplicationData="false" /><tcccp:Item title="Convert%20Xml%20to%20Html" type="Schema" subtype="6" extension="xsd" uri="3-65-8" hasApplicationData="false" /><tcccp:Item title="Default%20Page%20Template" type="PageTemplate" subtype="0" extension="tptcmp" uri="3-83-128" hasApplicationData="false" /><tcccp:Item title="Extract%20Components%20from%20Page" type="TemplateBuildingBlock" subtype="0" extension="tbbcs" uri="3-69-2048" hasApplicationData="false" /></tcccp:Item></tcccp:Item><tcccp:Item title="Workflow" type="VirtualItemWorkflow" subtype="0" extension="" uri="0-0-0" hasApplicationData="false"><tcccp:Item title="Task%20Process" type="ProcessDefinition" subtype="0" extension="tpd" uri="3-2-131074" hasApplicationData="false" /></tcccp:Item></tcccp:Item><tcccp:Item title="System%20Administration" type="VirtualItemSystemAdministration" subtype="0" extension="" uri="0-0-0" hasApplicationData="false"><tcccp:Item title="Content%20Configuration" type="VirtualItemContentConfiguration" subtype="0" extension="" uri="0-0-0" hasApplicationData="false"><tcccp:Item title="Multimedia%20Types" type="VirtualItemMultimediaTypes" subtype="0" extension="" uri="0-0-0" hasApplicationData="false"><tcccp:Item title="Gif%20image" type="MultimediaType" subtype="0" extension="tmt" uri="0-1-65544" hasApplicationData="false" /><tcccp:Item title="Jpeg%20image" type="MultimediaType" subtype="0" extension="tmt" uri="0-2-65544" hasApplicationData="false" /><tcccp:Item title="Png%20image" type="MultimediaType" subtype="0" extension="tmt" uri="0-3-65544" hasApplicationData="false" /><tcccp:Item title="Word%20document" type="MultimediaType" subtype="0" extension="tmt" uri="0-4-65544" hasApplicationData="false" /><tcccp:Item title="Excel%20sheet" type="MultimediaType" subtype="0" extension="tmt" uri="0-5-65544" hasApplicationData="false" /><tcccp:Item title="Powerpoint%20presentation" type="MultimediaType" subtype="0" extension="tmt" uri="0-6-65544" hasApplicationData="false" /><tcccp:Item title="Pdf%20document" type="MultimediaType" subtype="0" extension="tmt" uri="0-7-65544" hasApplicationData="false" /><tcccp:Item title="Sound%20file" type="MultimediaType" subtype="0" extension="tmt" uri="0-8-65544" hasApplicationData="false" /><tcccp:Item title="Plain%20text" type="MultimediaType" subtype="0" extension="tmt" uri="0-9-65544" hasApplicationData="false" /><tcccp:Item title="Rich%20text" type="MultimediaType" subtype="0" extension="tmt" uri="0-10-65544" hasApplicationData="false" /><tcccp:Item title="Executable" type="MultimediaType" subtype="0" extension="tmt" uri="0-11-65544" hasApplicationData="false" /><tcccp:Item title="MSAccess%20database" type="MultimediaType" subtype="0" extension="tmt" uri="0-12-65544" hasApplicationData="false" /><tcccp:Item title="Bitmap%20image" type="MultimediaType" subtype="0" extension="tmt" uri="0-13-65544" hasApplicationData="false" /><tcccp:Item title="Real%20player" type="MultimediaType" subtype="0" extension="tmt" uri="0-14-65544" hasApplicationData="false" /><tcccp:Item title="QuickTime%20movie" type="MultimediaType" subtype="0" extension="tmt" uri="0-15-65544" hasApplicationData="false" /><tcccp:Item title="Mp3%20music" type="MultimediaType" subtype="0" extension="tmt" uri="0-16-65544" hasApplicationData="false" /><tcccp:Item title="Mpeg%20video" type="MultimediaType" subtype="0" extension="tmt" uri="0-17-65544" hasApplicationData="false" /><tcccp:Item title="Flash%20file" type="MultimediaType" subtype="0" extension="tmt" uri="0-18-65544" hasApplicationData="false" /><tcccp:Item title="Cascading%20style%20sheet" type="MultimediaType" subtype="0" extension="tmt" uri="0-19-65544" hasApplicationData="false" /><tcccp:Item title="Java%20script" type="MultimediaType" subtype="0" extension="tmt" uri="0-20-65544" hasApplicationData="false" /><tcccp:Item title="Configuration%20settings" type="MultimediaType" subtype="0" extension="tmt" uri="0-21-65544" hasApplicationData="false" /><tcccp:Item title="Adobe%20Flash%20Video" type="MultimediaType" subtype="0" extension="tmt" uri="0-23-65544" hasApplicationData="false" /></tcccp:Item></tcccp:Item><tcccp:Item title="Access%20Management" type="VirtualItemAccessManagement" subtype="0" extension="" uri="0-0-0" hasApplicationData="false"><tcccp:Item title="Groups" type="VirtualItemGroups" subtype="0" extension="" uri="0-0-0" hasApplicationData="false"><tcccp:Item title="Everyone" type="Group" subtype="0" extension="tgp" uri="0-0-0" hasApplicationData="false" /></tcccp:Item></tcccp:Item></tcccp:Item></tcccp:Index>