<?xml version="1.0" encoding="utf-8"?><tcccp:Mappings version="3.3" xmlns:tcccp="http://www.tridion.com/ContentManager/5.2/ImportExport"><tcccp:ItemSet role="ComponentTemplate"><tcccp:Mapping exportContext="/010%20Schemas%20and%20Categories/Building%20Blocks/Default%20Templates" exportTitle="Default%20Component%20Template.tctcmp" importContext="" importTitle="" /></tcccp:ItemSet><tcccp:ItemSet role="Folder"><tcccp:Mapping exportContext="/010%20Schemas%20and%20Categories" exportTitle="Building%20Blocks" importContext="" importTitle="" /><tcccp:Mapping exportContext="/010%20Schemas%20and%20Categories/Building%20Blocks" exportTitle="Default%20Templates" importContext="" importTitle="" /><tcccp:Mapping exportContext="/010%20Schemas%20and%20Categories/Building%20Blocks" exportTitle="System" importContext="" importTitle="" /><tcccp:Mapping exportContext="/010%20Schemas%20and%20Categories/Building%20Blocks/System" exportTitle="Schemas" importContext="" importTitle="" /><tcccp:Mapping exportContext="/010%20Schemas%20and%20Categories/Building%20Blocks/System/Schemas" exportTitle="Content" importContext="" importTitle="" /><tcccp:Mapping exportContext="/010%20Schemas%20and%20Categories/Building%20Blocks/System/Schemas" exportTitle="Embeddable%20Schemas" importContext="" importTitle="" /><tcccp:Mapping exportContext="/010%20Schemas%20and%20Categories/Building%20Blocks/System/Schemas" exportTitle="Metadata%20Schemas" importContext="" importTitle="" /><tcccp:Mapping exportContext="/010%20Schemas%20and%20Categories/Building%20Blocks/System/Schemas" exportTitle="Multimedia%20Schemas" importContext="" importTitle="" /><tcccp:Mapping exportContext="/010%20Schemas%20and%20Categories/Building%20Blocks/System/Schemas" exportTitle="Parameter%20Schemas" importContext="" importTitle="" /><tcccp:Mapping exportContext="/010%20Schemas%20and%20Categories/Building%20Blocks/System/Schemas" exportTitle="System%20Schemas" importContext="" importTitle="" /></tcccp:ItemSet><tcccp:ItemSet role="Group"><tcccp:Mapping exportContext="/" exportTitle="Everyone.tgp" importContext="/" importTitle="" /></tcccp:ItemSet><tcccp:ItemSet role="MultimediaType"><tcccp:Mapping exportContext="/" exportTitle="Adobe%20Flash%20Video.tmt" importContext="/" importTitle="" /><tcccp:Mapping exportContext="/" exportTitle="Bitmap%20image.tmt" importContext="/" importTitle="" /><tcccp:Mapping exportContext="/" exportTitle="Cascading%20style%20sheet.tmt" importContext="/" importTitle="" /><tcccp:Mapping exportContext="/" exportTitle="Configuration%20settings.tmt" importContext="/" importTitle="" /><tcccp:Mapping exportContext="/" exportTitle="Excel%20sheet.tmt" importContext="/" importTitle="" /><tcccp:Mapping exportContext="/" exportTitle="Executable.tmt" importContext="/" importTitle="" /><tcccp:Mapping exportContext="/" exportTitle="Flash%20file.tmt" importContext="/" importTitle="" /><tcccp:Mapping exportContext="/" exportTitle="Gif%20image.tmt" importContext="/" importTitle="" /><tcccp:Mapping exportContext="/" exportTitle="Java%20script.tmt" importContext="/" importTitle="" /><tcccp:Mapping exportContext="/" exportTitle="Jpeg%20image.tmt" importContext="/" importTitle="" /><tcccp:Mapping exportContext="/" exportTitle="Mp3%20music.tmt" importContext="/" importTitle="" /><tcccp:Mapping exportContext="/" exportTitle="Mpeg%20video.tmt" importContext="/" importTitle="" /><tcccp:Mapping exportContext="/" exportTitle="MSAccess%20database.tmt" importContext="/" importTitle="" /><tcccp:Mapping exportContext="/" exportTitle="Pdf%20document.tmt" importContext="/" importTitle="" /><tcccp:Mapping exportContext="/" exportTitle="Plain%20text.tmt" importContext="/" importTitle="" /><tcccp:Mapping exportContext="/" exportTitle="Png%20image.tmt" importContext="/" importTitle="" /><tcccp:Mapping exportContext="/" exportTitle="Powerpoint%20presentation.tmt" importContext="/" importTitle="" /><tcccp:Mapping exportContext="/" exportTitle="QuickTime%20movie.tmt" importContext="/" importTitle="" /><tcccp:Mapping exportContext="/" exportTitle="Real%20player.tmt" importContext="/" importTitle="" /><tcccp:Mapping exportContext="/" exportTitle="Rich%20text.tmt" importContext="/" importTitle="" /><tcccp:Mapping exportContext="/" exportTitle="Sound%20file.tmt" importContext="/" importTitle="" /><tcccp:Mapping exportContext="/" exportTitle="Word%20document.tmt" importContext="/" importTitle="" /></tcccp:ItemSet><tcccp:ItemSet role="PageTemplate"><tcccp:Mapping exportContext="/010%20Schemas%20and%20Categories/Building%20Blocks/Default%20Templates" exportTitle="Default%20Page%20Template.tptcmp" importContext="" importTitle="" /></tcccp:ItemSet><tcccp:ItemSet role="ProcessDefinition"><tcccp:Mapping exportContext="/010%20Schemas%20and%20Categories" exportTitle="Task%20Process.tpd" importContext="" importTitle="" /></tcccp:ItemSet><tcccp:ItemSet role="Publication"><tcccp:Mapping exportContext="" exportTitle="010%20Schemas%20and%20Categories" importContext="" importTitle="" /></tcccp:ItemSet><tcccp:ItemSet role="Schema"><tcccp:Mapping exportContext="/010%20Schemas%20and%20Categories/Building%20Blocks/Default%20Templates" exportTitle="Convert%20Xml%20to%20Html.xsd" importContext="" importTitle="" /><tcccp:Mapping exportContext="/010%20Schemas%20and%20Categories/Building%20Blocks/Default%20Templates" exportTitle="Default%20Finish%20Actions.xsd" importContext="" importTitle="" /><tcccp:Mapping exportContext="/010%20Schemas%20and%20Categories/Building%20Blocks/Default%20Templates" exportTitle="Dreamweaver%20Region%20Selection.xsd" importContext="" importTitle="" /><tcccp:Mapping exportContext="/010%20Schemas%20and%20Categories/Building%20Blocks/Default%20Templates" exportTitle="Link%20Resolver.xsd" importContext="" importTitle="" /><tcccp:Mapping exportContext="/010%20Schemas%20and%20Categories/Building%20Blocks/Default%20Templates" exportTitle="Publish%20Binaries%20in%20Package.xsd" importContext="" importTitle="" /><tcccp:Mapping exportContext="/010%20Schemas%20and%20Categories/Building%20Blocks/System/Schemas/Content" exportTitle="Code.xsd" importContext="" importTitle="" /><tcccp:Mapping exportContext="/010%20Schemas%20and%20Categories/Building%20Blocks/System/Schemas/Content" exportTitle="Dummy.xsd" importContext="" importTitle="" /><tcccp:Mapping exportContext="/010%20Schemas%20and%20Categories/Building%20Blocks/System/Schemas/Content" exportTitle="General%20Body%20Copy.xsd" importContext="" importTitle="" /><tcccp:Mapping exportContext="/010%20Schemas%20and%20Categories/Building%20Blocks/System/Schemas/Content" exportTitle="General%20Body%20Header.xsd" importContext="" importTitle="" /><tcccp:Mapping exportContext="/010%20Schemas%20and%20Categories/Building%20Blocks/System/Schemas/Content" exportTitle="General%20Call%20to%20Action.xsd" importContext="" importTitle="" /><tcccp:Mapping exportContext="/010%20Schemas%20and%20Categories/Building%20Blocks/System/Schemas/Content" exportTitle="General%20Component%20Collection.xsd" importContext="" importTitle="" /><tcccp:Mapping exportContext="/010%20Schemas%20and%20Categories/Building%20Blocks/System/Schemas/Content" exportTitle="General%20Link%20List.xsd" importContext="" importTitle="" /><tcccp:Mapping exportContext="/010%20Schemas%20and%20Categories/Building%20Blocks/System/Schemas/Embeddable%20Schemas" exportTitle="Generic%20Basic%20Link%20-%20Rich%20Text.xsd" importContext="" importTitle="" /><tcccp:Mapping exportContext="/010%20Schemas%20and%20Categories/Building%20Blocks/System/Schemas/Embeddable%20Schemas" exportTitle="Generic%20Basic%20Link%20List.xsd" importContext="" importTitle="" /><tcccp:Mapping exportContext="/010%20Schemas%20and%20Categories/Building%20Blocks/System/Schemas/Embeddable%20Schemas" exportTitle="Generic%20Basic%20Link.xsd" importContext="" importTitle="" /><tcccp:Mapping exportContext="/010%20Schemas%20and%20Categories/Building%20Blocks/System/Schemas/Embeddable%20Schemas" exportTitle="Generic%20Call%20to%20Action.xsd" importContext="" importTitle="" /><tcccp:Mapping exportContext="/010%20Schemas%20and%20Categories/Building%20Blocks/System/Schemas/Embeddable%20Schemas" exportTitle="Generic%20Image.xsd" importContext="" importTitle="" /><tcccp:Mapping exportContext="/010%20Schemas%20and%20Categories/Building%20Blocks/System/Schemas/Embeddable%20Schemas" exportTitle="Generic%20Paragraph.xsd" importContext="" importTitle="" /><tcccp:Mapping exportContext="/010%20Schemas%20and%20Categories/Building%20Blocks/System/Schemas/Embeddable%20Schemas" exportTitle="Key%20Value%20Pair%20-%20Rich%20Text.xsd" importContext="" importTitle="" /><tcccp:Mapping exportContext="/010%20Schemas%20and%20Categories/Building%20Blocks/System/Schemas/Embeddable%20Schemas" exportTitle="Key%20Value%20Pair.xsd" importContext="" importTitle="" /><tcccp:Mapping exportContext="/010%20Schemas%20and%20Categories/Building%20Blocks/System/Schemas/Embeddable%20Schemas" exportTitle="Paragraph%20with%20Media.xsd" importContext="" importTitle="" /><tcccp:Mapping exportContext="/010%20Schemas%20and%20Categories/Building%20Blocks/System/Schemas/Embeddable%20Schemas" exportTitle="Webtrends.xsd" importContext="" importTitle="" /><tcccp:Mapping exportContext="/010%20Schemas%20and%20Categories/Building%20Blocks/System/Schemas/Metadata%20Schemas" exportTitle="Code%20Metadata.xsd" importContext="" importTitle="" /><tcccp:Mapping exportContext="/010%20Schemas%20and%20Categories/Building%20Blocks/System/Schemas/Metadata%20Schemas" exportTitle="Page%20Metadata.xsd" importContext="" importTitle="" /><tcccp:Mapping exportContext="/010%20Schemas%20and%20Categories/Building%20Blocks/System/Schemas/Metadata%20Schemas" exportTitle="Structure%20Group%20Metadata.xsd" importContext="" importTitle="" /><tcccp:Mapping exportContext="/010%20Schemas%20and%20Categories/Building%20Blocks/System/Schemas/Multimedia%20Schemas" exportTitle="Audio.xsd" importContext="" importTitle="" /><tcccp:Mapping exportContext="/010%20Schemas%20and%20Categories/Building%20Blocks/System/Schemas/Multimedia%20Schemas" exportTitle="CSS.xsd" importContext="" importTitle="" /><tcccp:Mapping exportContext="/010%20Schemas%20and%20Categories/Building%20Blocks/System/Schemas/Multimedia%20Schemas" exportTitle="Default%20Multimedia%20Schema.xsd" importContext="" importTitle="" /><tcccp:Mapping exportContext="/010%20Schemas%20and%20Categories/Building%20Blocks/System/Schemas/Multimedia%20Schemas" exportTitle="Image.xsd" importContext="" importTitle="" /><tcccp:Mapping exportContext="/010%20Schemas%20and%20Categories/Building%20Blocks/System/Schemas/Multimedia%20Schemas" exportTitle="JavaScript.xsd" importContext="" importTitle="" /><tcccp:Mapping exportContext="/010%20Schemas%20and%20Categories/Building%20Blocks/System/Schemas/Multimedia%20Schemas" exportTitle="Office%20PDF%20Document.xsd" importContext="" importTitle="" /><tcccp:Mapping exportContext="/010%20Schemas%20and%20Categories/Building%20Blocks/System/Schemas/Multimedia%20Schemas" exportTitle="Videos.xsd" importContext="" importTitle="" /><tcccp:Mapping exportContext="/010%20Schemas%20and%20Categories/Building%20Blocks/System/Schemas/Parameter%20Schemas" exportTitle="Item%20Uri.xsd" importContext="" importTitle="" /><tcccp:Mapping exportContext="/010%20Schemas%20and%20Categories/Building%20Blocks/System/Schemas/Parameter%20Schemas" exportTitle="Publish%20Binaries%20to%20Specific%20Locations.xsd" importContext="" importTitle="" /></tcccp:ItemSet><tcccp:ItemSet role="TemplateBuildingBlock"><tcccp:Mapping exportContext="/010%20Schemas%20and%20Categories/Building%20Blocks/Default%20Templates" exportTitle="Cleanup%20Template.tbbcs" importContext="" importTitle="" /><tcccp:Mapping exportContext="/010%20Schemas%20and%20Categories/Building%20Blocks/Default%20Templates" exportTitle="Convert%20Xml%20to%20Html.tbbcs" importContext="" importTitle="" /><tcccp:Mapping exportContext="/010%20Schemas%20and%20Categories/Building%20Blocks/Default%20Templates" exportTitle="Default%20Dreamweaver%20Component%20Design.dwt" importContext="" importTitle="" /><tcccp:Mapping exportContext="/010%20Schemas%20and%20Categories/Building%20Blocks/Default%20Templates" exportTitle="Default%20Dreamweaver%20Page%20Design.dwt" importContext="" importTitle="" /><tcccp:Mapping exportContext="/010%20Schemas%20and%20Categories/Building%20Blocks/Default%20Templates" exportTitle="Default%20Finish%20Actions.tbbcmp" importContext="" importTitle="" /><tcccp:Mapping exportContext="/010%20Schemas%20and%20Categories/Building%20Blocks/Default%20Templates" exportTitle="Extract%20Components%20from%20Page.tbbcs" importContext="" importTitle="" /><tcccp:Mapping exportContext="/010%20Schemas%20and%20Categories/Building%20Blocks/Default%20Templates" exportTitle="Link%20Resolver.tbbcs" importContext="" importTitle="" /><tcccp:Mapping exportContext="/010%20Schemas%20and%20Categories/Building%20Blocks/Default%20Templates" exportTitle="Publish%20Binaries%20in%20Package.tbbcs" importContext="" importTitle="" /><tcccp:Mapping exportContext="/010%20Schemas%20and%20Categories/Building%20Blocks/Default%20Templates" exportTitle="Target%20Group%20Personalization.tbbcs" importContext="" importTitle="" /></tcccp:ItemSet><!-- Add a URI element for each URI you want to replace, e.g:
<tcccp:URIReplacements>
	<tcccp:URI source="tcm:69-735" destination="tcm:118-882" />
	<tcccp:URI source="tcm:69-231" destination="/webdav/Publication/Building%20Blocks/MyComponent.xml" />
</tcccp:URIReplacements>
--></tcccp:Mappings>