<tcccp:Item xmlns:tcccp="http://www.tridion.com/ContentManager/5.2/ImportExport"><tcccp:BlueprintParentUrl></tcccp:BlueprintParentUrl><tcccp:PrimaryBlueprintParentUrl></tcccp:PrimaryBlueprintParentUrl><tcccp:BinaryFileLocation></tcccp:BinaryFileLocation><tcm:Data xmlns:tcm="http://www.tridion.com/ContentManager/5.0"><tcm:Title>Search External Content Library items</tcm:Title><tcm:Type>CSharpTemplate</tcm:Type><tcm:Content><tcm:PublisherScript>	/* Generated by Setup Default Templates */
	&lt;%RunTemplate Template="/webdav/000%20Empty%20Parent/Building%20Blocks/Default%20Templates/SDL%20External%20Content%20Library/Tridion%2EExternalContentLibrary%2ETemplating.tbbasm" Class="Tridion.ExternalContentLibrary.Templating.SearchExternalContentLibraryItemsTemplate"%&gt;
</tcm:PublisherScript></tcm:Content><tcm:MetadataSchema xmlns:xlink="http://www.w3.org/1999/xlink" xlink:type="simple" xlink:title="" xlink:href="tcm:0-0-0" /><tcm:ParameterSchema xmlns:xlink="http://www.w3.org/1999/xlink" xlink:type="simple" xlink:title="" xlink:href="tcm:0-0-0" /><tcm:Metadata /></tcm:Data><tcccp:Dependencies><tcccp:Dependency itemUrl="/webdav/000%20Empty%20Parent" mandatory="true" xpath="" itemType="Publication" dependencyType="Publication" /><tcccp:Dependency itemUrl="/webdav/000%20Empty%20Parent/Building%20Blocks/Default%20Templates/SDL%20External%20Content%20Library" mandatory="true" xpath="" itemType="Folder" dependencyType="OrganizationalItemFolder" /><tcccp:Dependency itemUrl="tcm:0-0-0" mandatory="true" xpath="tcm:Data/tcm:ParameterSchema/@xlink:href" itemType="Schema" dependencyType="ParameterSchema" /><tcccp:Dependency itemUrl="tcm:0-0-0" mandatory="true" xpath="tcm:Data/tcm:MetadataSchema/@xlink:href" itemType="Schema" dependencyType="MetadataSchema" /><tcccp:Dependency itemUrl="/webdav/000%20Empty%20Parent/Building%20Blocks/Default%20Templates/SDL%20External%20Content%20Library/Tridion%2EExternalContentLibrary%2ETemplating.tbbasm" itemType="TemplateBuildingBlock" dependencyType="TemplateLinkedItem" mandatory="true" xpath="tcccp:TemplateReferences/tcccp:TemplateReference[1]" /></tcccp:Dependencies><tcccp:TemplateReferences><tcccp:TemplateReference isTcmReference="true" itemType="2048">/webdav/000%20Empty%20Parent/Building%20Blocks/Default%20Templates/SDL%20External%20Content%20Library/Tridion%2EExternalContentLibrary%2ETemplating.tbbasm</tcccp:TemplateReference></tcccp:TemplateReferences></tcccp:Item>