<tcccp:Item xmlns:tcccp="http://www.tridion.com/ContentManager/5.2/ImportExport" xmlns:tcm="http://www.tridion.com/ContentManager/5.0" xmlns:xlink="http://www.w3.org/1999/xlink">
  <tcccp:PrimaryBlueprintParentUrl />
  <tcccp:BlueprintParentUrl />
  <tcccp:BinaryFileLocation />
  <tcm:Data>
    <tcm:Title>Call to Action Button to Article</tcm:Title>
    <tcm:Type>Normal</tcm:Type>
    <tcm:Schema xlink:type="simple" xlink:title="Default Call to Action" xlink:href="/webdav/010%20Schemas%20and%20Categories/Building%20Blocks/System/Schemas/Content%20Schemas/Default/Default%20Call%20to%20Action.xsd" IsMandatory="false" />
    <tcm:Content>
      <defaultCallToAction xmlns="uuid:f4406ff4-b156-4635-a9eb-ddc57bdc6b7b">
        <header>
          <title>Learn More about our Article</title>
          <subtitle>Click the button below to reach the Article Component</subtitle>
          <introduction>If you want to learn more click the button below.</introduction>
        </header>
        <link xmlns="uuid:f4406ff4-b156-4635-a9eb-ddc57bdc6b7b">
          <linkText>Click this Button!</linkText>
          <title>Click here!</title>
          <reusableLink xmlns:xlink="http://www.w3.org/1999/xlink" xlink:type="simple" xlink:href="/webdav/010%20Schemas%20and%20Categories/Building%20Blocks/Content/Default%20Article%20Component.xml" xlink:title="Default Article Component" />
          <target>Same</target>
        </link>
      </defaultCallToAction>
    </tcm:Content>
    <tcm:Metadata />
    <tcm:IsBasedOnTridionWebSchema>true</tcm:IsBasedOnTridionWebSchema>
    <tcm:MultimediaType xlink:type="simple" xlink:title="" xlink:href="tcm:0-0-0" />
  </tcm:Data>
  <tcccp:Dependencies>
    <tcccp:Dependency dependencyType="Publication" itemType="Publication" xpath="" mandatory="true" itemUrl="/webdav/010%20Schemas%20and%20Categories" />
    <tcccp:Dependency dependencyType="OrganizationalItemFolder" itemType="Folder" xpath="" mandatory="true" itemUrl="/webdav/010%20Schemas%20and%20Categories/Building%20Blocks/Content" />
    <tcccp:Dependency dependencyType="LinkedComponent" itemType="Component" xpath="tcm:Data/tcm:Content/*[local-name() = 'defaultCallToAction'][1]/*[local-name() = 'link'][1]/*[local-name() = 'reusableLink'][1]/@xlink:href" mandatory="true" itemUrl="/webdav/010%20Schemas%20and%20Categories/Building%20Blocks/Content/Default%20Article%20Component.xml" />
    <tcccp:Dependency dependencyType="Schema" itemType="Schema" xpath="tcm:Data/tcm:Schema/@xlink:href" mandatory="true" itemUrl="/webdav/010%20Schemas%20and%20Categories/Building%20Blocks/System/Schemas/Content%20Schemas/Default/Default%20Call%20to%20Action.xsd" />
  </tcccp:Dependencies>
</tcccp:Item>