<tcccp:Item xmlns:tcccp="http://www.tridion.com/ContentManager/5.2/ImportExport" xmlns:tcm="http://www.tridion.com/ContentManager/5.0" xmlns:xlink="http://www.w3.org/1999/xlink">
  <tcccp:PrimaryBlueprintParentUrl />
  <tcccp:BlueprintParentUrl />
  <tcccp:BinaryFileLocation />
  <tcm:Data>
    <tcm:Title>Default Article Component</tcm:Title>
    <tcm:Type>Normal</tcm:Type>
    <tcm:Schema xlink:type="simple" xlink:title="Default Article" xlink:href="/webdav/010%20Schemas%20and%20Categories/Building%20Blocks/System/Schemas/Content%20Schemas/Default/Default%20Article.xsd" IsMandatory="false" />
    <tcm:Content>
      <defaultArticle xmlns="uuid:8b33f9b4-e9bf-414c-aa25-c5c774c9e8d8">
        <header>
          <title>Tahzoo's Press release</title>
          <subtitle>Tahzoo is so amazing it will blow your mind!</subtitle>
          <introduction>You'll never believe what Tahzoo is up to. Read more to learn about the exciting work we're involved with.</introduction>
        </header>
        <publishDate>2015-03-27T11:43:22</publishDate>
        <article>
          <bodyTitle>Tahzoo Development</bodyTitle>
          <bodyText>Lorem ipsum....</bodyText>
        </article>
      </defaultArticle>
    </tcm:Content>
    <tcm:Metadata />
    <tcm:IsBasedOnTridionWebSchema>true</tcm:IsBasedOnTridionWebSchema>
    <tcm:MultimediaType xlink:type="simple" xlink:title="" xlink:href="tcm:0-0-0" />
  </tcm:Data>
  <tcccp:Dependencies>
    <tcccp:Dependency dependencyType="Publication" itemType="Publication" xpath="" mandatory="true" itemUrl="/webdav/010%20Schemas%20and%20Categories" />
    <tcccp:Dependency dependencyType="OrganizationalItemFolder" itemType="Folder" xpath="" mandatory="true" itemUrl="/webdav/010%20Schemas%20and%20Categories/Building%20Blocks/Content" />
    <tcccp:Dependency dependencyType="Schema" itemType="Schema" xpath="tcm:Data/tcm:Schema/@xlink:href" mandatory="true" itemUrl="/webdav/010%20Schemas%20and%20Categories/Building%20Blocks/System/Schemas/Content%20Schemas/Default/Default%20Article.xsd" />
  </tcccp:Dependencies>
</tcccp:Item>