<tcccp:Item xmlns:tcccp="http://www.tridion.com/ContentManager/5.2/ImportExport" xmlns:tcm="http://www.tridion.com/ContentManager/5.0" xmlns:xlink="http://www.w3.org/1999/xlink">
  <tcccp:PrimaryBlueprintParentUrl />
  <tcccp:BlueprintParentUrl />
  <tcccp:BinaryFileLocation />
  <tcm:Data>
    <tcm:Title>Reusable External Link - Google.com</tcm:Title>
    <tcm:Type>Normal</tcm:Type>
    <tcm:Schema xlink:type="simple" xlink:title="Default Link" xlink:href="/webdav/010%20Schemas%20and%20Categories/Building%20Blocks/System/Schemas/Content%20Schemas/Default/Default%20Link.xsd" IsMandatory="false" />
    <tcm:Content>
      <defaultLink xmlns="uuid:e4c8198a-14c9-4e13-a151-aa1efcfa65bc">
        <link xmlns="uuid:e4c8198a-14c9-4e13-a151-aa1efcfa65bc">
          <linkText>Click here to go to Google</linkText>
          <title>Click here!</title>
          <singleUseLink xmlns:xlink="http://www.w3.org/1999/xlink" xlink:type="simple" xlink:href="http://google.com" />
          <target>Same</target>
        </link>
      </defaultLink>
    </tcm:Content>
    <tcm:Metadata />
    <tcm:IsBasedOnTridionWebSchema>true</tcm:IsBasedOnTridionWebSchema>
    <tcm:MultimediaType xlink:type="simple" xlink:title="" xlink:href="tcm:0-0-0" />
  </tcm:Data>
  <tcccp:Dependencies>
    <tcccp:Dependency dependencyType="Publication" itemType="Publication" xpath="" mandatory="true" itemUrl="/webdav/010%20Schemas%20and%20Categories" />
    <tcccp:Dependency dependencyType="OrganizationalItemFolder" itemType="Folder" xpath="" mandatory="true" itemUrl="/webdav/010%20Schemas%20and%20Categories/Building%20Blocks/Content" />
    <tcccp:Dependency dependencyType="Schema" itemType="Schema" xpath="tcm:Data/tcm:Schema/@xlink:href" mandatory="true" itemUrl="/webdav/010%20Schemas%20and%20Categories/Building%20Blocks/System/Schemas/Content%20Schemas/Default/Default%20Link.xsd" />
  </tcccp:Dependencies>
</tcccp:Item>