<tcccp:Item xmlns:tcccp="http://www.tridion.com/ContentManager/5.2/ImportExport" xmlns:tcm="http://www.tridion.com/ContentManager/5.0" xmlns:xlink="http://www.w3.org/1999/xlink" xmlns:xsd="http://www.w3.org/2001/XMLSchema">
  <tcccp:PrimaryBlueprintParentUrl />
  <tcccp:BlueprintParentUrl />
  <tcccp:BinaryFileLocation />
  <tcm:Data xmlns:xlink="http://www.w3.org/1999/xlink" xmlns:i="http://www.w3.org/2001/XMLSchema-instance">
    <tcm:Title>Document</tcm:Title>
    <tcm:Description>Document</tcm:Description>
    <tcm:Purpose>Multimedia</tcm:Purpose>
    <tcm:NamespaceURI>uuid:2f5fcc75-f51a-4701-b798-9999dfd57ef0</tcm:NamespaceURI>
    <tcm:RootElementName />
    <tcm:IsTridionWebSchema>true</tcm:IsTridionWebSchema>
    <tcm:XSD>
      <xsd:schema xmlns:xsd="http://www.w3.org/2001/XMLSchema" xmlns="uuid:2f5fcc75-f51a-4701-b798-9999dfd57ef0" xmlns:tcmi="http://www.tridion.com/ContentManager/5.0/Instance" elementFormDefault="qualified" targetNamespace="uuid:2f5fcc75-f51a-4701-b798-9999dfd57ef0">
  <xsd:import namespace="http://www.tridion.com/ContentManager/5.0/Instance" schemaLocation="/webdav/cm_xml_inst.xsd" />
  <xsd:include schemaLocation="/webdav/010%20Schemas%20and%20Categories/Building%20Blocks/System/Schemas/Embeddable%20Schemas/Document%20Attributes.xsd" />
  <xsd:annotation>
    <xsd:appinfo>
      <tcm:Labels xmlns:tcm="http://www.tridion.com/ContentManager/5.0">
        <tcm:Label ElementName="attributes" Metadata="true">attributes</tcm:Label>
      </tcm:Labels>
    </xsd:appinfo>
  </xsd:annotation>
  <xsd:element name="Metadata">
    <xsd:complexType>
      <xsd:sequence>
        <xsd:element name="attributes" minOccurs="0" maxOccurs="1" type="documentAttributes">
          <xsd:annotation>
            <xsd:appinfo>
              <tcm:ExtensionXml xmlns:tcm="http://www.tridion.com/ContentManager/5.0" />
              <tcm:EmbeddedSchema xmlns:tcm="http://www.tridion.com/ContentManager/5.0" xmlns:xlink="http://www.w3.org/1999/xlink" xlink:href="/webdav/010%20Schemas%20and%20Categories/Building%20Blocks/System/Schemas/Embeddable%20Schemas/Document%20Attributes.xsd" xlink:title="Document Attributes" />
            </xsd:appinfo>
          </xsd:annotation>
        </xsd:element>
      </xsd:sequence>
    </xsd:complexType>
  </xsd:element>
</xsd:schema>
    </tcm:XSD>
    <tcm:AllowedMultimediaTypes>
      <tcm:AllowedMultimediaType xlink:type="simple" xlink:title="Word document" xlink:href="tcm:0-4-65544" />
      <tcm:AllowedMultimediaType xlink:type="simple" xlink:title="Excel sheet" xlink:href="tcm:0-5-65544" />
      <tcm:AllowedMultimediaType xlink:type="simple" xlink:title="Powerpoint presentation" xlink:href="tcm:0-6-65544" />
      <tcm:AllowedMultimediaType xlink:type="simple" xlink:title="Pdf document" xlink:href="tcm:0-7-65544" />
      <tcm:AllowedMultimediaType xlink:type="simple" xlink:title="Plain text" xlink:href="tcm:0-9-65544" />
    </tcm:AllowedMultimediaTypes>
    <tcm:ComponentProcess xlink:type="simple" xlink:title="" xlink:href="tcm:0-0-0" />
    <tcm:BundleProcess xlink:type="simple" xlink:title="" xlink:href="tcm:0-0-0" />
    <tcm:DeleteBundleOnProcessFinished>false</tcm:DeleteBundleOnProcessFinished>
  </tcm:Data>
  <tcccp:Dependencies>
    <tcccp:Dependency dependencyType="Publication" itemType="Publication" xpath="" mandatory="true" itemUrl="/webdav/010%20Schemas%20and%20Categories" />
    <tcccp:Dependency dependencyType="OrganizationalItemFolder" itemType="Folder" xpath="" mandatory="true" itemUrl="/webdav/010%20Schemas%20and%20Categories/Building%20Blocks/System/Schemas/Multimedia%20Schemas" />
    <tcccp:Dependency dependencyType="AllowedMultimediaType" itemType="MultimediaType" xpath="tcm:Data/tcm:AllowedMultimediaTypes/tcm:AllowedMultimediaType[1]/@xlink:href" mandatory="true" itemUrl="/webdav//Word%20document.tmt" />
    <tcccp:Dependency dependencyType="AllowedMultimediaType" itemType="MultimediaType" xpath="tcm:Data/tcm:AllowedMultimediaTypes/tcm:AllowedMultimediaType[2]/@xlink:href" mandatory="true" itemUrl="/webdav//Excel%20sheet.tmt" />
    <tcccp:Dependency dependencyType="AllowedMultimediaType" itemType="MultimediaType" xpath="tcm:Data/tcm:AllowedMultimediaTypes/tcm:AllowedMultimediaType[3]/@xlink:href" mandatory="true" itemUrl="/webdav//Powerpoint%20presentation.tmt" />
    <tcccp:Dependency dependencyType="AllowedMultimediaType" itemType="MultimediaType" xpath="tcm:Data/tcm:AllowedMultimediaTypes/tcm:AllowedMultimediaType[4]/@xlink:href" mandatory="true" itemUrl="/webdav//Pdf%20document.tmt" />
    <tcccp:Dependency dependencyType="AllowedMultimediaType" itemType="MultimediaType" xpath="tcm:Data/tcm:AllowedMultimediaTypes/tcm:AllowedMultimediaType[5]/@xlink:href" mandatory="true" itemUrl="/webdav//Plain%20text.tmt" />
    <tcccp:Dependency dependencyType="ComponentProcess" itemType="ProcessDefinition" xpath="tcm:Data/tcm:ComponentProcess/@xlink:href" mandatory="true" itemUrl="tcm:0-0-0" />
    <tcccp:Dependency dependencyType="EmbeddedSchema" itemType="Schema" xpath="tcm:Data/tcm:XSD/xsd:schema[1]/xsd:include[1]/@schemaLocation" mandatory="true" itemUrl="/webdav/010%20Schemas%20and%20Categories/Building%20Blocks/System/Schemas/Embeddable%20Schemas/Document%20Attributes.xsd" />
    <tcccp:Dependency dependencyType="EmbeddedSchema" itemType="Schema" xpath="tcm:Data/tcm:XSD/xsd:schema[1]/xsd:element[1]/xsd:complexType[1]/xsd:sequence[1]/xsd:element[1]/xsd:annotation[1]/xsd:appinfo[1]/tcm:EmbeddedSchema[1]/@xlink:href" mandatory="true" itemUrl="/webdav/010%20Schemas%20and%20Categories/Building%20Blocks/System/Schemas/Embeddable%20Schemas/Document%20Attributes.xsd" />
    <tcccp:Dependency dependencyType="SchemaBundleProcess" itemType="ProcessDefinition" xpath="tcm:Data/tcm:BundleProcess/@xlink:href" mandatory="true" itemUrl="tcm:0-0-0" />
  </tcccp:Dependencies>
</tcccp:Item>