<tcccp:Item xmlns:tcccp="http://www.tridion.com/ContentManager/5.2/ImportExport" xmlns:tcm="http://www.tridion.com/ContentManager/5.0" xmlns:xlink="http://www.w3.org/1999/xlink" xmlns:xsd="http://www.w3.org/2001/XMLSchema">
  <tcccp:PrimaryBlueprintParentUrl>/webdav/000%20Empty%20Parent/Building%20Blocks/Default%20Templates/SDL%20External%20Content%20Library/Resolve%20ECL%20items%20V2.xsd</tcccp:PrimaryBlueprintParentUrl>
  <tcccp:BlueprintParentUrl />
  <tcccp:BinaryFileLocation />
  <tcm:Data xmlns:xlink="http://www.w3.org/1999/xlink" xmlns:i="http://www.w3.org/2001/XMLSchema-instance">
    <tcm:Title>Resolve ECL items V2</tcm:Title>
    <tcm:Description>Resolve ECL items V2</tcm:Description>
    <tcm:Purpose>TemplateParameters</tcm:Purpose>
    <tcm:NamespaceURI>http://sdltridion.com/Schema/ResolveEclItems</tcm:NamespaceURI>
    <tcm:RootElementName>Parameters</tcm:RootElementName>
    <tcm:IsTridionWebSchema>true</tcm:IsTridionWebSchema>
    <tcm:XSD>
      <xsd:schema xmlns:xsd="http://www.w3.org/2001/XMLSchema" xmlns="http://sdltridion.com/Schema/ResolveEclItems" xmlns:tcmi="http://www.tridion.com/ContentManager/5.0/Instance" elementFormDefault="qualified" targetNamespace="http://sdltridion.com/Schema/ResolveEclItems">
        <xsd:import namespace="http://www.tridion.com/ContentManager/5.0/Instance" schemaLocation="/webdav/cm_xml_inst.xsd" />
        <xsd:annotation>
          <xsd:appinfo>
            <tcm:Labels xmlns:tcm="http://www.tridion.com/ContentManager/5.0">
              <tcm:Label ElementName="sg_TargetStructureGroup" Metadata="false">Binaries target structure group</tcm:Label>
              <tcm:Label ElementName="ItemName" Metadata="false">Item name</tcm:Label>
            </tcm:Labels>
          </xsd:appinfo>
        </xsd:annotation>
        <xsd:element name="Parameters">
          <xsd:complexType>
            <xsd:sequence>
              <xsd:element name="sg_TargetStructureGroup" minOccurs="0" maxOccurs="1" type="tcmi:SimpleLink">
                <xsd:annotation>
                  <xsd:appinfo>
                    <tcm:ExtensionXml xmlns:tcm="http://www.tridion.com/ContentManager/5.0" />
                    <tcm:linktype xmlns:tcm="http://www.tridion.com/ContentManager/5.0">ExternalLink</tcm:linktype>
                  </xsd:appinfo>
                </xsd:annotation>
              </xsd:element>
              <xsd:element name="ItemName" minOccurs="0" maxOccurs="1" type="xsd:normalizedString">
                <xsd:annotation>
                  <xsd:appinfo>
                    <tcm:ExtensionXml xmlns:tcm="http://www.tridion.com/ContentManager/5.0" />
                    <tcm:DefaultTextValue xmlns:tcm="http://www.tridion.com/ContentManager/5.0">Output</tcm:DefaultTextValue>
                  </xsd:appinfo>
                </xsd:annotation>
              </xsd:element>
            </xsd:sequence>
          </xsd:complexType>
        </xsd:element>
      </xsd:schema>
    </tcm:XSD>
    <tcm:AllowedMultimediaTypes />
    <tcm:ComponentProcess xlink:type="simple" xlink:title="" xlink:href="tcm:0-0-0" />
    <tcm:BundleProcess xlink:type="simple" xlink:title="" xlink:href="tcm:0-0-0" />
    <tcm:DeleteBundleOnProcessFinished>false</tcm:DeleteBundleOnProcessFinished>
  </tcm:Data>
  <tcccp:Dependencies>
    <tcccp:Dependency dependencyType="Publication" itemType="Publication" xpath="" mandatory="true" itemUrl="/webdav/010%20Schemas%20and%20Categories" />
    <tcccp:Dependency dependencyType="OrganizationalItemFolder" itemType="Folder" xpath="" mandatory="true" itemUrl="/webdav/010%20Schemas%20and%20Categories/Building%20Blocks/Default%20Templates/SDL%20External%20Content%20Library" />
    <tcccp:Dependency dependencyType="ComponentProcess" itemType="ProcessDefinition" xpath="tcm:Data/tcm:ComponentProcess/@xlink:href" mandatory="true" itemUrl="tcm:0-0-0" />
    <tcccp:Dependency dependencyType="SchemaBundleProcess" itemType="ProcessDefinition" xpath="tcm:Data/tcm:BundleProcess/@xlink:href" mandatory="true" itemUrl="tcm:0-0-0" />
  </tcccp:Dependencies>
</tcccp:Item>