<tcccp:Item xmlns:tcccp="http://www.tridion.com/ContentManager/5.2/ImportExport"><tcccp:BlueprintParentUrl></tcccp:BlueprintParentUrl><tcccp:PrimaryBlueprintParentUrl></tcccp:PrimaryBlueprintParentUrl><tcccp:BinaryFileLocation></tcccp:BinaryFileLocation><tcm:Data xmlns:tcm="http://www.tridion.com/ContentManager/5.0" xmlns:xlink="http://www.w3.org/1999/xlink" xmlns:i="http://www.w3.org/2001/XMLSchema-instance"><tcm:Title>Component Query</tcm:Title><tcm:Description>Component Query</tcm:Description><tcm:Purpose>TemplateParameters</tcm:Purpose><tcm:NamespaceURI>uuid:039A385C-003A-4035-A821-FAEC5FE3D472</tcm:NamespaceURI><tcm:RootElementName>Parameters</tcm:RootElementName><tcm:IsTridionWebSchema>true</tcm:IsTridionWebSchema><tcm:XSD><xsd:schema elementFormDefault="qualified" targetNamespace="uuid:039A385C-003A-4035-A821-FAEC5FE3D472" xmlns="uuid:039A385C-003A-4035-A821-FAEC5FE3D472" xmlns:tcmi="http://www.tridion.com/ContentManager/5.0/Instance" xmlns:xsd="http://www.w3.org/2001/XMLSchema"><xsd:import namespace="http://www.tridion.com/ContentManager/5.0/Instance" schemaLocation="/webdav/cm_xml_inst.xsd" /><xsd:annotation><xsd:appinfo><tcm:Labels xmlns:tcm="http://www.tridion.com/ContentManager/5.0"><tcm:Label ElementName="folder_Folder" Metadata="false">Folder to query</tcm:Label><tcm:Label ElementName="schema_Schema" Metadata="false">Limit to Schema</tcm:Label><tcm:Label ElementName="ComponentTemplateURI" Metadata="false">ComponentTemplate URI</tcm:Label><tcm:Label ElementName="Filter" Metadata="false">Filter expression</tcm:Label><tcm:Label ElementName="SortBy" Metadata="false">Sort expression</tcm:Label><tcm:Label ElementName="SortDirection" Metadata="false">Sort direction</tcm:Label><tcm:Label ElementName="Limit" Metadata="false">Maximum amount</tcm:Label><tcm:Label ElementName="TargetItemName" Metadata="false">Target Item Name</tcm:Label></tcm:Labels></xsd:appinfo></xsd:annotation><xsd:element name="Parameters"><xsd:complexType><xsd:sequence><xsd:element name="folder_Folder" minOccurs="0" maxOccurs="1" type="tcmi:SimpleLink"><xsd:annotation><xsd:appinfo><tcm:CustomURL xmlns:tcm="http://www.tridion.com/ContentManager/5.0">/TemplateBuilder/TemplateParameterDescriptions/ComponentQuery.html#folder_Folder</tcm:CustomURL><tcm:ExtensionXml xmlns:tcm="http://www.tridion.com/ContentManager/5.0" /><tcm:linktype xmlns:tcm="http://www.tridion.com/ContentManager/5.0">ExternalLink</tcm:linktype></xsd:appinfo></xsd:annotation></xsd:element><xsd:element name="schema_Schema" minOccurs="0" maxOccurs="1" type="tcmi:SimpleLink"><xsd:annotation><xsd:appinfo><tcm:CustomURL xmlns:tcm="http://www.tridion.com/ContentManager/5.0">/TemplateBuilder/TemplateParameterDescriptions/ComponentQuery.html#schema_Schema</tcm:CustomURL><tcm:ExtensionXml xmlns:tcm="http://www.tridion.com/ContentManager/5.0" /><tcm:linktype xmlns:tcm="http://www.tridion.com/ContentManager/5.0">ExternalLink</tcm:linktype></xsd:appinfo></xsd:annotation></xsd:element><xsd:element name="ComponentTemplateURI" minOccurs="0" maxOccurs="1" type="xsd:normalizedString"><xsd:annotation><xsd:appinfo><tcm:CustomURL xmlns:tcm="http://www.tridion.com/ContentManager/5.0">/TemplateBuilder/TemplateParameterDescriptions/ComponentQuery.html#ComponentTemplateURI</tcm:CustomURL><tcm:ExtensionXml xmlns:tcm="http://www.tridion.com/ContentManager/5.0" /></xsd:appinfo></xsd:annotation></xsd:element><xsd:element name="Filter" minOccurs="0" maxOccurs="1" type="xsd:normalizedString"><xsd:annotation><xsd:appinfo><tcm:CustomURL xmlns:tcm="http://www.tridion.com/ContentManager/5.0">/TemplateBuilder/TemplateParameterDescriptions/ComponentQuery.html#Filter</tcm:CustomURL><tcm:ExtensionXml xmlns:tcm="http://www.tridion.com/ContentManager/5.0" /></xsd:appinfo></xsd:annotation></xsd:element><xsd:element name="SortBy" minOccurs="0" maxOccurs="1" type="xsd:normalizedString"><xsd:annotation><xsd:appinfo><tcm:CustomURL xmlns:tcm="http://www.tridion.com/ContentManager/5.0">/TemplateBuilder/TemplateParameterDescriptions/ComponentQuery.html#SortBy</tcm:CustomURL><tcm:ExtensionXml xmlns:tcm="http://www.tridion.com/ContentManager/5.0" /></xsd:appinfo></xsd:annotation></xsd:element><xsd:element name="SortDirection" minOccurs="0" maxOccurs="1"><xsd:annotation><xsd:appinfo><tcm:CustomURL xmlns:tcm="http://www.tridion.com/ContentManager/5.0">/TemplateBuilder/TemplateParameterDescriptions/ComponentQuery.html#SortDirection</tcm:CustomURL><tcm:ExtensionXml xmlns:tcm="http://www.tridion.com/ContentManager/5.0" /><tcm:DefaultTextValue xmlns:tcm="http://www.tridion.com/ContentManager/5.0">Ascending</tcm:DefaultTextValue><tcm:Size xmlns:tcm="http://www.tridion.com/ContentManager/5.0">0</tcm:Size><tcm:listtype xmlns:tcm="http://www.tridion.com/ContentManager/5.0">edit</tcm:listtype></xsd:appinfo></xsd:annotation><xsd:simpleType><xsd:restriction base="xsd:normalizedString"><xsd:enumeration value="Ascending" /><xsd:enumeration value="Descending" /></xsd:restriction></xsd:simpleType></xsd:element><xsd:element name="Limit" minOccurs="0" maxOccurs="1" type="xsd:decimal"><xsd:annotation><xsd:appinfo><tcm:CustomURL xmlns:tcm="http://www.tridion.com/ContentManager/5.0">/TemplateBuilder/TemplateParameterDescriptions/ComponentQuery.html#Limit</tcm:CustomURL><tcm:ExtensionXml xmlns:tcm="http://www.tridion.com/ContentManager/5.0" /></xsd:appinfo></xsd:annotation></xsd:element><xsd:element name="TargetItemName" minOccurs="0" maxOccurs="1" type="xsd:normalizedString"><xsd:annotation><xsd:appinfo><tcm:CustomURL xmlns:tcm="http://www.tridion.com/ContentManager/5.0">/TemplateBuilder/TemplateParameterDescriptions/ComponentQuery.html#TargetItemName</tcm:CustomURL><tcm:ExtensionXml xmlns:tcm="http://www.tridion.com/ContentManager/5.0" /><tcm:DefaultTextValue xmlns:tcm="http://www.tridion.com/ContentManager/5.0">Components</tcm:DefaultTextValue></xsd:appinfo></xsd:annotation></xsd:element></xsd:sequence></xsd:complexType></xsd:element></xsd:schema></tcm:XSD><tcm:AllowedMultimediaTypes /><tcm:ComponentProcess xlink:type="simple" xlink:title="" xlink:href="tcm:0-0-0" /><tcm:BundleProcess xlink:type="simple" xlink:title="" xlink:href="tcm:0-0-0" /><tcm:DeleteBundleOnProcessFinished>false</tcm:DeleteBundleOnProcessFinished></tcm:Data><tcccp:Dependencies><tcccp:Dependency itemUrl="/webdav/000%20Empty%20Parent" mandatory="true" xpath="" itemType="Publication" dependencyType="Publication" /><tcccp:Dependency itemUrl="/webdav/000%20Empty%20Parent/Building%20Blocks/Default%20Templates" mandatory="true" xpath="" itemType="Folder" dependencyType="OrganizationalItemFolder" /><tcccp:Dependency itemUrl="tcm:0-0-0" itemType="ProcessDefinition" dependencyType="ComponentProcess" mandatory="true" xpath="tcm:Data/tcm:ComponentProcess/@xlink:href" /><tcccp:Dependency itemUrl="tcm:0-0-0" itemType="ProcessDefinition" dependencyType="SchemaBundleProcess" mandatory="true" xpath="tcm:Data/tcm:BundleProcess/@xlink:href" /></tcccp:Dependencies></tcccp:Item>