<tcccp:Item xmlns:tcccp="http://www.tridion.com/ContentManager/5.2/ImportExport" xmlns:tcm="http://www.tridion.com/ContentManager/5.0" xmlns:xlink="http://www.w3.org/1999/xlink" xmlns:xsd="http://www.w3.org/2001/XMLSchema">
  <tcccp:PrimaryBlueprintParentUrl />
  <tcccp:BlueprintParentUrl />
  <tcccp:BinaryFileLocation />
  <tcm:Data xmlns:xlink="http://www.w3.org/1999/xlink" xmlns:i="http://www.w3.org/2001/XMLSchema-instance">
    <tcm:Title>Image</tcm:Title>
    <tcm:Description>Image</tcm:Description>
    <tcm:Purpose>Embedded</tcm:Purpose>
    <tcm:NamespaceURI />
    <tcm:RootElementName>embeddedImage</tcm:RootElementName>
    <tcm:IsTridionWebSchema>true</tcm:IsTridionWebSchema>
    <tcm:XSD>
      <xsd:schema xmlns:xsd="http://www.w3.org/2001/XMLSchema" xmlns:tcmi="http://www.tridion.com/ContentManager/5.0/Instance" xmlns="" elementFormDefault="qualified">
  <xsd:import namespace="http://www.tridion.com/ContentManager/5.0/Instance" schemaLocation="/webdav/cm_xml_inst.xsd" />
  <xsd:annotation>
    <xsd:appinfo>
      <tcm:Labels xmlns:tcm="http://www.tridion.com/ContentManager/5.0">
        <tcm:Label ElementName="image" Metadata="false">Image</tcm:Label>
        <tcm:Label ElementName="imageCaption" Metadata="false">Image Caption</tcm:Label>
        <tcm:Label ElementName="imageAlt" Metadata="false">Image Alt Text (if image fails to load for some reason)</tcm:Label>
      </tcm:Labels>
    </xsd:appinfo>
  </xsd:annotation>
  <xsd:complexType name="embeddedImage">
    <xsd:sequence>
      <xsd:element name="image" minOccurs="0" maxOccurs="1" type="tcmi:SimpleLink">
        <xsd:annotation>
          <xsd:appinfo>
            <ExtensionXml xmlns="http://www.tridion.com/ContentManager/5.0" />
            <tcm:linktype xmlns:tcm="http://www.tridion.com/ContentManager/5.0">MultimediaLink</tcm:linktype>
            <tcm:AllowedTargetSchemas xmlns:tcm="http://www.tridion.com/ContentManager/5.0">
              <tcm:TargetSchema xmlns:xlink="http://www.w3.org/1999/xlink" xlink:href="/webdav/010%20Schemas%20and%20Categories/Building%20Blocks/System/Schemas/Multimedia%20Schemas/Image.xsd" xlink:title="Image" />
            </tcm:AllowedTargetSchemas>
          </xsd:appinfo>
        </xsd:annotation>
      </xsd:element>
      <xsd:element name="imageCaption" minOccurs="0" maxOccurs="1" type="xsd:normalizedString">
        <xsd:annotation>
          <xsd:appinfo>
            <ExtensionXml xmlns="http://www.tridion.com/ContentManager/5.0">
          <configuration xmlns="http://www.sdltridion.com/2011/SiteEdit">
            <field>
              <editable>false</editable>
            </field>
          </configuration>
        </ExtensionXml>
          </xsd:appinfo>
        </xsd:annotation>
      </xsd:element>
      <xsd:element name="imageAlt" minOccurs="0" maxOccurs="1" type="xsd:normalizedString">
        <xsd:annotation>
          <xsd:appinfo>
            <ExtensionXml xmlns="http://www.tridion.com/ContentManager/5.0" />
          </xsd:appinfo>
        </xsd:annotation>
      </xsd:element>
    </xsd:sequence>
  </xsd:complexType>
</xsd:schema>
    </tcm:XSD>
    <tcm:AllowedMultimediaTypes />
    <tcm:ComponentProcess xlink:type="simple" xlink:title="" xlink:href="tcm:0-0-0" />
    <tcm:BundleProcess xlink:type="simple" xlink:title="" xlink:href="tcm:0-0-0" />
    <tcm:DeleteBundleOnProcessFinished>false</tcm:DeleteBundleOnProcessFinished>
  </tcm:Data>
  <tcccp:Dependencies>
    <tcccp:Dependency dependencyType="Publication" itemType="Publication" xpath="" mandatory="true" itemUrl="/webdav/010%20Schemas%20and%20Categories" />
    <tcccp:Dependency dependencyType="OrganizationalItemFolder" itemType="Folder" xpath="" mandatory="true" itemUrl="/webdav/010%20Schemas%20and%20Categories/Building%20Blocks/System/Schemas/Embeddable%20Schemas" />
    <tcccp:Dependency dependencyType="ComponentProcess" itemType="ProcessDefinition" xpath="tcm:Data/tcm:ComponentProcess/@xlink:href" mandatory="true" itemUrl="tcm:0-0-0" />
    <tcccp:Dependency dependencyType="SchemaAllowedSchema" itemType="Schema" xpath="tcm:Data/tcm:XSD/xsd:schema[1]/xsd:complexType[1]/xsd:sequence[1]/xsd:element[1]/xsd:annotation[1]/xsd:appinfo[1]/tcm:AllowedTargetSchemas[1]/tcm:TargetSchema[1]/@xlink:href" mandatory="true" itemUrl="/webdav/010%20Schemas%20and%20Categories/Building%20Blocks/System/Schemas/Multimedia%20Schemas/Image.xsd" />
    <tcccp:Dependency dependencyType="SchemaBundleProcess" itemType="ProcessDefinition" xpath="tcm:Data/tcm:BundleProcess/@xlink:href" mandatory="true" itemUrl="tcm:0-0-0" />
  </tcccp:Dependencies>
</tcccp:Item>