<tcccp:Index xmlns:tcccp="http://www.tridion.com/ContentManager/5.2/ImportExport" automaticTrusteeId="3" version="3.3" isExtension="true" hasGlobalApplicationData="false">
  <tcccp:Item title="System%20Administration" isSysItem="false" isExported="false" blueprintStatus="LocalItem" uri="0-0-0" extension="" subtype="0" type="VirtualItemSystemAdministration" selection="ItemAndSelectedChildren" hasApplicationData="false">
    <tcccp:Item title="Content%20Configuration" isSysItem="false" isExported="false" blueprintStatus="LocalItem" uri="0-0-0" extension="" subtype="0" type="VirtualItemContentConfiguration" selection="ItemAndAllChildren" hasApplicationData="false">
      <tcccp:Item title="Multimedia%20Types" isSysItem="false" isExported="false" blueprintStatus="LocalItem" uri="0-0-0" extension="" subtype="0" type="VirtualItemMultimediaTypes" selection="ItemAndAllChildren" hasApplicationData="false">
        <tcccp:Item title="Pdf%20document" uri="0-7-65544" extension="tmt" subtype="0" type="MultimediaType" hasApplicationData="false" />
        <tcccp:Item title="Powerpoint%20presentation" uri="0-6-65544" extension="tmt" subtype="0" type="MultimediaType" hasApplicationData="false" />
        <tcccp:Item title="MP4" uri="0-22-65544" extension="tmt" subtype="0" type="MultimediaType" hasApplicationData="false" />
        <tcccp:Item title="QuickTime%20movie" uri="0-15-65544" extension="tmt" subtype="0" type="MultimediaType" hasApplicationData="false" />
        <tcccp:Item title="Excel%20sheet" uri="0-5-65544" extension="tmt" subtype="0" type="MultimediaType" hasApplicationData="false" />
        <tcccp:Item title="Real%20player" uri="0-14-65544" extension="tmt" subtype="0" type="MultimediaType" hasApplicationData="false" />
        <tcccp:Item title="Stylus" uri="0-23-65544" extension="tmt" subtype="0" type="MultimediaType" hasApplicationData="false" />
        <tcccp:Item title="Word%20document" uri="0-4-65544" extension="tmt" subtype="0" type="MultimediaType" hasApplicationData="false" />
        <tcccp:Item title="Rich%20text" uri="0-10-65544" extension="tmt" subtype="0" type="MultimediaType" hasApplicationData="false" />
        <tcccp:Item title="MSAccess%20database" uri="0-12-65544" extension="tmt" subtype="0" type="MultimediaType" hasApplicationData="false" />
        <tcccp:Item title="Mp3%20music" uri="0-16-65544" extension="tmt" subtype="0" type="MultimediaType" hasApplicationData="false" />
        <tcccp:Item title="Java%20script" uri="0-20-65544" extension="tmt" subtype="0" type="MultimediaType" hasApplicationData="false" />
        <tcccp:Item title="HTML5%20webm" uri="0-24-65544" extension="tmt" subtype="0" type="MultimediaType" hasApplicationData="false" />
        <tcccp:Item title="Jpeg%20image" uri="0-2-65544" extension="tmt" subtype="0" type="MultimediaType" hasApplicationData="false" />
        <tcccp:Item title="Gif%20image" uri="0-1-65544" extension="tmt" subtype="0" type="MultimediaType" hasApplicationData="false" />
        <tcccp:Item title="Mpeg%20video" uri="0-17-65544" extension="tmt" subtype="0" type="MultimediaType" hasApplicationData="false" />
        <tcccp:Item title="Flash%20file" uri="0-18-65544" extension="tmt" subtype="0" type="MultimediaType" hasApplicationData="false" />
        <tcccp:Item title="Adobe%20Flash%20Video" uri="0-25-65544" extension="tmt" subtype="0" type="MultimediaType" hasApplicationData="false" />
        <tcccp:Item title="Less" uri="0-26-65544" extension="tmt" subtype="0" type="MultimediaType" hasApplicationData="false" />
        <tcccp:Item title="Configuration%20settings" uri="0-21-65544" extension="tmt" subtype="0" type="MultimediaType" hasApplicationData="false" />
        <tcccp:Item title="Cascading%20style%20sheets" uri="0-19-65544" extension="tmt" subtype="0" type="MultimediaType" hasApplicationData="false" />
        <tcccp:Item title="Executable" uri="0-11-65544" extension="tmt" subtype="0" type="MultimediaType" hasApplicationData="false" />
        <tcccp:Item title="Plain%20text" uri="0-9-65544" extension="tmt" subtype="0" type="MultimediaType" hasApplicationData="false" />
        <tcccp:Item title="HTML5%20OGG" uri="0-27-65544" extension="tmt" subtype="0" type="MultimediaType" hasApplicationData="false" />
        <tcccp:Item title="Png%20image" uri="0-3-65544" extension="tmt" subtype="0" type="MultimediaType" hasApplicationData="false" />
        <tcccp:Item title="Bitmap%20image" uri="0-13-65544" extension="tmt" subtype="0" type="MultimediaType" hasApplicationData="false" />
        <tcccp:Item title="Sound%20file" uri="0-8-65544" extension="tmt" subtype="0" type="MultimediaType" hasApplicationData="false" />
        <tcccp:Item title="Sass" uri="0-28-65544" extension="tmt" subtype="0" type="MultimediaType" hasApplicationData="false" />
      </tcccp:Item>
    </tcccp:Item>
    <tcccp:Item title="Access%20Management" isSysItem="false" isExported="false" blueprintStatus="LocalItem" uri="0-0-0" extension="" subtype="0" type="VirtualItemAccessManagement" selection="ItemAndSelectedChildren" hasApplicationData="false">
      <tcccp:Item title="Groups" isSysItem="false" isExported="false" blueprintStatus="LocalItem" uri="0-0-0" extension="" subtype="0" type="VirtualItemGroups" selection="ItemAndSelectedChildren" hasApplicationData="false">
        <tcccp:Item title="Editor" uri="0-7-65568" extension="tgp" subtype="0" type="Group" hasApplicationData="false" />
        <tcccp:Item title="Interaction%20Manager" uri="0-10-65568" extension="tgp" subtype="0" type="Group" hasApplicationData="false" />
        <tcccp:Item title="Author" uri="0-5-65568" extension="tgp" subtype="0" type="Group" hasApplicationData="false" />
        <tcccp:Item title="Information%20Designer" uri="0-4-65568" extension="tgp" subtype="0" type="Group" hasApplicationData="false" />
        <tcccp:Item title="Everyone" uri="0-0-0" extension="tgp" subtype="0" type="Group" hasApplicationData="false" />
        <tcccp:Item title="Publication%20Manager" uri="0-9-65568" extension="tgp" subtype="0" type="Group" hasApplicationData="false" />
        <tcccp:Item title="Template%20Designer" uri="0-6-65568" extension="tgp" subtype="0" type="Group" hasApplicationData="false" />
        <tcccp:Item title="Chief%20Editor" uri="0-8-65568" extension="tgp" subtype="0" type="Group" hasApplicationData="false" />
      </tcccp:Item>
    </tcccp:Item>
    <tcccp:Item title="Workflow%20Management" isSysItem="false" isExported="false" blueprintStatus="LocalItem" uri="0-0-0" extension="" subtype="0" type="VirtualItemWorkflowManagement" selection="ItemAndAllChildren" hasApplicationData="false">
      <tcccp:Item title="Approval%20Statuses" isSysItem="false" isExported="false" blueprintStatus="LocalItem" uri="0-0-0" extension="" subtype="0" type="VirtualItemApprovalStatuses" selection="ItemAndAllChildren" hasApplicationData="false">
        <tcccp:Item title="Default_Live" uri="0-3-131073" extension="tas" subtype="0" type="ApprovalStatus" hasApplicationData="false" />
        <tcccp:Item title="Default_Staging" uri="0-2-131073" extension="tas" subtype="0" type="ApprovalStatus" hasApplicationData="false" />
        <tcccp:Item title="Default_Draft" uri="0-1-131073" extension="tas" subtype="0" type="ApprovalStatus" hasApplicationData="false" />
      </tcccp:Item>
    </tcccp:Item>
  </tcccp:Item>
  <tcccp:Item title="000%20Empty%20Parent" uri="0-1-1" extension="" subtype="0" type="Publication" hasApplicationData="false">
    <tcccp:Item title="Building%20Blocks" uri="1-1-2" extension="" subtype="0" type="Folder" hasApplicationData="false">
      <tcccp:Item title="Content" uri="1-11-2" extension="" subtype="0" type="Folder" hasApplicationData="false" />
      <tcccp:Item title="Default%20Templates" uri="1-2-2" extension="" subtype="0" type="Folder" hasApplicationData="false">
        <tcccp:Item title="Outbound%20E-mail" uri="1-8-2" extension="" subtype="0" type="Folder" hasApplicationData="false">
          <tcccp:Item title="Generate%20Plain%20Text%20E-mail" uri="1-60-2048" extension="tbbcs" subtype="0" type="TemplateBuildingBlock" hasApplicationData="false" />
          <tcccp:Item title="Generate%20Plain%20Text%20E-mail" uri="1-49-8" extension="xsd" subtype="6" type="Schema" hasApplicationData="false" />
          <tcccp:Item title="Outbound%20E-mail%20Post-processing" uri="1-53-2048" extension="tbbcs" subtype="0" type="TemplateBuildingBlock" hasApplicationData="false" />
          <tcccp:Item title="Outbound%20E-mail%20Post-processing" uri="1-52-8" extension="xsd" subtype="6" type="Schema" hasApplicationData="false" />
          <tcccp:Item title="Outbound%20E-mail%20Pre-processing" uri="1-55-2048" extension="tbbcs" subtype="0" type="TemplateBuildingBlock" hasApplicationData="false" />
          <tcccp:Item title="Outbound%20E-mail%20Pre-processing" uri="1-54-8" extension="xsd" subtype="6" type="Schema" hasApplicationData="false" />
          <tcccp:Item title="Set%20Output%20Item%20By%20Email%20Mode" uri="1-48-2048" extension="tbbcs" subtype="0" type="TemplateBuildingBlock" hasApplicationData="false" />
          <tcccp:Item title="Tridion%2EOutboundEmail%2ETemplating%2ETemplates" uri="1-47-2048" extension="tbbasm" subtype="0" type="TemplateBuildingBlock" hasApplicationData="false" />
        </tcccp:Item>
        <tcccp:Item title="SDL%20External%20Content%20Library" uri="1-3-2" extension="" subtype="0" type="Folder" hasApplicationData="false">
          <tcccp:Item title="Adjust%20SiteEdit%202009%20markup%20for%20ECL%20items%20V2" uri="1-41-2048" extension="tbbcs" subtype="0" type="TemplateBuildingBlock" hasApplicationData="false" />
          <tcccp:Item title="Adjust%20SiteEdit%202009%20markup%20for%20External%20Content%20Library%20items" uri="1-51-2048" extension="tbbcs" subtype="0" type="TemplateBuildingBlock" hasApplicationData="false" />
          <tcccp:Item title="Adjust%20SiteEdit%202012%20markup%20for%20External%20Content%20Library%20items" uri="1-59-2048" extension="tbbcs" subtype="0" type="TemplateBuildingBlock" hasApplicationData="false" />
          <tcccp:Item title="Adjust%20inline%20editing%20markup%20for%20ECL%20items" uri="1-42-2048" extension="tbbcs" subtype="0" type="TemplateBuildingBlock" hasApplicationData="false" />
          <tcccp:Item title="External%20Content%20Library%20templating%20assembly" uri="1-40-2048" extension="tbbasm" subtype="0" type="TemplateBuildingBlock" hasApplicationData="false" />
          <tcccp:Item title="Resolve%20ECL%20items%20V2" uri="1-44-2048" extension="tbbcs" subtype="0" type="TemplateBuildingBlock" hasApplicationData="false" />
          <tcccp:Item title="Resolve%20ECL%20items%20V2" uri="1-43-8" extension="xsd" subtype="6" type="Schema" hasApplicationData="false" />
          <tcccp:Item title="Resolve%20External%20Content%20Library%20items" uri="1-61-2048" extension="tbbcs" subtype="0" type="TemplateBuildingBlock" hasApplicationData="false" />
          <tcccp:Item title="Search%20External%20Content%20Library%20items" uri="1-56-2048" extension="tbbcs" subtype="0" type="TemplateBuildingBlock" hasApplicationData="false" />
          <tcccp:Item title="Tridion%2EExternalContentLibrary%2ETemplating" uri="1-50-2048" extension="tbbasm" subtype="0" type="TemplateBuildingBlock" hasApplicationData="false" />
        </tcccp:Item>
        <tcccp:Item title="Activate%20Tracking" uri="1-9-2048" extension="tbbcs" subtype="0" type="TemplateBuildingBlock" hasApplicationData="false" />
        <tcccp:Item title="Cleanup%20Template" uri="1-10-2048" extension="tbbcs" subtype="0" type="TemplateBuildingBlock" hasApplicationData="false" />
        <tcccp:Item title="Component%20Query" uri="1-12-2048" extension="tbbcs" subtype="0" type="TemplateBuildingBlock" hasApplicationData="false" />
        <tcccp:Item title="Component%20Query" uri="1-11-8" extension="xsd" subtype="6" type="Schema" hasApplicationData="false" />
        <tcccp:Item title="Convert%20Html%20to%20Xml" uri="1-14-2048" extension="tbbcs" subtype="0" type="TemplateBuildingBlock" hasApplicationData="false" />
        <tcccp:Item title="Convert%20Html%20to%20Xml" uri="1-13-8" extension="xsd" subtype="6" type="Schema" hasApplicationData="false" />
        <tcccp:Item title="Convert%20Xml%20to%20Html" uri="1-16-2048" extension="tbbcs" subtype="0" type="TemplateBuildingBlock" hasApplicationData="false" />
        <tcccp:Item title="Convert%20Xml%20to%20Html" uri="1-15-8" extension="xsd" subtype="6" type="Schema" hasApplicationData="false" />
        <tcccp:Item title="Default%20Component%20Template%20for%20UGC" uri="1-64-32" extension="tctcmp" subtype="0" type="ComponentTemplate" hasApplicationData="false" />
        <tcccp:Item title="Default%20Component%20Template" uri="1-34-32" extension="tctcmp" subtype="0" type="ComponentTemplate" hasApplicationData="false" />
        <tcccp:Item title="Default%20Dreamweaver%20Component%20Design" uri="1-28-2048" extension="dwt" subtype="0" type="TemplateBuildingBlock" hasApplicationData="false" />
        <tcccp:Item title="Default%20Dreamweaver%20Page%20Design" uri="1-29-2048" extension="dwt" subtype="0" type="TemplateBuildingBlock" hasApplicationData="false" />
        <tcccp:Item title="Default%20Finish%20Actions" uri="1-32-2048" extension="tbbcmp" subtype="0" type="TemplateBuildingBlock" hasApplicationData="false" />
        <tcccp:Item title="Default%20Finish%20Actions" uri="1-31-8" extension="xsd" subtype="6" type="Schema" hasApplicationData="false" />
        <tcccp:Item title="Default%20Page%20Template%20for%20UGC" uri="1-63-128" extension="tptcmp" subtype="0" type="PageTemplate" hasApplicationData="false" />
        <tcccp:Item title="Default%20Page%20Template" uri="1-33-128" extension="tptcmp" subtype="0" type="PageTemplate" hasApplicationData="false" />
        <tcccp:Item title="Default%20UGC%20Dreamweaver%20Template%20design" uri="1-62-2048" extension="dwt" subtype="0" type="TemplateBuildingBlock" hasApplicationData="false" />
        <tcccp:Item title="Dreamweaver%20Region%20Selection" uri="1-27-8" extension="xsd" subtype="6" type="Schema" hasApplicationData="false" />
        <tcccp:Item title="Enable%20User%20Generated%20Content%20Processing" uri="1-58-2048" extension="tbbcs" subtype="0" type="TemplateBuildingBlock" hasApplicationData="false" />
        <tcccp:Item title="Enable%20inline%20editing%20for%20Page" uri="1-39-2048" extension="tbbcs" subtype="0" type="TemplateBuildingBlock" hasApplicationData="false" />
        <tcccp:Item title="Enable%20inline%20editing%20for%20Page" uri="1-38-8" extension="xsd" subtype="6" type="Schema" hasApplicationData="false" />
        <tcccp:Item title="Enable%20inline%20editing%20for%20content" uri="1-37-2048" extension="tbbcs" subtype="0" type="TemplateBuildingBlock" hasApplicationData="false" />
        <tcccp:Item title="Enable%20inline%20editing%20for%20content" uri="1-36-8" extension="xsd" subtype="6" type="Schema" hasApplicationData="false" />
        <tcccp:Item title="Extract%20Binaries%20from%20Html" uri="1-18-2048" extension="tbbcs" subtype="0" type="TemplateBuildingBlock" hasApplicationData="false" />
        <tcccp:Item title="Extract%20Binaries%20from%20Html" uri="1-17-8" extension="xsd" subtype="6" type="Schema" hasApplicationData="false" />
        <tcccp:Item title="Extract%20Components%20from%20Page" uri="1-19-2048" extension="tbbcs" subtype="0" type="TemplateBuildingBlock" hasApplicationData="false" />
        <tcccp:Item title="Image%20Resizer" uri="1-21-2048" extension="tbbcs" subtype="0" type="TemplateBuildingBlock" hasApplicationData="false" />
        <tcccp:Item title="Image%20Resizer" uri="1-20-8" extension="xsd" subtype="6" type="Schema" hasApplicationData="false" />
        <tcccp:Item title="Link%20Resolver" uri="1-23-2048" extension="tbbcs" subtype="0" type="TemplateBuildingBlock" hasApplicationData="false" />
        <tcccp:Item title="Link%20Resolver" uri="1-22-8" extension="xsd" subtype="6" type="Schema" hasApplicationData="false" />
        <tcccp:Item title="Publish%20Binaries%20in%20Package" uri="1-25-2048" extension="tbbcs" subtype="0" type="TemplateBuildingBlock" hasApplicationData="false" />
        <tcccp:Item title="Publish%20Binaries%20in%20Package" uri="1-24-8" extension="xsd" subtype="6" type="Schema" hasApplicationData="false" />
        <tcccp:Item title="Sample%20XSLT%20Component%20Design" uri="1-30-2048" extension="xslt" subtype="0" type="TemplateBuildingBlock" hasApplicationData="false" />
        <tcccp:Item title="Target%20Group%20Personalization" uri="1-26-2048" extension="tbbcs" subtype="0" type="TemplateBuildingBlock" hasApplicationData="false" />
        <tcccp:Item title="Tridion%2EExtensions%2EContextExpressions%2ETemplates" uri="1-45-2048" extension="tbbasm" subtype="0" type="TemplateBuildingBlock" hasApplicationData="false" />
        <tcccp:Item title="Tridion%2ESiteEdit%2ETemplating" uri="1-35-2048" extension="tbbasm" subtype="0" type="TemplateBuildingBlock" hasApplicationData="false" />
        <tcccp:Item title="Tridion%2EUgc%2ETemplating%2EDefaultTemplates" uri="1-57-2048" extension="tbbasm" subtype="0" type="TemplateBuildingBlock" hasApplicationData="false" />
      </tcccp:Item>
      <tcccp:Item title="System" uri="1-4-2" extension="" subtype="0" type="Folder" hasApplicationData="false" />
      <tcccp:Item title="Default%20Multimedia%20Schema" uri="1-46-8" extension="xsd" subtype="1" type="Schema" hasApplicationData="false" />
    </tcccp:Item>
    <tcccp:Item title="Root" uri="1-12-4" extension="" subtype="0" type="StructureGroup" hasApplicationData="false" />
    <tcccp:Item title="Workflow" isSysItem="false" isExported="false" blueprintStatus="LocalItem" uri="0-0-0" extension="" subtype="0" type="VirtualItemWorkflow" selection="ItemAndAllChildren" hasApplicationData="false">
      <tcccp:Item title="Task%20Process" uri="1-1-131074" extension="tpd" subtype="0" type="ProcessDefinition" hasApplicationData="false" />
    </tcccp:Item>
  </tcccp:Item>
  <tcccp:Item title="010%20Schemas%20and%20Categories" uri="0-2-1" extension="" subtype="0" type="Publication" hasApplicationData="false">
    <tcccp:Item title="Building%20Blocks" uri="2-1-2" extension="" subtype="0" type="Folder" hasApplicationData="false">
      <tcccp:Item title="Content" uri="2-11-2" extension="" subtype="0" type="Folder" hasApplicationData="false">
        <tcccp:Item title="Call%20to%20Action%20Button%20to%20Article" uri="2-206" extension="xml" subtype="0" type="Component" hasApplicationData="false" />
        <tcccp:Item title="Default%20Article%20Component" uri="2-203" extension="xml" subtype="0" type="Component" hasApplicationData="false" />
        <tcccp:Item title="Default%20Content%20Component" uri="2-202" extension="xml" subtype="0" type="Component" hasApplicationData="false" />
        <tcccp:Item title="Reusable%20External%20Link%20-%20Google%2Ecom" uri="2-204" extension="xml" subtype="0" type="Component" hasApplicationData="false" />
        <tcccp:Item title="Reusable%20Internal%20Link%20-%20News%20Article" uri="2-205" extension="xml" subtype="0" type="Component" hasApplicationData="false" />
      </tcccp:Item>
      <tcccp:Item title="Default%20Templates" uri="2-2-2" extension="" subtype="0" type="Folder" hasApplicationData="false">
        <tcccp:Item title="Outbound%20E-mail" uri="2-8-2" extension="" subtype="0" type="Folder" hasApplicationData="false">
          <tcccp:Item title="Generate%20Plain%20Text%20E-mail" uri="2-60-2048" extension="tbbcs" subtype="0" type="TemplateBuildingBlock" hasApplicationData="false" />
          <tcccp:Item title="Generate%20Plain%20Text%20E-mail" uri="2-49-8" extension="xsd" subtype="6" type="Schema" hasApplicationData="false" />
          <tcccp:Item title="Outbound%20E-mail%20Post-processing" uri="2-53-2048" extension="tbbcs" subtype="0" type="TemplateBuildingBlock" hasApplicationData="false" />
          <tcccp:Item title="Outbound%20E-mail%20Post-processing" uri="2-52-8" extension="xsd" subtype="6" type="Schema" hasApplicationData="false" />
          <tcccp:Item title="Outbound%20E-mail%20Pre-processing" uri="2-55-2048" extension="tbbcs" subtype="0" type="TemplateBuildingBlock" hasApplicationData="false" />
          <tcccp:Item title="Outbound%20E-mail%20Pre-processing" uri="2-54-8" extension="xsd" subtype="6" type="Schema" hasApplicationData="false" />
          <tcccp:Item title="Set%20Output%20Item%20By%20Email%20Mode" uri="2-48-2048" extension="tbbcs" subtype="0" type="TemplateBuildingBlock" hasApplicationData="false" />
          <tcccp:Item title="Tridion%2EOutboundEmail%2ETemplating%2ETemplates" uri="2-47-2048" extension="tbbasm" subtype="0" type="TemplateBuildingBlock" hasApplicationData="false" />
        </tcccp:Item>
        <tcccp:Item title="SDL%20External%20Content%20Library" uri="2-3-2" extension="" subtype="0" type="Folder" hasApplicationData="false">
          <tcccp:Item title="Adjust%20SiteEdit%202009%20markup%20for%20ECL%20items%20V2" uri="2-41-2048" extension="tbbcs" subtype="0" type="TemplateBuildingBlock" hasApplicationData="false" />
          <tcccp:Item title="Adjust%20SiteEdit%202009%20markup%20for%20External%20Content%20Library%20items" uri="2-51-2048" extension="tbbcs" subtype="0" type="TemplateBuildingBlock" hasApplicationData="false" />
          <tcccp:Item title="Adjust%20SiteEdit%202012%20markup%20for%20External%20Content%20Library%20items" uri="2-59-2048" extension="tbbcs" subtype="0" type="TemplateBuildingBlock" hasApplicationData="false" />
          <tcccp:Item title="Adjust%20inline%20editing%20markup%20for%20ECL%20items" uri="2-42-2048" extension="tbbcs" subtype="0" type="TemplateBuildingBlock" hasApplicationData="false" />
          <tcccp:Item title="External%20Content%20Library%20templating%20assembly" uri="2-40-2048" extension="tbbasm" subtype="0" type="TemplateBuildingBlock" hasApplicationData="false" />
          <tcccp:Item title="Resolve%20ECL%20items%20V2" uri="2-44-2048" extension="tbbcs" subtype="0" type="TemplateBuildingBlock" hasApplicationData="false" />
          <tcccp:Item title="Resolve%20ECL%20items%20V2" uri="2-43-8" extension="xsd" subtype="6" type="Schema" hasApplicationData="false" />
          <tcccp:Item title="Resolve%20External%20Content%20Library%20items" uri="2-61-2048" extension="tbbcs" subtype="0" type="TemplateBuildingBlock" hasApplicationData="false" />
          <tcccp:Item title="Search%20External%20Content%20Library%20items" uri="2-56-2048" extension="tbbcs" subtype="0" type="TemplateBuildingBlock" hasApplicationData="false" />
          <tcccp:Item title="Tridion%2EExternalContentLibrary%2ETemplating" uri="2-50-2048" extension="tbbasm" subtype="0" type="TemplateBuildingBlock" hasApplicationData="false" />
        </tcccp:Item>
        <tcccp:Item title="Activate%20Tracking" uri="2-9-2048" extension="tbbcs" subtype="0" type="TemplateBuildingBlock" hasApplicationData="false" />
        <tcccp:Item title="Cleanup%20Template" uri="2-10-2048" extension="tbbcs" subtype="0" type="TemplateBuildingBlock" hasApplicationData="false" />
        <tcccp:Item title="Component%20Query" uri="2-12-2048" extension="tbbcs" subtype="0" type="TemplateBuildingBlock" hasApplicationData="false" />
        <tcccp:Item title="Component%20Query" uri="2-11-8" extension="xsd" subtype="6" type="Schema" hasApplicationData="false" />
        <tcccp:Item title="Convert%20Html%20to%20Xml" uri="2-14-2048" extension="tbbcs" subtype="0" type="TemplateBuildingBlock" hasApplicationData="false" />
        <tcccp:Item title="Convert%20Html%20to%20Xml" uri="2-13-8" extension="xsd" subtype="6" type="Schema" hasApplicationData="false" />
        <tcccp:Item title="Convert%20Xml%20to%20Html" uri="2-16-2048" extension="tbbcs" subtype="0" type="TemplateBuildingBlock" hasApplicationData="false" />
        <tcccp:Item title="Convert%20Xml%20to%20Html" uri="2-15-8" extension="xsd" subtype="6" type="Schema" hasApplicationData="false" />
        <tcccp:Item title="Default%20Component%20Template%20for%20UGC" uri="2-64-32" extension="tctcmp" subtype="0" type="ComponentTemplate" hasApplicationData="false" />
        <tcccp:Item title="Default%20Component%20Template" uri="2-34-32" extension="tctcmp" subtype="0" type="ComponentTemplate" hasApplicationData="false" />
        <tcccp:Item title="Default%20Dreamweaver%20Component%20Design" uri="2-28-2048" extension="dwt" subtype="0" type="TemplateBuildingBlock" hasApplicationData="false" />
        <tcccp:Item title="Default%20Dreamweaver%20Page%20Design" uri="2-29-2048" extension="dwt" subtype="0" type="TemplateBuildingBlock" hasApplicationData="false" />
        <tcccp:Item title="Default%20Finish%20Actions" uri="2-32-2048" extension="tbbcmp" subtype="0" type="TemplateBuildingBlock" hasApplicationData="false" />
        <tcccp:Item title="Default%20Finish%20Actions" uri="2-31-8" extension="xsd" subtype="6" type="Schema" hasApplicationData="false" />
        <tcccp:Item title="Default%20Page%20Template%20for%20UGC" uri="2-63-128" extension="tptcmp" subtype="0" type="PageTemplate" hasApplicationData="false" />
        <tcccp:Item title="Default%20Page%20Template" uri="2-33-128" extension="tptcmp" subtype="0" type="PageTemplate" hasApplicationData="false" />
        <tcccp:Item title="Default%20UGC%20Dreamweaver%20Template%20design" uri="2-62-2048" extension="dwt" subtype="0" type="TemplateBuildingBlock" hasApplicationData="false" />
        <tcccp:Item title="Dreamweaver%20Region%20Selection" uri="2-27-8" extension="xsd" subtype="6" type="Schema" hasApplicationData="false" />
        <tcccp:Item title="Enable%20User%20Generated%20Content%20Processing" uri="2-58-2048" extension="tbbcs" subtype="0" type="TemplateBuildingBlock" hasApplicationData="false" />
        <tcccp:Item title="Enable%20inline%20editing%20for%20Page" uri="2-39-2048" extension="tbbcs" subtype="0" type="TemplateBuildingBlock" hasApplicationData="false" />
        <tcccp:Item title="Enable%20inline%20editing%20for%20Page" uri="2-38-8" extension="xsd" subtype="6" type="Schema" hasApplicationData="false" />
        <tcccp:Item title="Enable%20inline%20editing%20for%20content" uri="2-37-2048" extension="tbbcs" subtype="0" type="TemplateBuildingBlock" hasApplicationData="false" />
        <tcccp:Item title="Enable%20inline%20editing%20for%20content" uri="2-36-8" extension="xsd" subtype="6" type="Schema" hasApplicationData="false" />
        <tcccp:Item title="Extract%20Binaries%20from%20Html" uri="2-18-2048" extension="tbbcs" subtype="0" type="TemplateBuildingBlock" hasApplicationData="false" />
        <tcccp:Item title="Extract%20Binaries%20from%20Html" uri="2-17-8" extension="xsd" subtype="6" type="Schema" hasApplicationData="false" />
        <tcccp:Item title="Extract%20Components%20from%20Page" uri="2-19-2048" extension="tbbcs" subtype="0" type="TemplateBuildingBlock" hasApplicationData="false" />
        <tcccp:Item title="Image%20Resizer" uri="2-21-2048" extension="tbbcs" subtype="0" type="TemplateBuildingBlock" hasApplicationData="false" />
        <tcccp:Item title="Image%20Resizer" uri="2-20-8" extension="xsd" subtype="6" type="Schema" hasApplicationData="false" />
        <tcccp:Item title="Link%20Resolver" uri="2-23-2048" extension="tbbcs" subtype="0" type="TemplateBuildingBlock" hasApplicationData="false" />
        <tcccp:Item title="Link%20Resolver" uri="2-22-8" extension="xsd" subtype="6" type="Schema" hasApplicationData="false" />
        <tcccp:Item title="Publish%20Binaries%20in%20Package" uri="2-25-2048" extension="tbbcs" subtype="0" type="TemplateBuildingBlock" hasApplicationData="false" />
        <tcccp:Item title="Publish%20Binaries%20in%20Package" uri="2-24-8" extension="xsd" subtype="6" type="Schema" hasApplicationData="false" />
        <tcccp:Item title="Sample%20XSLT%20Component%20Design" uri="2-30-2048" extension="xslt" subtype="0" type="TemplateBuildingBlock" hasApplicationData="false" />
        <tcccp:Item title="Target%20Group%20Personalization" uri="2-26-2048" extension="tbbcs" subtype="0" type="TemplateBuildingBlock" hasApplicationData="false" />
        <tcccp:Item title="Tridion%2EExtensions%2EContextExpressions%2ETemplates" uri="2-45-2048" extension="tbbasm" subtype="0" type="TemplateBuildingBlock" hasApplicationData="false" />
        <tcccp:Item title="Tridion%2ESiteEdit%2ETemplating" uri="2-35-2048" extension="tbbasm" subtype="0" type="TemplateBuildingBlock" hasApplicationData="false" />
        <tcccp:Item title="Tridion%2EUgc%2ETemplating%2EDefaultTemplates" uri="2-57-2048" extension="tbbasm" subtype="0" type="TemplateBuildingBlock" hasApplicationData="false" />
      </tcccp:Item>
      <tcccp:Item title="System" uri="2-4-2" extension="" subtype="0" type="Folder" hasApplicationData="false">
        <tcccp:Item title="Component%20Templates" uri="2-35-2" extension="" subtype="0" type="Folder" hasApplicationData="false" />
        <tcccp:Item title="Page%20Templates" uri="2-34-2" extension="" subtype="0" type="Folder" hasApplicationData="false" />
        <tcccp:Item title="Schemas" uri="2-55-2" extension="" subtype="0" type="Folder" hasApplicationData="false">
          <tcccp:Item title="Bundle%20Schemas" uri="2-27-2" extension="" subtype="0" type="Folder" hasApplicationData="false" />
          <tcccp:Item title="Content%20Schemas" uri="2-43-2" extension="" subtype="0" type="Folder" hasApplicationData="false">
            <tcccp:Item title="Default" uri="2-44-2" extension="" subtype="0" type="Folder" hasApplicationData="false">
              <tcccp:Item title="Default%20Article" uri="2-169-8" extension="xsd" subtype="0" type="Schema" hasApplicationData="false" />
              <tcccp:Item title="Default%20Call%20to%20Action" uri="2-170-8" extension="xsd" subtype="0" type="Schema" hasApplicationData="false" />
              <tcccp:Item title="Default%20Content" uri="2-171-8" extension="xsd" subtype="0" type="Schema" hasApplicationData="false" />
              <tcccp:Item title="Default%20Image%20List" uri="2-173-8" extension="xsd" subtype="0" type="Schema" hasApplicationData="false" />
              <tcccp:Item title="Default%20Image" uri="2-172-8" extension="xsd" subtype="0" type="Schema" hasApplicationData="false" />
              <tcccp:Item title="Default%20Link%20List" uri="2-175-8" extension="xsd" subtype="0" type="Schema" hasApplicationData="false" />
              <tcccp:Item title="Default%20Link" uri="2-174-8" extension="xsd" subtype="0" type="Schema" hasApplicationData="false" />
              <tcccp:Item title="Default%20Video%20List" uri="2-177-8" extension="xsd" subtype="0" type="Schema" hasApplicationData="false" />
              <tcccp:Item title="Default%20Video" uri="2-176-8" extension="xsd" subtype="0" type="Schema" hasApplicationData="false" />
            </tcccp:Item>
            <tcccp:Item title="Form" uri="2-45-2" extension="" subtype="0" type="Folder" hasApplicationData="false" />
          </tcccp:Item>
          <tcccp:Item title="Embeddable%20Schemas" uri="2-56-2" extension="" subtype="0" type="Folder" hasApplicationData="false">
            <tcccp:Item title="Default" uri="2-37-2" extension="" subtype="0" type="Folder" hasApplicationData="false">
              <tcccp:Item title="Default%20Assets" uri="2-124-8" extension="xsd" subtype="2" type="Schema" hasApplicationData="false" />
              <tcccp:Item title="Default%20Document%20Attributes" uri="2-101-8" extension="xsd" subtype="2" type="Schema" hasApplicationData="false" />
              <tcccp:Item title="Default%20Header" uri="2-160-8" extension="xsd" subtype="2" type="Schema" hasApplicationData="false" />
              <tcccp:Item title="Default%20Image%20Attributes" uri="2-161-8" extension="xsd" subtype="2" type="Schema" hasApplicationData="false" />
              <tcccp:Item title="Default%20Key%20Value%20Pair%20-%20Plain%20Text" uri="2-162-8" extension="xsd" subtype="2" type="Schema" hasApplicationData="false" />
              <tcccp:Item title="Default%20Key%20Value%20Pair%20-%20Rich%20Text" uri="2-163-8" extension="xsd" subtype="2" type="Schema" hasApplicationData="false" />
              <tcccp:Item title="Default%20Link" uri="2-165-8" extension="xsd" subtype="2" type="Schema" hasApplicationData="false" />
              <tcccp:Item title="Default%20Navigation" uri="2-166-8" extension="xsd" subtype="2" type="Schema" hasApplicationData="false" />
              <tcccp:Item title="Default%20Paragraph" uri="2-167-8" extension="xsd" subtype="2" type="Schema" hasApplicationData="false" />
              <tcccp:Item title="Default%20Video%20Attributes" uri="2-168-8" extension="xsd" subtype="2" type="Schema" hasApplicationData="false" />
            </tcccp:Item>
            <tcccp:Item title="Form" uri="2-38-2" extension="" subtype="0" type="Folder" hasApplicationData="false" />
          </tcccp:Item>
          <tcccp:Item title="Form%20Schemas" uri="2-15-2" extension="" subtype="0" type="Folder" hasApplicationData="false">
            <tcccp:Item title="Content" uri="2-16-2" extension="" subtype="0" type="Folder" hasApplicationData="false">
              <tcccp:Item title="Generic%20Form%20Button%20Field" uri="2-70-8" extension="xsd" subtype="0" type="Schema" hasApplicationData="false" />
              <tcccp:Item title="Generic%20Form%20Fieldset" uri="2-97-8" extension="xsd" subtype="0" type="Schema" hasApplicationData="false" />
              <tcccp:Item title="Generic%20Form%20Input%20Field" uri="2-86-8" extension="xsd" subtype="0" type="Schema" hasApplicationData="false" />
              <tcccp:Item title="Generic%20Form%20Select%20Box%20Field" uri="0-0-0" extension="xsd" subtype="0" type="Schema" hasApplicationData="false" />
              <tcccp:Item title="Generic%20Form%20Textarea%20Field" uri="2-95-8" extension="xsd" subtype="0" type="Schema" hasApplicationData="false" />
              <tcccp:Item title="Generic%20Form" uri="2-133-8" extension="xsd" subtype="0" type="Schema" hasApplicationData="false" />
            </tcccp:Item>
            <tcccp:Item title="Embeddable" uri="2-19-2" extension="" subtype="0" type="Folder" hasApplicationData="false">
              <tcccp:Item title="Generic%20Form%20Embedded%20Field" uri="2-96-8" extension="xsd" subtype="2" type="Schema" hasApplicationData="false" />
              <tcccp:Item title="Generic%20Form%20Embedded%20Fieldset" uri="2-126-8" extension="xsd" subtype="2" type="Schema" hasApplicationData="false" />
              <tcccp:Item title="Generic%20Form%20Field%20Attributes" uri="2-67-8" extension="xsd" subtype="2" type="Schema" hasApplicationData="false" />
              <tcccp:Item title="Generic%20Form%20Key%20Value%20Pair" uri="2-93-8" extension="xsd" subtype="2" type="Schema" hasApplicationData="false" />
            </tcccp:Item>
            <tcccp:Item title="Multimedia" uri="2-20-2" extension="" subtype="0" type="Folder" hasApplicationData="false">
              <tcccp:Item title="Generic%20Form%20Image" uri="2-69-8" extension="xsd" subtype="1" type="Schema" hasApplicationData="false" />
            </tcccp:Item>
          </tcccp:Item>
          <tcccp:Item title="Metadata%20Schemas" uri="2-57-2" extension="" subtype="0" type="Folder" hasApplicationData="false">
            <tcccp:Item title="Default" uri="2-41-2" extension="" subtype="0" type="Folder" hasApplicationData="false">
              <tcccp:Item title="Default%20DD4T%20Metadata%20Schema" uri="2-66-8" extension="xsd" subtype="3" type="Schema" hasApplicationData="false" />
              <tcccp:Item title="Default%20Page%20Metadata" uri="2-91-8" extension="xsd" subtype="3" type="Schema" hasApplicationData="false" />
              <tcccp:Item title="Default%20Structure%20Group%20Metadata" uri="2-74-8" extension="xsd" subtype="3" type="Schema" hasApplicationData="false" />
            </tcccp:Item>
          </tcccp:Item>
          <tcccp:Item title="Multimedia%20Schemas" uri="2-58-2" extension="" subtype="0" type="Folder" hasApplicationData="false">
            <tcccp:Item title="Default" uri="2-42-2" extension="" subtype="0" type="Folder" hasApplicationData="false">
              <tcccp:Item title="Audio" uri="2-121-8" extension="xsd" subtype="1" type="Schema" hasApplicationData="false" />
              <tcccp:Item title="CSS" uri="2-122-8" extension="xsd" subtype="1" type="Schema" hasApplicationData="false" />
              <tcccp:Item title="Document" uri="2-102-8" extension="xsd" subtype="1" type="Schema" hasApplicationData="false" />
              <tcccp:Item title="Flash%20Video" uri="2-83-8" extension="xsd" subtype="1" type="Schema" hasApplicationData="false" />
              <tcccp:Item title="HTML5%20Video" uri="2-82-8" extension="xsd" subtype="1" type="Schema" hasApplicationData="false" />
              <tcccp:Item title="Image" uri="2-99-8" extension="xsd" subtype="1" type="Schema" hasApplicationData="false" />
              <tcccp:Item title="JavaScript" uri="2-132-8" extension="xsd" subtype="1" type="Schema" hasApplicationData="false" />
            </tcccp:Item>
            <tcccp:Item title="Default%20Multimedia%20Schema" uri="2-201-8" extension="xsd" subtype="1" type="Schema" hasApplicationData="false" />
          </tcccp:Item>
          <tcccp:Item title="Parameter%20Schemas" uri="2-59-2" extension="" subtype="0" type="Folder" hasApplicationData="false" />
          <tcccp:Item title="System%20Schemas" uri="2-60-2" extension="" subtype="0" type="Folder" hasApplicationData="false">
            <tcccp:Item title="Code" uri="2-110-8" extension="xsd" subtype="0" type="Schema" hasApplicationData="false" />
          </tcccp:Item>
        </tcccp:Item>
        <tcccp:Item title="Template%20Building%20Blocks" uri="2-22-2" extension="" subtype="0" type="Folder" hasApplicationData="false">
          <tcccp:Item title="%2ENet%20TBBs" uri="2-32-2" extension="" subtype="0" type="Folder" hasApplicationData="false" />
          <tcccp:Item title="C%23%20Fragments" uri="2-28-2" extension="" subtype="0" type="Folder" hasApplicationData="false" />
          <tcccp:Item title="Dreamweaver%20TBBs" uri="2-23-2" extension="" subtype="0" type="Folder" hasApplicationData="false">
            <tcccp:Item title="Component%20DWT%20Design" uri="2-24-2" extension="" subtype="0" type="Folder" hasApplicationData="false" />
            <tcccp:Item title="Page%20DWT%20Design" uri="2-30-2" extension="" subtype="0" type="Folder" hasApplicationData="false" />
          </tcccp:Item>
          <tcccp:Item title="Razor%20TBBs" uri="2-29-2" extension="" subtype="0" type="Folder" hasApplicationData="false">
            <tcccp:Item title="Component%20Razor%20Design" uri="2-31-2" extension="" subtype="0" type="Folder" hasApplicationData="false" />
            <tcccp:Item title="Page%20Razor%20Design" uri="2-33-2" extension="" subtype="0" type="Folder" hasApplicationData="false" />
          </tcccp:Item>
        </tcccp:Item>
      </tcccp:Item>
      <tcccp:Item title="Default%20Multimedia%20Schema" uri="2-46-8" extension="xsd" subtype="1" type="Schema" hasApplicationData="false" />
    </tcccp:Item>
    <tcccp:Item title="Root" uri="2-12-4" extension="" subtype="0" type="StructureGroup" hasApplicationData="false" />
    <tcccp:Item title="Categories%20and%20Keywords" isSysItem="false" isExported="false" blueprintStatus="LocalItem" uri="0-0-0" extension="" subtype="0" type="VirtualItemCategoriesAndKeywords" selection="ItemAndAllChildren" hasApplicationData="false">
      <tcccp:Item title="Social%20Media" uri="2-18-512" extension="" subtype="0" type="Category" hasApplicationData="false">
        <tcccp:Item title="Blogger" uri="2-154-1024" extension="tkw" subtype="0" type="Keyword" hasApplicationData="false" />
        <tcccp:Item title="Blogster" uri="2-156-1024" extension="tkw" subtype="0" type="Keyword" hasApplicationData="false" />
        <tcccp:Item title="Facebook" uri="2-134-1024" extension="tkw" subtype="0" type="Keyword" hasApplicationData="false" />
        <tcccp:Item title="Flickr" uri="2-152-1024" extension="tkw" subtype="0" type="Keyword" hasApplicationData="false" />
        <tcccp:Item title="Foursquare" uri="2-119-1024" extension="tkw" subtype="0" type="Keyword" hasApplicationData="false" />
        <tcccp:Item title="Google%2B" uri="2-116-1024" extension="tkw" subtype="0" type="Keyword" hasApplicationData="false" />
        <tcccp:Item title="Instagram" uri="2-150-1024" extension="tkw" subtype="0" type="Keyword" hasApplicationData="false" />
        <tcccp:Item title="LinkedIn" uri="2-72-1024" extension="tkw" subtype="0" type="Keyword" hasApplicationData="false" />
        <tcccp:Item title="Pinterest" uri="2-149-1024" extension="tkw" subtype="0" type="Keyword" hasApplicationData="false" />
        <tcccp:Item title="StumbleUpon" uri="2-153-1024" extension="tkw" subtype="0" type="Keyword" hasApplicationData="false" />
        <tcccp:Item title="Tumblr" uri="2-151-1024" extension="tkw" subtype="0" type="Keyword" hasApplicationData="false" />
        <tcccp:Item title="Twitter" uri="2-92-1024" extension="tkw" subtype="0" type="Keyword" hasApplicationData="false" />
        <tcccp:Item title="Vox" uri="2-157-1024" extension="tkw" subtype="0" type="Keyword" hasApplicationData="false" />
        <tcccp:Item title="WordPress" uri="2-158-1024" extension="tkw" subtype="0" type="Keyword" hasApplicationData="false" />
        <tcccp:Item title="Yammer" uri="2-155-1024" extension="tkw" subtype="0" type="Keyword" hasApplicationData="false" />
      </tcccp:Item>
      <tcccp:Item title="Dynamic%20Form%20Widths" uri="2-25-512" extension="" subtype="0" type="Category" hasApplicationData="false">
        <tcccp:Item title="1%2F1%20(Full%20Width)" uri="2-123-1024" extension="tkw" subtype="0" type="Keyword" hasApplicationData="false" />
        <tcccp:Item title="1%2F2%20(Half%20Width)" uri="2-125-1024" extension="tkw" subtype="0" type="Keyword" hasApplicationData="false" />
        <tcccp:Item title="1%2F3%20(One-Third%20Width)" uri="2-131-1024" extension="tkw" subtype="0" type="Keyword" hasApplicationData="false" />
        <tcccp:Item title="2%2F3%20(Two-Thirds%20Width)" uri="2-77-1024" extension="tkw" subtype="0" type="Keyword" hasApplicationData="false" />
      </tcccp:Item>
      <tcccp:Item title="Devices" uri="2-17-512" extension="" subtype="0" type="Category" hasApplicationData="false">
        <tcccp:Item title="Desktop" uri="2-104-1024" extension="tkw" subtype="0" type="Keyword" hasApplicationData="false" />
        <tcccp:Item title="Phablet" uri="2-65-1024" extension="tkw" subtype="0" type="Keyword" hasApplicationData="false" />
        <tcccp:Item title="Phone" uri="2-90-1024" extension="tkw" subtype="0" type="Keyword" hasApplicationData="false" />
        <tcccp:Item title="Tablet" uri="2-127-1024" extension="tkw" subtype="0" type="Keyword" hasApplicationData="false" />
      </tcccp:Item>
      <tcccp:Item title="Aspect%20Ratios" uri="2-21-512" extension="" subtype="0" type="Category" hasApplicationData="false">
        <tcccp:Item title="1%3A1" uri="2-98-1024" extension="tkw" subtype="0" type="Keyword" hasApplicationData="false" />
        <tcccp:Item title="16%3A9" uri="2-78-1024" extension="tkw" subtype="0" type="Keyword" hasApplicationData="false" />
        <tcccp:Item title="3%3A2" uri="2-76-1024" extension="tkw" subtype="0" type="Keyword" hasApplicationData="false" />
        <tcccp:Item title="4%3A3" uri="2-120-1024" extension="tkw" subtype="0" type="Keyword" hasApplicationData="false" />
        <tcccp:Item title="5%3A3" uri="2-117-1024" extension="tkw" subtype="0" type="Keyword" hasApplicationData="false" />
        <tcccp:Item title="5%3A4" uri="2-89-1024" extension="tkw" subtype="0" type="Keyword" hasApplicationData="false" />
      </tcccp:Item>
      <tcccp:Item title="Form%20Input%20Validations" uri="2-26-512" extension="" subtype="0" type="Category" hasApplicationData="false" />
    </tcccp:Item>
    <tcccp:Item title="Workflow" isSysItem="false" isExported="false" blueprintStatus="LocalItem" uri="0-0-0" extension="" subtype="0" type="VirtualItemWorkflow" selection="ItemAndAllChildren" hasApplicationData="false">
      <tcccp:Item title="Task%20Process" uri="2-1-131074" extension="tpd" subtype="0" type="ProcessDefinition" hasApplicationData="false" />
    </tcccp:Item>
  </tcccp:Item>
</tcccp:Index>