<tcccp:Item xmlns:tcccp="http://www.tridion.com/ContentManager/5.2/ImportExport" xmlns:tcm="http://www.tridion.com/ContentManager/5.0" xmlns:xlink="http://www.w3.org/1999/xlink">
  <tcccp:PrimaryBlueprintParentUrl>/webdav/000%20Empty%20Parent/Building%20Blocks/Default%20Templates/Publish%20Binaries%20in%20Package.tbbcs</tcccp:PrimaryBlueprintParentUrl>
  <tcccp:BlueprintParentUrl />
  <tcccp:BinaryFileLocation />
  <tcm:Data>
    <tcm:Title>Publish Binaries in Package</tcm:Title>
    <tcm:Type>CSharpTemplate</tcm:Type>
    <tcm:Content>
      <tcm:PublisherScript>	/* Generated by Setup Default Templates */
	&lt;%RunTemplate Template="tcm:0-0-0" Class="Tridion.ContentManager.Templating.Templates.PublishBinariesInPackageTemplate"%&gt;
</tcm:PublisherScript>
    </tcm:Content>
    <tcm:MetadataSchema xlink:type="simple" xlink:title="" xlink:href="tcm:0-0-0" />
    <tcm:ParameterSchema xlink:type="simple" xlink:title="Publish Binaries in Package" xlink:href="/webdav/010%20Schemas%20and%20Categories/Building%20Blocks/Default%20Templates/Publish%20Binaries%20in%20Package.xsd" />
    <tcm:Metadata />
  </tcm:Data>
  <tcccp:Dependencies>
    <tcccp:Dependency dependencyType="Publication" itemType="Publication" xpath="" mandatory="true" itemUrl="/webdav/010%20Schemas%20and%20Categories" />
    <tcccp:Dependency dependencyType="OrganizationalItemFolder" itemType="Folder" xpath="" mandatory="true" itemUrl="/webdav/010%20Schemas%20and%20Categories/Building%20Blocks/Default%20Templates" />
    <tcccp:Dependency dependencyType="MetadataSchema" itemType="Schema" xpath="tcm:Data/tcm:MetadataSchema/@xlink:href" mandatory="true" itemUrl="tcm:0-0-0" />
    <tcccp:Dependency dependencyType="ParameterSchema" itemType="Schema" xpath="tcm:Data/tcm:ParameterSchema/@xlink:href" mandatory="true" itemUrl="/webdav/010%20Schemas%20and%20Categories/Building%20Blocks/Default%20Templates/Publish%20Binaries%20in%20Package.xsd" />
  </tcccp:Dependencies>
</tcccp:Item>