<tcccp:Item xmlns:tcccp="http://www.tridion.com/ContentManager/5.2/ImportExport" xmlns:tcm="http://www.tridion.com/ContentManager/5.0" xmlns:xlink="http://www.w3.org/1999/xlink">
  <tcccp:PrimaryBlueprintParentUrl>/webdav/000%20Empty%20Parent/Building%20Blocks/Default%20Templates/Default%20Finish%20Actions.tbbcmp</tcccp:PrimaryBlueprintParentUrl>
  <tcccp:BlueprintParentUrl />
  <tcccp:BinaryFileLocation />
  <tcm:Data>
    <tcm:Title>Default Finish Actions</tcm:Title>
    <tcm:Type>CompoundTemplate</tcm:Type>
    <tcm:Content>
      <tcm:PublisherScript>&lt;CompoundTemplate xmlns="http://www.tridion.com/ContentManager/5.3/CompoundTemplate"&gt;
  &lt;TemplateInvocation&gt;
    &lt;Template xlink:href="/webdav/010%20Schemas%20and%20Categories/Building%20Blocks/Default%20Templates/Publish%20Binaries%20in%20Package.tbbcs" xmlns:xlink="http://www.w3.org/1999/xlink" xlink:title="Publish Binaries in Package" /&gt;
  &lt;/TemplateInvocation&gt;
  &lt;TemplateInvocation&gt;
    &lt;Template xlink:href="/webdav/010%20Schemas%20and%20Categories/Building%20Blocks/Default%20Templates/Link%20Resolver.tbbcs" xmlns:xlink="http://www.w3.org/1999/xlink" xlink:title="Link Resolver" /&gt;
  &lt;/TemplateInvocation&gt;
  &lt;TemplateInvocation&gt;
    &lt;Template xlink:href="/webdav/010%20Schemas%20and%20Categories/Building%20Blocks/Default%20Templates/Target%20Group%20Personalization.tbbcs" xmlns:xlink="http://www.w3.org/1999/xlink" xlink:title="Target Group Personalization" /&gt;
  &lt;/TemplateInvocation&gt;
  &lt;TemplateInvocation&gt;
    &lt;Template xlink:href="/webdav/010%20Schemas%20and%20Categories/Building%20Blocks/Default%20Templates/Cleanup%20Template.tbbcs" xmlns:xlink="http://www.w3.org/1999/xlink" xlink:title="Cleanup Template" /&gt;
  &lt;/TemplateInvocation&gt;
  &lt;TemplateInvocation&gt;
    &lt;Template xlink:href="/webdav/010%20Schemas%20and%20Categories/Building%20Blocks/Default%20Templates/Convert%20Xml%20to%20Html.tbbcs" xmlns:xlink="http://www.w3.org/1999/xlink" xlink:title="Convert Xml to Html" /&gt;
  &lt;/TemplateInvocation&gt;
&lt;/CompoundTemplate&gt;</tcm:PublisherScript>
    </tcm:Content>
    <tcm:MetadataSchema xlink:type="simple" xlink:title="" xlink:href="tcm:0-0-0" />
    <tcm:ParameterSchema xlink:type="simple" xlink:title="Default Finish Actions" xlink:href="/webdav/010%20Schemas%20and%20Categories/Building%20Blocks/Default%20Templates/Default%20Finish%20Actions.xsd" />
    <tcm:Metadata />
  </tcm:Data>
  <tcccp:Dependencies>
    <tcccp:Dependency dependencyType="Publication" itemType="Publication" xpath="" mandatory="true" itemUrl="/webdav/010%20Schemas%20and%20Categories" />
    <tcccp:Dependency dependencyType="OrganizationalItemFolder" itemType="Folder" xpath="" mandatory="true" itemUrl="/webdav/010%20Schemas%20and%20Categories/Building%20Blocks/Default%20Templates" />
    <tcccp:Dependency dependencyType="MetadataSchema" itemType="Schema" xpath="tcm:Data/tcm:MetadataSchema/@xlink:href" mandatory="true" itemUrl="tcm:0-0-0" />
    <tcccp:Dependency dependencyType="ParameterSchema" itemType="Schema" xpath="tcm:Data/tcm:ParameterSchema/@xlink:href" mandatory="true" itemUrl="/webdav/010%20Schemas%20and%20Categories/Building%20Blocks/Default%20Templates/Default%20Finish%20Actions.xsd" />
    <tcccp:Dependency dependencyType="TemplateLinkedItem" itemType="TemplateBuildingBlock" xpath="tcccp:TemplateReferences/tcccp:TemplateReference[1]" mandatory="true" itemUrl="/webdav/010%20Schemas%20and%20Categories/Building%20Blocks/Default%20Templates/Publish%20Binaries%20in%20Package.tbbcs" />
    <tcccp:Dependency dependencyType="TemplateLinkedItem" itemType="TemplateBuildingBlock" xpath="tcccp:TemplateReferences/tcccp:TemplateReference[2]" mandatory="true" itemUrl="/webdav/010%20Schemas%20and%20Categories/Building%20Blocks/Default%20Templates/Link%20Resolver.tbbcs" />
    <tcccp:Dependency dependencyType="TemplateLinkedItem" itemType="TemplateBuildingBlock" xpath="tcccp:TemplateReferences/tcccp:TemplateReference[3]" mandatory="true" itemUrl="/webdav/010%20Schemas%20and%20Categories/Building%20Blocks/Default%20Templates/Target%20Group%20Personalization.tbbcs" />
    <tcccp:Dependency dependencyType="TemplateLinkedItem" itemType="TemplateBuildingBlock" xpath="tcccp:TemplateReferences/tcccp:TemplateReference[4]" mandatory="true" itemUrl="/webdav/010%20Schemas%20and%20Categories/Building%20Blocks/Default%20Templates/Cleanup%20Template.tbbcs" />
    <tcccp:Dependency dependencyType="TemplateLinkedItem" itemType="TemplateBuildingBlock" xpath="tcccp:TemplateReferences/tcccp:TemplateReference[5]" mandatory="true" itemUrl="/webdav/010%20Schemas%20and%20Categories/Building%20Blocks/Default%20Templates/Convert%20Xml%20to%20Html.tbbcs" />
  </tcccp:Dependencies>
  <tcccp:TemplateReferences>
    <tcccp:TemplateReference isTcmReference="true" itemType="2048">/webdav/010%20Schemas%20and%20Categories/Building%20Blocks/Default%20Templates/Publish%20Binaries%20in%20Package.tbbcs</tcccp:TemplateReference>
    <tcccp:TemplateReference isTcmReference="true" itemType="2048">/webdav/010%20Schemas%20and%20Categories/Building%20Blocks/Default%20Templates/Link%20Resolver.tbbcs</tcccp:TemplateReference>
    <tcccp:TemplateReference isTcmReference="true" itemType="2048">/webdav/010%20Schemas%20and%20Categories/Building%20Blocks/Default%20Templates/Target%20Group%20Personalization.tbbcs</tcccp:TemplateReference>
    <tcccp:TemplateReference isTcmReference="true" itemType="2048">/webdav/010%20Schemas%20and%20Categories/Building%20Blocks/Default%20Templates/Cleanup%20Template.tbbcs</tcccp:TemplateReference>
    <tcccp:TemplateReference isTcmReference="true" itemType="2048">/webdav/010%20Schemas%20and%20Categories/Building%20Blocks/Default%20Templates/Convert%20Xml%20to%20Html.tbbcs</tcccp:TemplateReference>
  </tcccp:TemplateReferences>
</tcccp:Item>