<tcccp:Item xmlns:tcccp="http://www.tridion.com/ContentManager/5.2/ImportExport"><tcccp:BlueprintParentUrl></tcccp:BlueprintParentUrl><tcccp:PrimaryBlueprintParentUrl></tcccp:PrimaryBlueprintParentUrl><tcccp:BinaryFileLocation></tcccp:BinaryFileLocation><tcm:Data xmlns:tcm="http://www.tridion.com/ContentManager/5.0" xmlns:xlink="http://www.w3.org/1999/xlink" xmlns:i="http://www.w3.org/2001/XMLSchema-instance"><tcm:Title>Videos</tcm:Title><tcm:Description>Videos</tcm:Description><tcm:Purpose>Multimedia</tcm:Purpose><tcm:NamespaceURI>uuid:c04e8adc-ca7f-4c56-83a6-268178b9ad77</tcm:NamespaceURI><tcm:RootElementName /><tcm:IsTridionWebSchema>true</tcm:IsTridionWebSchema><tcm:XSD><xsd:schema elementFormDefault="qualified" targetNamespace="uuid:c04e8adc-ca7f-4c56-83a6-268178b9ad77" xmlns:xsd="http://www.w3.org/2001/XMLSchema" xmlns="uuid:c04e8adc-ca7f-4c56-83a6-268178b9ad77" xmlns:tcmi="http://www.tridion.com/ContentManager/5.0/Instance"><xsd:import namespace="http://www.tridion.com/ContentManager/5.0/Instance" schemaLocation="/webdav/cm_xml_inst.xsd" /><xsd:annotation><xsd:appinfo><tcm:Labels xmlns:tcm="http://www.tridion.com/ContentManager/5.0" /></xsd:appinfo></xsd:annotation></xsd:schema></tcm:XSD><tcm:AllowedMultimediaTypes><tcm:AllowedMultimediaType xlink:type="simple" xlink:title="Real player" xlink:href="tcm:0-14-65544" /><tcm:AllowedMultimediaType xlink:type="simple" xlink:title="QuickTime movie" xlink:href="tcm:0-15-65544" /><tcm:AllowedMultimediaType xlink:type="simple" xlink:title="Mpeg video" xlink:href="tcm:0-17-65544" /><tcm:AllowedMultimediaType xlink:type="simple" xlink:title="Flash file" xlink:href="tcm:0-18-65544" /><tcm:AllowedMultimediaType xlink:type="simple" xlink:title="Adobe Flash Video" xlink:href="tcm:0-23-65544" /></tcm:AllowedMultimediaTypes><tcm:ComponentProcess xlink:type="simple" xlink:title="" xlink:href="tcm:0-0-0" /><tcm:BundleProcess xlink:type="simple" xlink:title="" xlink:href="tcm:0-0-0" /><tcm:DeleteBundleOnProcessFinished>false</tcm:DeleteBundleOnProcessFinished></tcm:Data><tcccp:Dependencies><tcccp:Dependency itemUrl="/webdav/010%20Schemas%20and%20Categories" mandatory="true" xpath="" itemType="Publication" dependencyType="Publication" /><tcccp:Dependency itemUrl="/webdav/010%20Schemas%20and%20Categories/Building%20Blocks/System/Schemas/Multimedia%20Schemas" mandatory="true" xpath="" itemType="Folder" dependencyType="OrganizationalItemFolder" /><tcccp:Dependency itemUrl="/webdav//Real%20player.tmt" itemType="MultimediaType" dependencyType="AllowedMultimediaType" mandatory="true" xpath="tcm:Data/*[8]/*[1]/@xlink:href" /><tcccp:Dependency itemUrl="/webdav//QuickTime%20movie.tmt" itemType="MultimediaType" dependencyType="AllowedMultimediaType" mandatory="true" xpath="tcm:Data/*[8]/*[2]/@xlink:href" /><tcccp:Dependency itemUrl="/webdav//Mpeg%20video.tmt" itemType="MultimediaType" dependencyType="AllowedMultimediaType" mandatory="true" xpath="tcm:Data/*[8]/*[3]/@xlink:href" /><tcccp:Dependency itemUrl="/webdav//Flash%20file.tmt" itemType="MultimediaType" dependencyType="AllowedMultimediaType" mandatory="true" xpath="tcm:Data/*[8]/*[4]/@xlink:href" /><tcccp:Dependency itemUrl="/webdav//Adobe%20Flash%20Video.tmt" itemType="MultimediaType" dependencyType="AllowedMultimediaType" mandatory="true" xpath="tcm:Data/*[8]/*[5]/@xlink:href" /><tcccp:Dependency itemUrl="tcm:0-0-0" itemType="ProcessDefinition" dependencyType="ComponentProcess" mandatory="true" xpath="tcm:Data/tcm:ComponentProcess/@xlink:href" /><tcccp:Dependency itemUrl="tcm:0-0-0" itemType="ProcessDefinition" dependencyType="SchemaBundleProcess" mandatory="true" xpath="tcm:Data/tcm:BundleProcess/@xlink:href" /></tcccp:Dependencies></tcccp:Item>