<tcccp:Item xmlns:tcccp="http://www.tridion.com/ContentManager/5.2/ImportExport"><tcccp:BlueprintParentUrl></tcccp:BlueprintParentUrl><tcccp:PrimaryBlueprintParentUrl></tcccp:PrimaryBlueprintParentUrl><tcccp:BinaryFileLocation></tcccp:BinaryFileLocation><tcm:Data xmlns:tcm="http://www.tridion.com/ContentManager/5.0" xmlns:xlink="http://www.w3.org/1999/xlink" xmlns:i="http://www.w3.org/2001/XMLSchema-instance"><tcm:Title>Office PDF Document</tcm:Title><tcm:Description>Office PDF Document</tcm:Description><tcm:Purpose>Multimedia</tcm:Purpose><tcm:NamespaceURI>uuid:7e3ab7ff-1e4f-4a0b-944a-285a0d1d6c9f</tcm:NamespaceURI><tcm:RootElementName /><tcm:IsTridionWebSchema>true</tcm:IsTridionWebSchema><tcm:XSD><xsd:schema elementFormDefault="qualified" targetNamespace="uuid:7e3ab7ff-1e4f-4a0b-944a-285a0d1d6c9f" xmlns:xsd="http://www.w3.org/2001/XMLSchema" xmlns="uuid:7e3ab7ff-1e4f-4a0b-944a-285a0d1d6c9f" xmlns:tcmi="http://www.tridion.com/ContentManager/5.0/Instance"><xsd:import namespace="http://www.tridion.com/ContentManager/5.0/Instance" schemaLocation="/webdav/cm_xml_inst.xsd" /><xsd:annotation><xsd:appinfo><tcm:Labels xmlns:tcm="http://www.tridion.com/ContentManager/5.0" /></xsd:appinfo></xsd:annotation></xsd:schema></tcm:XSD><tcm:AllowedMultimediaTypes><tcm:AllowedMultimediaType xlink:type="simple" xlink:title="Word document" xlink:href="tcm:0-4-65544" /><tcm:AllowedMultimediaType xlink:type="simple" xlink:title="Excel sheet" xlink:href="tcm:0-5-65544" /><tcm:AllowedMultimediaType xlink:type="simple" xlink:title="Powerpoint presentation" xlink:href="tcm:0-6-65544" /><tcm:AllowedMultimediaType xlink:type="simple" xlink:title="Pdf document" xlink:href="tcm:0-7-65544" /></tcm:AllowedMultimediaTypes><tcm:ComponentProcess xlink:type="simple" xlink:title="" xlink:href="tcm:0-0-0" /><tcm:BundleProcess xlink:type="simple" xlink:title="" xlink:href="tcm:0-0-0" /><tcm:DeleteBundleOnProcessFinished>false</tcm:DeleteBundleOnProcessFinished></tcm:Data><tcccp:Dependencies><tcccp:Dependency itemUrl="/webdav/010%20Schemas%20and%20Categories" mandatory="true" xpath="" itemType="Publication" dependencyType="Publication" /><tcccp:Dependency itemUrl="/webdav/010%20Schemas%20and%20Categories/Building%20Blocks/System/Schemas/Multimedia%20Schemas" mandatory="true" xpath="" itemType="Folder" dependencyType="OrganizationalItemFolder" /><tcccp:Dependency itemUrl="/webdav//Word%20document.tmt" itemType="MultimediaType" dependencyType="AllowedMultimediaType" mandatory="true" xpath="tcm:Data/*[8]/*[1]/@xlink:href" /><tcccp:Dependency itemUrl="/webdav//Excel%20sheet.tmt" itemType="MultimediaType" dependencyType="AllowedMultimediaType" mandatory="true" xpath="tcm:Data/*[8]/*[2]/@xlink:href" /><tcccp:Dependency itemUrl="/webdav//Powerpoint%20presentation.tmt" itemType="MultimediaType" dependencyType="AllowedMultimediaType" mandatory="true" xpath="tcm:Data/*[8]/*[3]/@xlink:href" /><tcccp:Dependency itemUrl="/webdav//Pdf%20document.tmt" itemType="MultimediaType" dependencyType="AllowedMultimediaType" mandatory="true" xpath="tcm:Data/*[8]/*[4]/@xlink:href" /><tcccp:Dependency itemUrl="tcm:0-0-0" itemType="ProcessDefinition" dependencyType="ComponentProcess" mandatory="true" xpath="tcm:Data/tcm:ComponentProcess/@xlink:href" /><tcccp:Dependency itemUrl="tcm:0-0-0" itemType="ProcessDefinition" dependencyType="SchemaBundleProcess" mandatory="true" xpath="tcm:Data/tcm:BundleProcess/@xlink:href" /></tcccp:Dependencies></tcccp:Item>