<tcccp:Item xmlns:tcccp="http://www.tridion.com/ContentManager/5.2/ImportExport"><tcccp:BlueprintParentUrl></tcccp:BlueprintParentUrl><tcccp:PrimaryBlueprintParentUrl></tcccp:PrimaryBlueprintParentUrl><tcccp:BinaryFileLocation></tcccp:BinaryFileLocation><tcm:Data xmlns:tcm="http://www.tridion.com/ContentManager/5.0" xmlns:xlink="http://www.w3.org/1999/xlink" xmlns:i="http://www.w3.org/2001/XMLSchema-instance"><tcm:Title>General Body Header</tcm:Title><tcm:Description>General Body Header</tcm:Description><tcm:Purpose>Component</tcm:Purpose><tcm:NamespaceURI>uuid:d437bd68-829c-4bef-8041-2ca7dd5f1b8b</tcm:NamespaceURI><tcm:RootElementName>generalBodyHeader</tcm:RootElementName><tcm:IsTridionWebSchema>true</tcm:IsTridionWebSchema><tcm:XSD><xsd:schema elementFormDefault="qualified" targetNamespace="uuid:d437bd68-829c-4bef-8041-2ca7dd5f1b8b" xmlns:xsd="http://www.w3.org/2001/XMLSchema" xmlns="uuid:d437bd68-829c-4bef-8041-2ca7dd5f1b8b" xmlns:tcmi="http://www.tridion.com/ContentManager/5.0/Instance"><xsd:import namespace="http://www.tridion.com/ContentManager/5.0/Instance" schemaLocation="/webdav/cm_xml_inst.xsd" /><xsd:annotation><xsd:appinfo><tcm:Labels xmlns:tcm="http://www.tridion.com/ContentManager/5.0"><tcm:Label ElementName="header" Metadata="false">Header / Title</tcm:Label><tcm:Label ElementName="image" Metadata="false">Image</tcm:Label><tcm:Label ElementName="cta" Metadata="false">Call to Action</tcm:Label></tcm:Labels></xsd:appinfo></xsd:annotation><xsd:element name="generalBodyHeader"><xsd:complexType><xsd:sequence><xsd:element name="header" minOccurs="0" maxOccurs="1" type="xsd:normalizedString"><xsd:annotation><xsd:appinfo><tcm:ExtensionXml xmlns:tcm="http://www.tridion.com/ContentManager/5.0" /></xsd:appinfo></xsd:annotation></xsd:element><xsd:element name="image" minOccurs="0" maxOccurs="1" type="tcmi:SimpleLink"><xsd:annotation><xsd:appinfo><tcm:ExtensionXml xmlns:tcm="http://www.tridion.com/ContentManager/5.0" /><tcm:linktype xmlns:tcm="http://www.tridion.com/ContentManager/5.0">MultimediaLink</tcm:linktype><tcm:AllowedTargetSchemas xmlns:tcm="http://www.tridion.com/ContentManager/5.0"><tcm:TargetSchema xlink:href="/webdav/010%20Schemas%20and%20Categories/Building%20Blocks/System/Schemas/Multimedia%20Schemas/Image.xsd" xmlns:xlink="http://www.w3.org/1999/xlink" xlink:title="Image" /><tcm:TargetSchema xlink:href="/webdav/010%20Schemas%20and%20Categories/Building%20Blocks/System/Schemas/Multimedia%20Schemas/Default%20Multimedia%20Schema.xsd" xmlns:xlink="http://www.w3.org/1999/xlink" xlink:title="Default Multimedia Schema" /></tcm:AllowedTargetSchemas></xsd:appinfo></xsd:annotation></xsd:element><xsd:element name="cta" minOccurs="0" maxOccurs="1" type="tcmi:SimpleLink"><xsd:annotation><xsd:appinfo><tcm:ExtensionXml xmlns:tcm="http://www.tridion.com/ContentManager/5.0" /><tcm:linktype xmlns:tcm="http://www.tridion.com/ContentManager/5.0">ComponentLink</tcm:linktype><tcm:AllowMultimediaLinks xmlns:tcm="http://www.tridion.com/ContentManager/5.0">false</tcm:AllowMultimediaLinks><tcm:AllowedTargetSchemas xmlns:tcm="http://www.tridion.com/ContentManager/5.0"><tcm:TargetSchema xlink:href="/webdav/010%20Schemas%20and%20Categories/Building%20Blocks/System/Schemas/Content/General%20Call%20to%20Action.xsd" xmlns:xlink="http://www.w3.org/1999/xlink" xlink:title="General Call to Action" /></tcm:AllowedTargetSchemas></xsd:appinfo></xsd:annotation></xsd:element></xsd:sequence></xsd:complexType></xsd:element></xsd:schema></tcm:XSD><tcm:AllowedMultimediaTypes /><tcm:ComponentProcess xlink:type="simple" xlink:title="" xlink:href="tcm:0-0-0" /><tcm:BundleProcess xlink:type="simple" xlink:title="" xlink:href="tcm:0-0-0" /><tcm:DeleteBundleOnProcessFinished>false</tcm:DeleteBundleOnProcessFinished></tcm:Data><tcccp:Dependencies><tcccp:Dependency itemUrl="/webdav/010%20Schemas%20and%20Categories" mandatory="true" xpath="" itemType="Publication" dependencyType="Publication" /><tcccp:Dependency itemUrl="/webdav/010%20Schemas%20and%20Categories/Building%20Blocks/System/Schemas/Content" mandatory="true" xpath="" itemType="Folder" dependencyType="OrganizationalItemFolder" /><tcccp:Dependency itemUrl="/webdav/010%20Schemas%20and%20Categories/Building%20Blocks/System/Schemas/Multimedia%20Schemas/Image.xsd" mandatory="true" xpath="tcm:Data/*[7]/*[1]/*[3]/*[1]/*[1]/*[2]/*[1]/*[1]/*[3]/*[1]/@xlink:href" itemType="Schema" dependencyType="SchemaAllowedSchema" /><tcccp:Dependency itemUrl="/webdav/010%20Schemas%20and%20Categories/Building%20Blocks/System/Schemas/Multimedia%20Schemas/Default%20Multimedia%20Schema.xsd" mandatory="true" xpath="tcm:Data/*[7]/*[1]/*[3]/*[1]/*[1]/*[2]/*[1]/*[1]/*[3]/*[2]/@xlink:href" itemType="Schema" dependencyType="SchemaAllowedSchema" /><tcccp:Dependency itemUrl="/webdav/010%20Schemas%20and%20Categories/Building%20Blocks/System/Schemas/Content/General%20Call%20to%20Action.xsd" mandatory="true" xpath="tcm:Data/*[7]/*[1]/*[3]/*[1]/*[1]/*[3]/*[1]/*[1]/*[4]/*[1]/@xlink:href" itemType="Schema" dependencyType="SchemaAllowedSchema" /><tcccp:Dependency itemUrl="tcm:0-0-0" itemType="ProcessDefinition" dependencyType="ComponentProcess" mandatory="true" xpath="tcm:Data/tcm:ComponentProcess/@xlink:href" /><tcccp:Dependency itemUrl="tcm:0-0-0" itemType="ProcessDefinition" dependencyType="SchemaBundleProcess" mandatory="true" xpath="tcm:Data/tcm:BundleProcess/@xlink:href" /></tcccp:Dependencies></tcccp:Item>