<tcccp:Item xmlns:tcccp="http://www.tridion.com/ContentManager/5.2/ImportExport"><tcccp:BlueprintParentUrl></tcccp:BlueprintParentUrl><tcccp:PrimaryBlueprintParentUrl></tcccp:PrimaryBlueprintParentUrl><tcccp:BinaryFileLocation></tcccp:BinaryFileLocation><tcm:Data xmlns:tcm="http://www.tridion.com/ContentManager/5.0" xmlns:xlink="http://www.w3.org/1999/xlink" xmlns:i="http://www.w3.org/2001/XMLSchema-instance"><tcm:Title>General Body Copy</tcm:Title><tcm:Description>General Body Copy</tcm:Description><tcm:Purpose>Component</tcm:Purpose><tcm:NamespaceURI>uuid:b1bc0e2f-ff6d-4db3-98d6-d5148e76477b</tcm:NamespaceURI><tcm:RootElementName>generalBodyCopy</tcm:RootElementName><tcm:IsTridionWebSchema>true</tcm:IsTridionWebSchema><tcm:XSD><xsd:schema elementFormDefault="qualified" targetNamespace="uuid:b1bc0e2f-ff6d-4db3-98d6-d5148e76477b" xmlns:xsd="http://www.w3.org/2001/XMLSchema" xmlns="uuid:b1bc0e2f-ff6d-4db3-98d6-d5148e76477b" xmlns:tcmi="http://www.tridion.com/ContentManager/5.0/Instance"><xsd:import namespace="http://www.tridion.com/ContentManager/5.0/Instance" schemaLocation="/webdav/cm_xml_inst.xsd" /><xsd:include schemaLocation="/webdav/010%20Schemas%20and%20Categories/Building%20Blocks/System/Schemas/Embeddable%20Schemas/Paragraph%20with%20Media.xsd" /><xsd:annotation><xsd:appinfo><tcm:Labels xmlns:tcm="http://www.tridion.com/ContentManager/5.0"><tcm:Label ElementName="header" Metadata="false">Header / Title</tcm:Label><tcm:Label ElementName="paragraphs" Metadata="false">paragraphs</tcm:Label><tcm:Label ElementName="footer" Metadata="false">Footer</tcm:Label></tcm:Labels></xsd:appinfo></xsd:annotation><xsd:element name="generalBodyCopy"><xsd:complexType><xsd:sequence><xsd:element name="header" minOccurs="0" maxOccurs="1" type="xsd:normalizedString"><xsd:annotation><xsd:appinfo><ExtensionXml xmlns="http://www.tridion.com/ContentManager/5.0" /></xsd:appinfo></xsd:annotation></xsd:element><xsd:element name="paragraphs" minOccurs="0" maxOccurs="unbounded" type="paragraphWithMedia"><xsd:annotation><xsd:appinfo><ExtensionXml xmlns="http://www.tridion.com/ContentManager/5.0" /><tcm:EmbeddedSchema xlink:href="/webdav/010%20Schemas%20and%20Categories/Building%20Blocks/System/Schemas/Embeddable%20Schemas/Paragraph%20with%20Media.xsd" xmlns:tcm="http://www.tridion.com/ContentManager/5.0" xmlns:xlink="http://www.w3.org/1999/xlink" xlink:title="Paragraph with Media" /></xsd:appinfo></xsd:annotation></xsd:element><xsd:element name="footer" minOccurs="0" maxOccurs="1" type="tcmi:XHTML"><xsd:annotation><xsd:appinfo><ExtensionXml xmlns="http://www.tridion.com/ContentManager/5.0" /><tcm:Size xmlns:tcm="http://www.tridion.com/ContentManager/5.0">3</tcm:Size><tcm:FilterXSLT xmlns:tcm="http://www.tridion.com/ContentManager/5.0"><stylesheet version="1.0" xmlns="http://www.w3.org/1999/XSL/Transform"><output omit-xml-declaration="yes" method="xml" cdata-section-elements="script" /><template name="FormattingFeatures"><FormattingFeatures xmlns="http://www.tridion.com/ContentManager/5.2/FormatArea" xmlns:xsl="http://www.w3.org/1999/XSL/Transform"><Doctype>Transitional</Doctype><AccessibilityLevel>0</AccessibilityLevel><DisallowedActions /><DisallowedStyles /></FormattingFeatures></template><template match="/ | node() | @*"><copy><apply-templates select="node() | @*" /></copy></template><template match="*[      (self::br or self::p or self::div)     and      normalize-space(translate(., ' ', '')) = ''     and      not(@*)     and      not(processing-instruction())     and      not(comment())     and      not(*[not(self::br) or @* or * or node()])     and      not(following::node()[not(         (self::text() or self::br or self::p or self::div)        and         normalize-space(translate(., ' ', '')) = ''        and         not(@*)        and         not(processing-instruction())        and         not(comment())        and         not(*[not(self::br) or @* or * or node()])       )])     ]"><!-- ignore all paragraphs and line-breaks at the end that have nothing but (non-breaking) spaces and line breaks --></template><template match="br[parent::div and not(preceding-sibling::node()) and not(following-sibling::node())]"><!-- Chrome generates <div><br/></div>. Renders differently in different browsers. Replace it with a non-breaking space --><text> </text></template></stylesheet></tcm:FilterXSLT></xsd:appinfo></xsd:annotation></xsd:element></xsd:sequence></xsd:complexType></xsd:element></xsd:schema></tcm:XSD><tcm:AllowedMultimediaTypes /><tcm:ComponentProcess xlink:type="simple" xlink:title="" xlink:href="tcm:0-0-0" /><tcm:BundleProcess xlink:type="simple" xlink:title="" xlink:href="tcm:0-0-0" /><tcm:DeleteBundleOnProcessFinished>false</tcm:DeleteBundleOnProcessFinished></tcm:Data><tcccp:Dependencies><tcccp:Dependency itemUrl="/webdav/010%20Schemas%20and%20Categories" mandatory="true" xpath="" itemType="Publication" dependencyType="Publication" /><tcccp:Dependency itemUrl="/webdav/010%20Schemas%20and%20Categories/Building%20Blocks/System/Schemas/Content" mandatory="true" xpath="" itemType="Folder" dependencyType="OrganizationalItemFolder" /><tcccp:Dependency itemUrl="/webdav/010%20Schemas%20and%20Categories/Building%20Blocks/System/Schemas/Embeddable%20Schemas/Paragraph%20with%20Media.xsd" mandatory="true" xpath="tcm:Data/*[7]/*[1]/*[4]/*[1]/*[1]/*[2]/*[1]/*[1]/*[2]/@xlink:href" itemType="Schema" dependencyType="EmbeddedSchema" /><tcccp:Dependency itemUrl="/webdav/010%20Schemas%20and%20Categories/Building%20Blocks/System/Schemas/Embeddable%20Schemas/Paragraph%20with%20Media.xsd" itemType="Schema" dependencyType="EmbeddedSchema" mandatory="true" xpath="tcm:Data/*[7]/*[1]/*[2]/@schemaLocation" /><tcccp:Dependency itemUrl="tcm:0-0-0" itemType="ProcessDefinition" dependencyType="ComponentProcess" mandatory="true" xpath="tcm:Data/tcm:ComponentProcess/@xlink:href" /><tcccp:Dependency itemUrl="tcm:0-0-0" itemType="ProcessDefinition" dependencyType="SchemaBundleProcess" mandatory="true" xpath="tcm:Data/tcm:BundleProcess/@xlink:href" /></tcccp:Dependencies></tcccp:Item>