<tcccp:Item xmlns:tcccp="http://www.tridion.com/ContentManager/5.2/ImportExport"><tcccp:BlueprintParentUrl></tcccp:BlueprintParentUrl><tcccp:PrimaryBlueprintParentUrl></tcccp:PrimaryBlueprintParentUrl><tcccp:BinaryFileLocation></tcccp:BinaryFileLocation><tcm:Data xmlns:tcm="http://www.tridion.com/ContentManager/5.0" xmlns:xlink="http://www.w3.org/1999/xlink" xmlns:i="http://www.w3.org/2001/XMLSchema-instance"><tcm:Title>Paragraph with Media</tcm:Title><tcm:Description>Paragraph with Media</tcm:Description><tcm:Purpose>Embedded</tcm:Purpose><tcm:NamespaceURI /><tcm:RootElementName>paragraphWithMedia</tcm:RootElementName><tcm:IsTridionWebSchema>true</tcm:IsTridionWebSchema><tcm:XSD><xsd:schema elementFormDefault="qualified" xmlns:xsd="http://www.w3.org/2001/XMLSchema" xmlns:tcmi="http://www.tridion.com/ContentManager/5.0/Instance" xmlns=""><xsd:import namespace="http://www.tridion.com/ContentManager/5.0/Instance" schemaLocation="/webdav/cm_xml_inst.xsd" /><xsd:include schemaLocation="/webdav/010%20Schemas%20and%20Categories/Building%20Blocks/System/Schemas/Embeddable%20Schemas/Generic%20Call%20to%20Action.xsd" /><xsd:include schemaLocation="/webdav/010%20Schemas%20and%20Categories/Building%20Blocks/System/Schemas/Embeddable%20Schemas/Generic%20Paragraph.xsd" /><xsd:include schemaLocation="/webdav/010%20Schemas%20and%20Categories/Building%20Blocks/System/Schemas/Embeddable%20Schemas/Generic%20Paragraph.xsd" /><xsd:annotation><xsd:appinfo><tcm:Labels xmlns:tcm="http://www.tridion.com/ContentManager/5.0"><tcm:Label ElementName="genericParagraph" Metadata="false">Paragraph</tcm:Label><tcm:Label ElementName="genericImage" Metadata="false">Image</tcm:Label><tcm:Label ElementName="genericCTA" Metadata="false">Call to Action for paragraph</tcm:Label></tcm:Labels></xsd:appinfo></xsd:annotation><xsd:complexType name="paragraphWithMedia"><xsd:sequence><xsd:element name="genericParagraph" minOccurs="0" maxOccurs="1" type="genericParagraph"><xsd:annotation><xsd:appinfo><ExtensionXml xmlns="http://www.tridion.com/ContentManager/5.0" /><tcm:EmbeddedSchema xlink:href="/webdav/010%20Schemas%20and%20Categories/Building%20Blocks/System/Schemas/Embeddable%20Schemas/Generic%20Paragraph.xsd" xmlns:tcm="http://www.tridion.com/ContentManager/5.0" xmlns:xlink="http://www.w3.org/1999/xlink" xlink:title="Generic Paragraph" /></xsd:appinfo></xsd:annotation></xsd:element><xsd:element name="genericImage" minOccurs="0" maxOccurs="1" type="genericParagraph"><xsd:annotation><xsd:appinfo><ExtensionXml xmlns="http://www.tridion.com/ContentManager/5.0" /><tcm:EmbeddedSchema xlink:href="/webdav/010%20Schemas%20and%20Categories/Building%20Blocks/System/Schemas/Embeddable%20Schemas/Generic%20Paragraph.xsd" xmlns:tcm="http://www.tridion.com/ContentManager/5.0" xmlns:xlink="http://www.w3.org/1999/xlink" xlink:title="Generic Paragraph" /></xsd:appinfo></xsd:annotation></xsd:element><xsd:element name="genericCTA" minOccurs="0" maxOccurs="1" type="genericCallToAction"><xsd:annotation><xsd:appinfo><tcm:ExtensionXml xmlns:tcm="http://www.tridion.com/ContentManager/5.0" /><tcm:EmbeddedSchema xlink:href="/webdav/010%20Schemas%20and%20Categories/Building%20Blocks/System/Schemas/Embeddable%20Schemas/Generic%20Call%20to%20Action.xsd" xmlns:tcm="http://www.tridion.com/ContentManager/5.0" xmlns:xlink="http://www.w3.org/1999/xlink" xlink:title="Generic Call to Action" /></xsd:appinfo></xsd:annotation></xsd:element></xsd:sequence></xsd:complexType></xsd:schema></tcm:XSD><tcm:AllowedMultimediaTypes /><tcm:ComponentProcess xlink:type="simple" xlink:title="" xlink:href="tcm:0-0-0" /><tcm:BundleProcess xlink:type="simple" xlink:title="" xlink:href="tcm:0-0-0" /><tcm:DeleteBundleOnProcessFinished>false</tcm:DeleteBundleOnProcessFinished></tcm:Data><tcccp:Dependencies><tcccp:Dependency itemUrl="/webdav/010%20Schemas%20and%20Categories" mandatory="true" xpath="" itemType="Publication" dependencyType="Publication" /><tcccp:Dependency itemUrl="/webdav/010%20Schemas%20and%20Categories/Building%20Blocks/System/Schemas/Embeddable%20Schemas" mandatory="true" xpath="" itemType="Folder" dependencyType="OrganizationalItemFolder" /><tcccp:Dependency itemUrl="/webdav/010%20Schemas%20and%20Categories/Building%20Blocks/System/Schemas/Embeddable%20Schemas/Generic%20Paragraph.xsd" mandatory="true" xpath="tcm:Data/*[7]/*[1]/*[6]/*[1]/*[1]/*[1]/*[1]/*[2]/@xlink:href" itemType="Schema" dependencyType="EmbeddedSchema" /><tcccp:Dependency itemUrl="/webdav/010%20Schemas%20and%20Categories/Building%20Blocks/System/Schemas/Embeddable%20Schemas/Generic%20Paragraph.xsd" mandatory="true" xpath="tcm:Data/*[7]/*[1]/*[6]/*[1]/*[2]/*[1]/*[1]/*[2]/@xlink:href" itemType="Schema" dependencyType="EmbeddedSchema" /><tcccp:Dependency itemUrl="/webdav/010%20Schemas%20and%20Categories/Building%20Blocks/System/Schemas/Embeddable%20Schemas/Generic%20Call%20to%20Action.xsd" mandatory="true" xpath="tcm:Data/*[7]/*[1]/*[6]/*[1]/*[3]/*[1]/*[1]/*[2]/@xlink:href" itemType="Schema" dependencyType="EmbeddedSchema" /><tcccp:Dependency itemUrl="/webdav/010%20Schemas%20and%20Categories/Building%20Blocks/System/Schemas/Embeddable%20Schemas/Generic%20Call%20to%20Action.xsd" itemType="Schema" dependencyType="EmbeddedSchema" mandatory="true" xpath="tcm:Data/*[7]/*[1]/*[2]/@schemaLocation" /><tcccp:Dependency itemUrl="/webdav/010%20Schemas%20and%20Categories/Building%20Blocks/System/Schemas/Embeddable%20Schemas/Generic%20Paragraph.xsd" itemType="Schema" dependencyType="EmbeddedSchema" mandatory="true" xpath="tcm:Data/*[7]/*[1]/*[3]/@schemaLocation" /><tcccp:Dependency itemUrl="/webdav/010%20Schemas%20and%20Categories/Building%20Blocks/System/Schemas/Embeddable%20Schemas/Generic%20Paragraph.xsd" itemType="Schema" dependencyType="EmbeddedSchema" mandatory="true" xpath="tcm:Data/*[7]/*[1]/*[4]/@schemaLocation" /><tcccp:Dependency itemUrl="tcm:0-0-0" itemType="ProcessDefinition" dependencyType="ComponentProcess" mandatory="true" xpath="tcm:Data/tcm:ComponentProcess/@xlink:href" /><tcccp:Dependency itemUrl="tcm:0-0-0" itemType="ProcessDefinition" dependencyType="SchemaBundleProcess" mandatory="true" xpath="tcm:Data/tcm:BundleProcess/@xlink:href" /></tcccp:Dependencies></tcccp:Item>