<tcccp:Item xmlns:tcccp="http://www.tridion.com/ContentManager/5.2/ImportExport"><tcccp:BlueprintParentUrl></tcccp:BlueprintParentUrl><tcccp:PrimaryBlueprintParentUrl></tcccp:PrimaryBlueprintParentUrl><tcccp:BinaryFileLocation></tcccp:BinaryFileLocation><tcm:Data xmlns:tcm="http://www.tridion.com/ContentManager/5.0" xmlns:xlink="http://www.w3.org/1999/xlink" xmlns:i="http://www.w3.org/2001/XMLSchema-instance"><tcm:Title>Link Resolver</tcm:Title><tcm:Description>Link Resolver</tcm:Description><tcm:Purpose>TemplateParameters</tcm:Purpose><tcm:NamespaceURI>uuid:7AF81DA8-33B1-4E51-8270-BFB98DF2FF81</tcm:NamespaceURI><tcm:RootElementName>Parameters</tcm:RootElementName><tcm:IsTridionWebSchema>true</tcm:IsTridionWebSchema><tcm:XSD><xsd:schema elementFormDefault="qualified" targetNamespace="uuid:7AF81DA8-33B1-4E51-8270-BFB98DF2FF81" xmlns="uuid:7AF81DA8-33B1-4E51-8270-BFB98DF2FF81" xmlns:tcmi="http://www.tridion.com/ContentManager/5.0/Instance" xmlns:xsd="http://www.w3.org/2001/XMLSchema"><xsd:import namespace="http://www.tridion.com/ContentManager/5.0/Instance" schemaLocation="/webdav/cm_xml_inst.xsd" /><xsd:annotation><xsd:appinfo><tcm:Labels xmlns:tcm="http://www.tridion.com/ContentManager/5.0"><tcm:Label ElementName="ItemName" Metadata="false">Item name</tcm:Label></tcm:Labels></xsd:appinfo></xsd:annotation><xsd:element name="Parameters"><xsd:complexType><xsd:sequence><xsd:element name="ItemName" minOccurs="0" maxOccurs="1" type="xsd:normalizedString"><xsd:annotation><xsd:appinfo><tcm:CustomURL xmlns:tcm="http://www.tridion.com/ContentManager/5.0">/TemplateBuilder/TemplateParameterDescriptions/LinkResolver.html#ItemName</tcm:CustomURL><tcm:ExtensionXml xmlns:tcm="http://www.tridion.com/ContentManager/5.0" /><tcm:DefaultTextValue xmlns:tcm="http://www.tridion.com/ContentManager/5.0">Output</tcm:DefaultTextValue></xsd:appinfo></xsd:annotation></xsd:element></xsd:sequence></xsd:complexType></xsd:element></xsd:schema></tcm:XSD><tcm:AllowedMultimediaTypes /><tcm:ComponentProcess xlink:type="simple" xlink:title="" xlink:href="tcm:0-0-0" /><tcm:BundleProcess xlink:type="simple" xlink:title="" xlink:href="tcm:0-0-0" /><tcm:DeleteBundleOnProcessFinished>false</tcm:DeleteBundleOnProcessFinished></tcm:Data><tcccp:Dependencies><tcccp:Dependency itemUrl="/webdav/010%20Schemas%20and%20Categories" mandatory="true" xpath="" itemType="Publication" dependencyType="Publication" /><tcccp:Dependency itemUrl="/webdav/010%20Schemas%20and%20Categories/Building%20Blocks/Default%20Templates" mandatory="true" xpath="" itemType="Folder" dependencyType="OrganizationalItemFolder" /><tcccp:Dependency itemUrl="tcm:0-0-0" itemType="ProcessDefinition" dependencyType="ComponentProcess" mandatory="true" xpath="tcm:Data/tcm:ComponentProcess/@xlink:href" /><tcccp:Dependency itemUrl="tcm:0-0-0" itemType="ProcessDefinition" dependencyType="SchemaBundleProcess" mandatory="true" xpath="tcm:Data/tcm:BundleProcess/@xlink:href" /></tcccp:Dependencies></tcccp:Item>