<tcccp:Item xmlns:tcccp="http://www.tridion.com/ContentManager/5.2/ImportExport" xmlns:tcm="http://www.tridion.com/ContentManager/5.0" xmlns:xlink="http://www.w3.org/1999/xlink">
  <tcccp:PrimaryBlueprintParentUrl />
  <tcccp:BlueprintParentUrl />
  <tcccp:BinaryFileLocation />
  <tcm:Data>
    <tcm:Title>Dynamic Form Widths</tcm:Title>
    <tcm:XMLName>dynamicFormWidths</tcm:XMLName>
    <tcm:Description>Fractional Column Widths - Keyword Key is the number of columns out of 6 that the keyword will use</tcm:Description>
    <tcm:KeywordMetadataSchema xlink:type="simple" xlink:title="" xlink:href="tcm:0-0-0" />
    <tcm:UseForNavigation>true</tcm:UseForNavigation>
    <tcm:AllowedParentCategories>
      <tcm:Category xlink:type="simple" xlink:title="Dynamic Form Widths" xlink:href="/webdav/010%20Schemas%20and%20Categories/Dynamic%20Form%20Widths" />
    </tcm:AllowedParentCategories>
    <tcm:IsRoot>true</tcm:IsRoot>
    <tcm:UseForIdentification>false</tcm:UseForIdentification>
  </tcm:Data>
  <tcccp:Dependencies>
    <tcccp:Dependency dependencyType="Publication" itemType="Publication" xpath="" mandatory="true" itemUrl="/webdav/010%20Schemas%20and%20Categories" />
    <tcccp:Dependency dependencyType="OrganizationalItemPublication" itemType="Publication" xpath="" mandatory="true" itemUrl="/webdav/010%20Schemas%20and%20Categories" />
    <tcccp:Dependency dependencyType="AllowedParentCategory" itemType="Category" xpath="tcm:Data/tcm:AllowedParentCategories/tcm:Category[1]/@xlink:href" mandatory="true" itemUrl="/webdav/010%20Schemas%20and%20Categories/Dynamic%20Form%20Widths" />
    <tcccp:Dependency dependencyType="MetadataSchema" itemType="Schema" xpath="tcm:Data/tcm:KeywordMetadataSchema/@xlink:href" mandatory="true" itemUrl="tcm:0-0-0" />
  </tcccp:Dependencies>
</tcccp:Item>