<tcccp:Item xmlns:tcccp="http://www.tridion.com/ContentManager/5.2/ImportExport"><tcccp:BlueprintParentUrl></tcccp:BlueprintParentUrl><tcccp:PrimaryBlueprintParentUrl></tcccp:PrimaryBlueprintParentUrl><tcccp:BinaryFileLocation></tcccp:BinaryFileLocation><tcm:Data xmlns:tcm="http://www.tridion.com/ContentManager/5.0"><tcm:Title>Default Component Template for UGC</tcm:Title><tcm:Type>CompoundTemplate</tcm:Type><tcm:Priority>200</tcm:Priority><tcm:OutputFormat>HTML Fragment</tcm:OutputFormat><tcm:Content><tcm:PublisherScript>&lt;CompoundTemplate xmlns="http://www.tridion.com/ContentManager/5.3/CompoundTemplate"&gt;
  &lt;TemplateInvocation&gt;
    &lt;Template xlink:href="/webdav/000%20Empty%20Parent/Building%20Blocks/Default%20Templates/Enable%20User%20Generated%20Content%20Processing.tbbcs" xmlns:xlink="http://www.w3.org/1999/xlink" xlink:title="Enable User Generated Content Processing" /&gt;
  &lt;/TemplateInvocation&gt;
  &lt;TemplateInvocation&gt;
    &lt;Template xlink:href="/webdav/000%20Empty%20Parent/Building%20Blocks/Default%20Templates/Default%20UGC%20Dreamweaver%20Template%20design.dwt" xmlns:xlink="http://www.w3.org/1999/xlink" xlink:title="Default UGC Dreamweaver Template design" /&gt;
  &lt;/TemplateInvocation&gt;
&lt;/CompoundTemplate&gt;</tcm:PublisherScript><tcm:DynamicTemplate /></tcm:Content><tcm:AllowOnPage>true</tcm:AllowOnPage><tcm:IsRepositoryPublishable>false</tcm:IsRepositoryPublishable><tcm:RelatedSchemas /><tcm:TrackingCategories /><tcm:MetadataSchema xmlns:xlink="http://www.w3.org/1999/xlink" xlink:type="simple" xlink:title="" xlink:href="tcm:0-0-0" /><tcm:ParameterSchema xmlns:xlink="http://www.w3.org/1999/xlink" xlink:type="simple" xlink:title="" xlink:href="tcm:0-0-0" /><tcm:Metadata /></tcm:Data><tcccp:Dependencies><tcccp:Dependency itemUrl="/webdav/000%20Empty%20Parent" mandatory="true" xpath="" itemType="Publication" dependencyType="Publication" /><tcccp:Dependency itemUrl="/webdav/000%20Empty%20Parent/Building%20Blocks/Default%20Templates" mandatory="true" xpath="" itemType="Folder" dependencyType="OrganizationalItemFolder" /><tcccp:Dependency itemUrl="tcm:0-0-0" mandatory="true" xpath="tcm:Data/tcm:ParameterSchema/@xlink:href" itemType="Schema" dependencyType="ParameterSchema" /><tcccp:Dependency itemUrl="tcm:0-0-0" mandatory="true" xpath="tcm:Data/tcm:MetadataSchema/@xlink:href" itemType="Schema" dependencyType="MetadataSchema" /><tcccp:Dependency itemUrl="/webdav/000%20Empty%20Parent/Building%20Blocks/Default%20Templates/Enable%20User%20Generated%20Content%20Processing.tbbcs" itemType="TemplateBuildingBlock" dependencyType="TemplateLinkedItem" mandatory="true" xpath="tcccp:TemplateReferences/tcccp:TemplateReference[1]" /><tcccp:Dependency itemUrl="/webdav/000%20Empty%20Parent/Building%20Blocks/Default%20Templates/Default%20UGC%20Dreamweaver%20Template%20design.dwt" itemType="TemplateBuildingBlock" dependencyType="TemplateLinkedItem" mandatory="true" xpath="tcccp:TemplateReferences/tcccp:TemplateReference[2]" /></tcccp:Dependencies><tcccp:TemplateReferences><tcccp:TemplateReference isTcmReference="true" itemType="2048">/webdav/000%20Empty%20Parent/Building%20Blocks/Default%20Templates/Enable%20User%20Generated%20Content%20Processing.tbbcs</tcccp:TemplateReference><tcccp:TemplateReference isTcmReference="true" itemType="2048">/webdav/000%20Empty%20Parent/Building%20Blocks/Default%20Templates/Default%20UGC%20Dreamweaver%20Template%20design.dwt</tcccp:TemplateReference></tcccp:TemplateReferences></tcccp:Item>