<tcccp:Item xmlns:tcccp="http://www.tridion.com/ContentManager/5.2/ImportExport"><tcccp:BlueprintParentUrl></tcccp:BlueprintParentUrl><tcccp:PrimaryBlueprintParentUrl></tcccp:PrimaryBlueprintParentUrl><tcccp:BinaryFileLocation></tcccp:BinaryFileLocation><tcm:Data xmlns:tcm="http://www.tridion.com/ContentManager/5.0"><tcm:Title>Real player</tcm:Title><tcm:MIMEType>video/vnd.rn-realmedia</tcm:MIMEType><tcm:FileExtensions><tcm:FileExtension>rm</tcm:FileExtension><tcm:FileExtension>ra</tcm:FileExtension><tcm:FileExtension>rv</tcm:FileExtension><tcm:FileExtension>ram</tcm:FileExtension></tcm:FileExtensions></tcm:Data><tcccp:Dependencies /></tcccp:Item>