<tcccp:Item xmlns:tcccp="http://www.tridion.com/ContentManager/5.2/ImportExport"><tcccp:BlueprintParentUrl></tcccp:BlueprintParentUrl><tcccp:PrimaryBlueprintParentUrl></tcccp:PrimaryBlueprintParentUrl><tcccp:BinaryFileLocation></tcccp:BinaryFileLocation><tcm:Data xmlns:tcm="http://www.tridion.com/ContentManager/5.0"><tcm:Title>Powerpoint presentation</tcm:Title><tcm:MIMEType>application/ms-powerpoint</tcm:MIMEType><tcm:FileExtensions><tcm:FileExtension>ppt</tcm:FileExtension><tcm:FileExtension>pps</tcm:FileExtension></tcm:FileExtensions></tcm:Data><tcccp:Dependencies /></tcccp:Item>