<tcccp:Item xmlns:tcccp="http://www.tridion.com/ContentManager/5.2/ImportExport" xmlns:tcm="http://www.tridion.com/ContentManager/5.0" xmlns:xlink="http://www.w3.org/1999/xlink" xmlns:xsd="http://www.w3.org/2001/XMLSchema">
  <tcccp:PrimaryBlueprintParentUrl>/webdav/010%20Schemas%20and%20Categories/Building%20Blocks/System/Schemas/System%20Schemas/Code.xsd</tcccp:PrimaryBlueprintParentUrl>
  <tcccp:BlueprintParentUrl />
  <tcccp:BinaryFileLocation />
  <tcm:Data xmlns:xlink="http://www.w3.org/1999/xlink" xmlns:i="http://www.w3.org/2001/XMLSchema-instance">
    <tcm:Title>Code</tcm:Title>
    <tcm:Description>Code</tcm:Description>
    <tcm:Purpose>Component</tcm:Purpose>
    <tcm:NamespaceURI>uuid:ac1a1d78-ff03-4750-b3b1-709fb03d7904</tcm:NamespaceURI>
    <tcm:RootElementName>Code</tcm:RootElementName>
    <tcm:IsTridionWebSchema>true</tcm:IsTridionWebSchema>
    <tcm:XSD>
      <xsd:schema xmlns:xsd="http://www.w3.org/2001/XMLSchema" xmlns="uuid:ac1a1d78-ff03-4750-b3b1-709fb03d7904" xmlns:tcmi="http://www.tridion.com/ContentManager/5.0/Instance" elementFormDefault="qualified" targetNamespace="uuid:ac1a1d78-ff03-4750-b3b1-709fb03d7904">
  <xsd:import namespace="http://www.tridion.com/ContentManager/5.0/Instance" schemaLocation="/webdav/cm_xml_inst.xsd" />
  <xsd:annotation>
    <xsd:appinfo>
      <tcm:Labels xmlns:tcm="http://www.tridion.com/ContentManager/5.0">
        <tcm:Label ElementName="Code" Metadata="false">Code</tcm:Label>
      </tcm:Labels>
    </xsd:appinfo>
  </xsd:annotation>
  <xsd:element name="Code">
    <xsd:complexType>
      <xsd:sequence>
        <xsd:element name="Code" minOccurs="0" maxOccurs="1" type="tcmi:MultiLineText">
          <xsd:annotation>
            <xsd:appinfo>
              <ExtensionXml xmlns="http://www.tridion.com/ContentManager/5.0" />
              <tcm:Size xmlns:tcm="http://www.tridion.com/ContentManager/5.0">30</tcm:Size>
            </xsd:appinfo>
          </xsd:annotation>
        </xsd:element>
      </xsd:sequence>
    </xsd:complexType>
  </xsd:element>
</xsd:schema>
    </tcm:XSD>
    <tcm:AllowedMultimediaTypes />
    <tcm:ComponentProcess xlink:type="simple" xlink:title="" xlink:href="tcm:0-0-0" />
    <tcm:BundleProcess xlink:type="simple" xlink:title="" xlink:href="tcm:0-0-0" />
    <tcm:DeleteBundleOnProcessFinished>false</tcm:DeleteBundleOnProcessFinished>
  </tcm:Data>
  <tcccp:Dependencies>
    <tcccp:Dependency dependencyType="Publication" itemType="Publication" xpath="" mandatory="true" itemUrl="/webdav/020%20Global%20Content" />
    <tcccp:Dependency dependencyType="OrganizationalItemFolder" itemType="Folder" xpath="" mandatory="true" itemUrl="/webdav/020%20Global%20Content/Building%20Blocks/System/Schemas/System%20Schemas" />
    <tcccp:Dependency dependencyType="ComponentProcess" itemType="ProcessDefinition" xpath="tcm:Data/tcm:ComponentProcess/@xlink:href" mandatory="true" itemUrl="tcm:0-0-0" />
    <tcccp:Dependency dependencyType="SchemaBundleProcess" itemType="ProcessDefinition" xpath="tcm:Data/tcm:BundleProcess/@xlink:href" mandatory="true" itemUrl="tcm:0-0-0" />
  </tcccp:Dependencies>
</tcccp:Item>