<tcccp:Item xmlns:tcccp="http://www.tridion.com/ContentManager/5.2/ImportExport"><tcccp:BlueprintParentUrl></tcccp:BlueprintParentUrl><tcccp:PrimaryBlueprintParentUrl></tcccp:PrimaryBlueprintParentUrl><tcccp:BinaryFileLocation></tcccp:BinaryFileLocation><tcm:Data xmlns:tcm="http://www.tridion.com/ContentManager/5.0" xmlns:xlink="http://www.w3.org/1999/xlink" xmlns:i="http://www.w3.org/2001/XMLSchema-instance"><tcm:Title>Key Value Pair</tcm:Title><tcm:Description>Key Value Pair</tcm:Description><tcm:Purpose>Embedded</tcm:Purpose><tcm:NamespaceURI /><tcm:RootElementName>KeyValuePair</tcm:RootElementName><tcm:IsTridionWebSchema>true</tcm:IsTridionWebSchema><tcm:XSD><xsd:schema elementFormDefault="qualified" xmlns:xsd="http://www.w3.org/2001/XMLSchema" xmlns:tcmi="http://www.tridion.com/ContentManager/5.0/Instance" xmlns=""><xsd:import namespace="http://www.tridion.com/ContentManager/5.0/Instance" schemaLocation="/webdav/cm_xml_inst.xsd" /><xsd:annotation><xsd:appinfo><tcm:Labels xmlns:tcm="http://www.tridion.com/ContentManager/5.0"><tcm:Label ElementName="Key" Metadata="false">Key</tcm:Label><tcm:Label ElementName="Value" Metadata="false">Value</tcm:Label></tcm:Labels></xsd:appinfo></xsd:annotation><xsd:complexType name="KeyValuePair"><xsd:sequence><xsd:element name="Key" minOccurs="0" maxOccurs="1" type="xsd:normalizedString"><xsd:annotation><xsd:appinfo><tcm:ExtensionXml xmlns:tcm="http://www.tridion.com/ContentManager/5.0" /></xsd:appinfo></xsd:annotation></xsd:element><xsd:element name="Value" minOccurs="0" maxOccurs="1" type="xsd:normalizedString"><xsd:annotation><xsd:appinfo><tcm:ExtensionXml xmlns:tcm="http://www.tridion.com/ContentManager/5.0" /></xsd:appinfo></xsd:annotation></xsd:element></xsd:sequence></xsd:complexType></xsd:schema></tcm:XSD><tcm:AllowedMultimediaTypes /><tcm:ComponentProcess xlink:type="simple" xlink:title="" xlink:href="tcm:0-0-0" /><tcm:BundleProcess xlink:type="simple" xlink:title="" xlink:href="tcm:0-0-0" /><tcm:DeleteBundleOnProcessFinished>false</tcm:DeleteBundleOnProcessFinished></tcm:Data><tcccp:Dependencies><tcccp:Dependency itemUrl="/webdav/010%20Schemas%20and%20Categories" mandatory="true" xpath="" itemType="Publication" dependencyType="Publication" /><tcccp:Dependency itemUrl="/webdav/010%20Schemas%20and%20Categories/Building%20Blocks/System/Schemas/Embeddable%20Schemas" mandatory="true" xpath="" itemType="Folder" dependencyType="OrganizationalItemFolder" /><tcccp:Dependency itemUrl="tcm:0-0-0" itemType="ProcessDefinition" dependencyType="ComponentProcess" mandatory="true" xpath="tcm:Data/tcm:ComponentProcess/@xlink:href" /><tcccp:Dependency itemUrl="tcm:0-0-0" itemType="ProcessDefinition" dependencyType="SchemaBundleProcess" mandatory="true" xpath="tcm:Data/tcm:BundleProcess/@xlink:href" /></tcccp:Dependencies></tcccp:Item>