<tcccp:Item xmlns:tcccp="http://www.tridion.com/ContentManager/5.2/ImportExport"><tcccp:BlueprintParentUrl></tcccp:BlueprintParentUrl><tcccp:PrimaryBlueprintParentUrl></tcccp:PrimaryBlueprintParentUrl><tcccp:BinaryFileLocation></tcccp:BinaryFileLocation><tcm:Data xmlns:tcm="http://www.tridion.com/ContentManager/5.0" xmlns:xlink="http://www.w3.org/1999/xlink" xmlns:i="http://www.w3.org/2001/XMLSchema-instance"><tcm:Title>Structure Group Metadata</tcm:Title><tcm:Description>Structure Group Metadata</tcm:Description><tcm:Purpose>Metadata</tcm:Purpose><tcm:NamespaceURI>uuid:316ce222-38b9-4722-8660-37e1330a8f2a</tcm:NamespaceURI><tcm:RootElementName /><tcm:IsTridionWebSchema>true</tcm:IsTridionWebSchema><tcm:XSD><xsd:schema elementFormDefault="qualified" targetNamespace="uuid:316ce222-38b9-4722-8660-37e1330a8f2a" xmlns:xsd="http://www.w3.org/2001/XMLSchema" xmlns="uuid:316ce222-38b9-4722-8660-37e1330a8f2a" xmlns:tcmi="http://www.tridion.com/ContentManager/5.0/Instance" xmlns:category="tcm:0-3-1/Categories.xsd"><xsd:import namespace="http://www.tridion.com/ContentManager/5.0/Instance" schemaLocation="/webdav/cm_xml_inst.xsd" /><xsd:import namespace="tcm:0-3-1/Categories.xsd" schemaLocation="/webdav/010%20Schemas%20and%20Categories/Categories.xsd" /><xsd:annotation><xsd:appinfo><tcm:Labels xmlns:tcm="http://www.tridion.com/ContentManager/5.0"><tcm:Label ElementName="Markets" Metadata="true">Markets</tcm:Label><tcm:Label ElementName="Platforms" Metadata="true">Platforms</tcm:Label><tcm:Label ElementName="CSS" Metadata="true">Reference to CSS Components</tcm:Label><tcm:Label ElementName="JavaScript" Metadata="true">Reference to JavaScript Components</tcm:Label></tcm:Labels></xsd:appinfo></xsd:annotation><xsd:element name="Metadata"><xsd:complexType><xsd:sequence><xsd:element name="Markets" minOccurs="0" maxOccurs="1" type="category:blackboardMarkets"><xsd:annotation><xsd:appinfo><ExtensionXml xmlns="http://www.tridion.com/ContentManager/5.0"><configuration xmlns="http://www.sdltridion.com/2011/SiteEdit"><field><editable>false</editable></field></configuration></ExtensionXml><tcm:Size xmlns:tcm="http://www.tridion.com/ContentManager/5.0">1</tcm:Size><tcm:listtype xmlns:tcm="http://www.tridion.com/ContentManager/5.0">select</tcm:listtype></xsd:appinfo></xsd:annotation></xsd:element><xsd:element name="Platforms" minOccurs="0" maxOccurs="1" type="category:blackboardPlatforms"><xsd:annotation><xsd:appinfo><ExtensionXml xmlns="http://www.tridion.com/ContentManager/5.0"><configuration xmlns="http://www.sdltridion.com/2011/SiteEdit"><field><editable>false</editable></field></configuration></ExtensionXml><tcm:Size xmlns:tcm="http://www.tridion.com/ContentManager/5.0">1</tcm:Size><tcm:listtype xmlns:tcm="http://www.tridion.com/ContentManager/5.0">select</tcm:listtype></xsd:appinfo></xsd:annotation></xsd:element><xsd:element name="CSS" minOccurs="0" maxOccurs="1" type="tcmi:SimpleLink"><xsd:annotation><xsd:appinfo><tcm:ExtensionXml xmlns:tcm="http://www.tridion.com/ContentManager/5.0" /><tcm:linktype xmlns:tcm="http://www.tridion.com/ContentManager/5.0">MultimediaLink</tcm:linktype><tcm:AllowedTargetSchemas xmlns:tcm="http://www.tridion.com/ContentManager/5.0"><tcm:TargetSchema xlink:href="/webdav/010%20Schemas%20and%20Categories/Building%20Blocks/System/Schemas/Multimedia%20Schemas/Default%20Multimedia%20Schema.xsd" xmlns:xlink="http://www.w3.org/1999/xlink" xlink:title="Default Multimedia Schema" /></tcm:AllowedTargetSchemas></xsd:appinfo></xsd:annotation></xsd:element><xsd:element name="JavaScript" minOccurs="0" maxOccurs="1" type="tcmi:SimpleLink"><xsd:annotation><xsd:appinfo><tcm:ExtensionXml xmlns:tcm="http://www.tridion.com/ContentManager/5.0" /><tcm:linktype xmlns:tcm="http://www.tridion.com/ContentManager/5.0">MultimediaLink</tcm:linktype><tcm:AllowedTargetSchemas xmlns:tcm="http://www.tridion.com/ContentManager/5.0"><tcm:TargetSchema xlink:href="/webdav/010%20Schemas%20and%20Categories/Building%20Blocks/System/Schemas/Multimedia%20Schemas/Default%20Multimedia%20Schema.xsd" xmlns:xlink="http://www.w3.org/1999/xlink" xlink:title="Default Multimedia Schema" /></tcm:AllowedTargetSchemas></xsd:appinfo></xsd:annotation></xsd:element></xsd:sequence></xsd:complexType></xsd:element></xsd:schema></tcm:XSD><tcm:AllowedMultimediaTypes /><tcm:ComponentProcess xlink:type="simple" xlink:title="" xlink:href="tcm:0-0-0" /><tcm:BundleProcess xlink:type="simple" xlink:title="" xlink:href="tcm:0-0-0" /><tcm:DeleteBundleOnProcessFinished>false</tcm:DeleteBundleOnProcessFinished></tcm:Data><tcccp:Dependencies><tcccp:Dependency itemUrl="/webdav/010%20Schemas%20and%20Categories" mandatory="true" xpath="" itemType="Publication" dependencyType="Publication" /><tcccp:Dependency itemUrl="/webdav/010%20Schemas%20and%20Categories/Building%20Blocks/System/Schemas/Metadata%20Schemas" mandatory="true" xpath="" itemType="Folder" dependencyType="OrganizationalItemFolder" /><tcccp:Dependency itemUrl="/webdav/010%20Schemas%20and%20Categories/Building%20Blocks/System/Schemas/Multimedia%20Schemas/Default%20Multimedia%20Schema.xsd" mandatory="true" xpath="tcm:Data/*[7]/*[1]/*[4]/*[1]/*[1]/*[3]/*[1]/*[1]/*[3]/*[1]/@xlink:href" itemType="Schema" dependencyType="SchemaAllowedSchema" /><tcccp:Dependency itemUrl="/webdav/010%20Schemas%20and%20Categories/Building%20Blocks/System/Schemas/Multimedia%20Schemas/Default%20Multimedia%20Schema.xsd" mandatory="true" xpath="tcm:Data/*[7]/*[1]/*[4]/*[1]/*[1]/*[4]/*[1]/*[1]/*[3]/*[1]/@xlink:href" itemType="Schema" dependencyType="SchemaAllowedSchema" /><tcccp:Dependency itemUrl="/webdav/010%20Schemas%20and%20Categories/Bb%2Ecom%20Markets" itemType="Category" dependencyType="Category" mandatory="true" xpath="tcm:Data/*[7]/*[1]/*[4]/*[1]/*[1]/*[1]/@type" /><tcccp:Dependency itemUrl="/webdav/010%20Schemas%20and%20Categories/Bb%2Ecom%20Platforms" itemType="Category" dependencyType="Category" mandatory="true" xpath="tcm:Data/*[7]/*[1]/*[4]/*[1]/*[1]/*[2]/@type" /><tcccp:Dependency itemUrl="tcm:0-0-0" itemType="ProcessDefinition" dependencyType="ComponentProcess" mandatory="true" xpath="tcm:Data/tcm:ComponentProcess/@xlink:href" /><tcccp:Dependency itemUrl="tcm:0-0-0" itemType="ProcessDefinition" dependencyType="SchemaBundleProcess" mandatory="true" xpath="tcm:Data/tcm:BundleProcess/@xlink:href" /></tcccp:Dependencies></tcccp:Item>