<tcccp:Item xmlns:tcccp="http://www.tridion.com/ContentManager/5.2/ImportExport"><tcccp:BlueprintParentUrl></tcccp:BlueprintParentUrl><tcccp:PrimaryBlueprintParentUrl></tcccp:PrimaryBlueprintParentUrl><tcccp:BinaryFileLocation></tcccp:BinaryFileLocation><tcm:Data xmlns:tcm="http://www.tridion.com/ContentManager/5.0" xmlns:xlink="http://www.w3.org/1999/xlink" xmlns:i="http://www.w3.org/2001/XMLSchema-instance"><tcm:Title>Generic Image</tcm:Title><tcm:Description>Generic Image</tcm:Description><tcm:Purpose>Embedded</tcm:Purpose><tcm:NamespaceURI /><tcm:RootElementName>GenericImage</tcm:RootElementName><tcm:IsTridionWebSchema>true</tcm:IsTridionWebSchema><tcm:XSD><xsd:schema elementFormDefault="qualified" xmlns:xsd="http://www.w3.org/2001/XMLSchema" xmlns:tcmi="http://www.tridion.com/ContentManager/5.0/Instance" xmlns=""><xsd:import namespace="http://www.tridion.com/ContentManager/5.0/Instance" schemaLocation="/webdav/cm_xml_inst.xsd" /><xsd:annotation><xsd:appinfo><tcm:Labels xmlns:tcm="http://www.tridion.com/ContentManager/5.0"><tcm:Label ElementName="Image" Metadata="false">Image</tcm:Label><tcm:Label ElementName="AltText" Metadata="false">Alt Text</tcm:Label><tcm:Label ElementName="Title" Metadata="false">Title</tcm:Label><tcm:Label ElementName="Caption" Metadata="false">Caption</tcm:Label><tcm:Label ElementName="ImageFloat" Metadata="false">Image Position</tcm:Label></tcm:Labels></xsd:appinfo></xsd:annotation><xsd:complexType name="GenericImage"><xsd:sequence><xsd:element name="Image" minOccurs="0" maxOccurs="1" type="tcmi:SimpleLink"><xsd:annotation><xsd:appinfo><ExtensionXml xmlns="http://www.tridion.com/ContentManager/5.0" /><tcm:linktype xmlns:tcm="http://www.tridion.com/ContentManager/5.0">MultimediaLink</tcm:linktype><tcm:AllowedTargetSchemas xmlns:tcm="http://www.tridion.com/ContentManager/5.0"><tcm:TargetSchema xlink:href="/webdav/010%20Schemas%20and%20Categories/Building%20Blocks/System/Schemas/Multimedia%20Schemas/Image.xsd" xmlns:xlink="http://www.w3.org/1999/xlink" xlink:title="Image" /></tcm:AllowedTargetSchemas></xsd:appinfo></xsd:annotation></xsd:element><xsd:element name="AltText" minOccurs="0" maxOccurs="1" type="xsd:normalizedString"><xsd:annotation><xsd:appinfo><ExtensionXml xmlns="http://www.tridion.com/ContentManager/5.0" /></xsd:appinfo></xsd:annotation></xsd:element><xsd:element name="Title" minOccurs="0" maxOccurs="1" type="xsd:normalizedString"><xsd:annotation><xsd:appinfo><ExtensionXml xmlns="http://www.tridion.com/ContentManager/5.0" /></xsd:appinfo></xsd:annotation></xsd:element><xsd:element name="Caption" minOccurs="0" maxOccurs="1" type="tcmi:XHTML"><xsd:annotation><xsd:appinfo><ExtensionXml xmlns="http://www.tridion.com/ContentManager/5.0" /><tcm:Size xmlns:tcm="http://www.tridion.com/ContentManager/5.0">2</tcm:Size><tcm:FilterXSLT xmlns:tcm="http://www.tridion.com/ContentManager/5.0"><stylesheet version="1.0" xmlns="http://www.w3.org/1999/XSL/Transform"><output omit-xml-declaration="yes" method="xml" cdata-section-elements="script" /><template match="/ | node() | @*"><copy><apply-templates select="node() | @*" /></copy></template><template match="*[      (self::br or self::p or self::div)     and      normalize-space(translate(., ' ', '')) = ''     and      not(@*)     and      not(processing-instruction())     and      not(comment())     and      not(*[not(self::br) or @* or * or node()])     and      not(following::node()[not(         (self::text() or self::br or self::p or self::div)        and         normalize-space(translate(., ' ', '')) = ''        and         not(@*)        and         not(processing-instruction())        and         not(comment())        and         not(*[not(self::br) or @* or * or node()])       )])     ]"><!-- ignore all paragraphs and line-breaks at the end that have nothing but (non-breaking) spaces and line breaks --></template><template match="br[parent::div and not(preceding-sibling::node()) and not(following-sibling::node())]"><!-- Chrome generates <div><br/></div>. Renders differently in different browsers. Replace it with a non-breaking space --><text> </text></template><template name="FormattingFeatures"><FormattingFeatures xmlns="http://www.tridion.com/ContentManager/5.2/FormatArea" xmlns:xsl="http://www.w3.org/1999/XSL/Transform"><Doctype>Transitional</Doctype><AccessibilityLevel>0</AccessibilityLevel><DisallowedActions><Center /><Bullets /><Numbering /><IndentDecrease /><IndentIncrease /><Background /><InsertCharacter /><Anchor /><Hyperlink /><Table /><TableWidth /><TableHeight /><TableCellSpacing /><TableCellPadding /><TableHAlign /><TableBorderSize /><TableBorderStyle /><TableBorderColor /><TableBackground /><TableCellWidth /><TableCellHeight /><TableCellHAlign /><TableCellVAlign /><TableCellBackground /><Image /><HLine /><SectionType /><H1 /><H2 /><H3 /><H4 /><H5 /><H6 /><Style /><Language /><Abbreviation /><CurrentElement /><LoadImages /><SourceView /><Preview /></DisallowedActions><DisallowedStyles /></FormattingFeatures></template></stylesheet></tcm:FilterXSLT></xsd:appinfo></xsd:annotation></xsd:element><xsd:element name="ImageFloat" minOccurs="0" maxOccurs="1"><xsd:annotation><xsd:appinfo><tcm:ExtensionXml xmlns:tcm="http://www.tridion.com/ContentManager/5.0" /><tcm:DefaultTextValue xmlns:tcm="http://www.tridion.com/ContentManager/5.0">Default</tcm:DefaultTextValue><tcm:Size xmlns:tcm="http://www.tridion.com/ContentManager/5.0">1</tcm:Size><tcm:listtype xmlns:tcm="http://www.tridion.com/ContentManager/5.0">select</tcm:listtype></xsd:appinfo></xsd:annotation><xsd:simpleType><xsd:restriction base="xsd:normalizedString"><xsd:enumeration value="Default" /><xsd:enumeration value="Left" /><xsd:enumeration value="Right" /></xsd:restriction></xsd:simpleType></xsd:element></xsd:sequence></xsd:complexType></xsd:schema></tcm:XSD><tcm:AllowedMultimediaTypes /><tcm:ComponentProcess xlink:type="simple" xlink:title="" xlink:href="tcm:0-0-0" /><tcm:BundleProcess xlink:type="simple" xlink:title="" xlink:href="tcm:0-0-0" /><tcm:DeleteBundleOnProcessFinished>false</tcm:DeleteBundleOnProcessFinished></tcm:Data><tcccp:Dependencies><tcccp:Dependency itemUrl="/webdav/010%20Schemas%20and%20Categories" mandatory="true" xpath="" itemType="Publication" dependencyType="Publication" /><tcccp:Dependency itemUrl="/webdav/010%20Schemas%20and%20Categories/Building%20Blocks/System/Schemas/Embeddable%20Schemas" mandatory="true" xpath="" itemType="Folder" dependencyType="OrganizationalItemFolder" /><tcccp:Dependency itemUrl="/webdav/010%20Schemas%20and%20Categories/Building%20Blocks/System/Schemas/Multimedia%20Schemas/Image.xsd" mandatory="true" xpath="tcm:Data/*[7]/*[1]/*[3]/*[1]/*[1]/*[1]/*[1]/*[3]/*[1]/@xlink:href" itemType="Schema" dependencyType="SchemaAllowedSchema" /><tcccp:Dependency itemUrl="tcm:0-0-0" itemType="ProcessDefinition" dependencyType="ComponentProcess" mandatory="true" xpath="tcm:Data/tcm:ComponentProcess/@xlink:href" /><tcccp:Dependency itemUrl="tcm:0-0-0" itemType="ProcessDefinition" dependencyType="SchemaBundleProcess" mandatory="true" xpath="tcm:Data/tcm:BundleProcess/@xlink:href" /></tcccp:Dependencies></tcccp:Item>