<tcccp:Item xmlns:tcccp="http://www.tridion.com/ContentManager/5.2/ImportExport"><tcccp:BlueprintParentUrl></tcccp:BlueprintParentUrl><tcccp:PrimaryBlueprintParentUrl></tcccp:PrimaryBlueprintParentUrl><tcccp:BinaryFileLocation></tcccp:BinaryFileLocation><tcm:Data xmlns:tcm="http://www.tridion.com/ContentManager/5.0" xmlns:xlink="http://www.w3.org/1999/xlink" xmlns:i="http://www.w3.org/2001/XMLSchema-instance"><tcm:Title>Page Metadata</tcm:Title><tcm:Description>Page Metadata</tcm:Description><tcm:Purpose>Metadata</tcm:Purpose><tcm:NamespaceURI>uuid:4094b2b6-67a1-4fc8-b002-da285faddd47</tcm:NamespaceURI><tcm:RootElementName /><tcm:IsTridionWebSchema>true</tcm:IsTridionWebSchema><tcm:XSD><xsd:schema elementFormDefault="qualified" targetNamespace="uuid:4094b2b6-67a1-4fc8-b002-da285faddd47" xmlns:xsd="http://www.w3.org/2001/XMLSchema" xmlns="uuid:4094b2b6-67a1-4fc8-b002-da285faddd47" xmlns:tcmi="http://www.tridion.com/ContentManager/5.0/Instance"><xsd:import namespace="http://www.tridion.com/ContentManager/5.0/Instance" schemaLocation="/webdav/cm_xml_inst.xsd" /><xsd:annotation><xsd:appinfo><tcm:Labels xmlns:tcm="http://www.tridion.com/ContentManager/5.0"><tcm:Label ElementName="BrowserTitle" Metadata="true">Browser Title</tcm:Label><tcm:Label ElementName="PageTitle" Metadata="true">Page Title</tcm:Label><tcm:Label ElementName="Description" Metadata="true">Description</tcm:Label><tcm:Label ElementName="Keywords" Metadata="true">Keywords</tcm:Label><tcm:Label ElementName="CSS" Metadata="true">Reference to CSS Components</tcm:Label><tcm:Label ElementName="JavaScript" Metadata="true">Reference to JavaScript Components</tcm:Label></tcm:Labels></xsd:appinfo></xsd:annotation><xsd:element name="Metadata"><xsd:complexType><xsd:sequence><xsd:element name="BrowserTitle" minOccurs="0" maxOccurs="1" type="xsd:normalizedString"><xsd:annotation><xsd:appinfo><ExtensionXml xmlns="http://www.tridion.com/ContentManager/5.0" /></xsd:appinfo></xsd:annotation></xsd:element><xsd:element name="PageTitle" minOccurs="0" maxOccurs="1" type="xsd:normalizedString"><xsd:annotation><xsd:appinfo><tcm:ExtensionXml xmlns:tcm="http://www.tridion.com/ContentManager/5.0" /></xsd:appinfo></xsd:annotation></xsd:element><xsd:element name="Description" minOccurs="0" maxOccurs="1" type="xsd:normalizedString"><xsd:annotation><xsd:appinfo><ExtensionXml xmlns="http://www.tridion.com/ContentManager/5.0" /></xsd:appinfo></xsd:annotation></xsd:element><xsd:element name="Keywords" minOccurs="0" maxOccurs="1" type="xsd:normalizedString"><xsd:annotation><xsd:appinfo><ExtensionXml xmlns="http://www.tridion.com/ContentManager/5.0" /></xsd:appinfo></xsd:annotation></xsd:element><xsd:element name="CSS" minOccurs="0" maxOccurs="1" type="tcmi:SimpleLink"><xsd:annotation><xsd:appinfo><ExtensionXml xmlns="http://www.tridion.com/ContentManager/5.0" /><tcm:linktype xmlns:tcm="http://www.tridion.com/ContentManager/5.0">MultimediaLink</tcm:linktype><tcm:AllowedTargetSchemas xmlns:tcm="http://www.tridion.com/ContentManager/5.0"><tcm:TargetSchema xlink:href="/webdav/010%20Schemas%20and%20Categories/Building%20Blocks/System/Schemas/Multimedia%20Schemas/Default%20Multimedia%20Schema.xsd" xmlns:xlink="http://www.w3.org/1999/xlink" xlink:title="Default Multimedia Schema" /><tcm:TargetSchema xlink:href="/webdav/010%20Schemas%20and%20Categories/Building%20Blocks/System/Schemas/Multimedia%20Schemas/CSS.xsd" xmlns:xlink="http://www.w3.org/1999/xlink" xlink:title="CSS" /></tcm:AllowedTargetSchemas></xsd:appinfo></xsd:annotation></xsd:element><xsd:element name="JavaScript" minOccurs="0" maxOccurs="1" type="tcmi:SimpleLink"><xsd:annotation><xsd:appinfo><ExtensionXml xmlns="http://www.tridion.com/ContentManager/5.0" /><tcm:linktype xmlns:tcm="http://www.tridion.com/ContentManager/5.0">MultimediaLink</tcm:linktype><tcm:AllowedTargetSchemas xmlns:tcm="http://www.tridion.com/ContentManager/5.0"><tcm:TargetSchema xlink:href="/webdav/010%20Schemas%20and%20Categories/Building%20Blocks/System/Schemas/Multimedia%20Schemas/Default%20Multimedia%20Schema.xsd" xmlns:xlink="http://www.w3.org/1999/xlink" xlink:title="Default Multimedia Schema" /><tcm:TargetSchema xlink:href="/webdav/010%20Schemas%20and%20Categories/Building%20Blocks/System/Schemas/Multimedia%20Schemas/JavaScript.xsd" xmlns:xlink="http://www.w3.org/1999/xlink" xlink:title="JavaScript" /></tcm:AllowedTargetSchemas></xsd:appinfo></xsd:annotation></xsd:element></xsd:sequence></xsd:complexType></xsd:element></xsd:schema></tcm:XSD><tcm:AllowedMultimediaTypes /><tcm:ComponentProcess xlink:type="simple" xlink:title="" xlink:href="tcm:0-0-0" /><tcm:BundleProcess xlink:type="simple" xlink:title="" xlink:href="tcm:0-0-0" /><tcm:DeleteBundleOnProcessFinished>false</tcm:DeleteBundleOnProcessFinished></tcm:Data><tcccp:Dependencies><tcccp:Dependency itemUrl="/webdav/010%20Schemas%20and%20Categories" mandatory="true" xpath="" itemType="Publication" dependencyType="Publication" /><tcccp:Dependency itemUrl="/webdav/010%20Schemas%20and%20Categories/Building%20Blocks/System/Schemas/Metadata%20Schemas" mandatory="true" xpath="" itemType="Folder" dependencyType="OrganizationalItemFolder" /><tcccp:Dependency itemUrl="/webdav/010%20Schemas%20and%20Categories/Building%20Blocks/System/Schemas/Multimedia%20Schemas/Default%20Multimedia%20Schema.xsd" mandatory="true" xpath="tcm:Data/*[7]/*[1]/*[3]/*[1]/*[1]/*[5]/*[1]/*[1]/*[3]/*[1]/@xlink:href" itemType="Schema" dependencyType="SchemaAllowedSchema" /><tcccp:Dependency itemUrl="/webdav/010%20Schemas%20and%20Categories/Building%20Blocks/System/Schemas/Multimedia%20Schemas/CSS.xsd" mandatory="true" xpath="tcm:Data/*[7]/*[1]/*[3]/*[1]/*[1]/*[5]/*[1]/*[1]/*[3]/*[2]/@xlink:href" itemType="Schema" dependencyType="SchemaAllowedSchema" /><tcccp:Dependency itemUrl="/webdav/010%20Schemas%20and%20Categories/Building%20Blocks/System/Schemas/Multimedia%20Schemas/Default%20Multimedia%20Schema.xsd" mandatory="true" xpath="tcm:Data/*[7]/*[1]/*[3]/*[1]/*[1]/*[6]/*[1]/*[1]/*[3]/*[1]/@xlink:href" itemType="Schema" dependencyType="SchemaAllowedSchema" /><tcccp:Dependency itemUrl="/webdav/010%20Schemas%20and%20Categories/Building%20Blocks/System/Schemas/Multimedia%20Schemas/JavaScript.xsd" mandatory="true" xpath="tcm:Data/*[7]/*[1]/*[3]/*[1]/*[1]/*[6]/*[1]/*[1]/*[3]/*[2]/@xlink:href" itemType="Schema" dependencyType="SchemaAllowedSchema" /><tcccp:Dependency itemUrl="tcm:0-0-0" itemType="ProcessDefinition" dependencyType="ComponentProcess" mandatory="true" xpath="tcm:Data/tcm:ComponentProcess/@xlink:href" /><tcccp:Dependency itemUrl="tcm:0-0-0" itemType="ProcessDefinition" dependencyType="SchemaBundleProcess" mandatory="true" xpath="tcm:Data/tcm:BundleProcess/@xlink:href" /></tcccp:Dependencies></tcccp:Item>