<tcccp:Item xmlns:tcccp="http://www.tridion.com/ContentManager/5.2/ImportExport" xmlns:tcm="http://www.tridion.com/ContentManager/5.0" xmlns:xlink="http://www.w3.org/1999/xlink" xmlns:xsd="http://www.w3.org/2001/XMLSchema">
  <tcccp:PrimaryBlueprintParentUrl>/webdav/010%20Schemas%20and%20Categories/Building%20Blocks/System/Schemas/Content/Generic%20Link%20List.xsd</tcccp:PrimaryBlueprintParentUrl>
  <tcccp:BlueprintParentUrl />
  <tcccp:BinaryFileLocation />
  <tcm:Data xmlns:xlink="http://www.w3.org/1999/xlink" xmlns:i="http://www.w3.org/2001/XMLSchema-instance">
    <tcm:Title>Generic Link List</tcm:Title>
    <tcm:Description>Generic Link List</tcm:Description>
    <tcm:Purpose>Component</tcm:Purpose>
    <tcm:NamespaceURI>uuid:78159543-6b3c-4935-ad64-fa654cb1e1b4</tcm:NamespaceURI>
    <tcm:RootElementName>linkList</tcm:RootElementName>
    <tcm:IsTridionWebSchema>true</tcm:IsTridionWebSchema>
    <tcm:XSD>
      <xsd:schema xmlns:xsd="http://www.w3.org/2001/XMLSchema" xmlns="uuid:78159543-6b3c-4935-ad64-fa654cb1e1b4" xmlns:tcmi="http://www.tridion.com/ContentManager/5.0/Instance" elementFormDefault="qualified" targetNamespace="uuid:78159543-6b3c-4935-ad64-fa654cb1e1b4">
  <xsd:import namespace="http://www.tridion.com/ContentManager/5.0/Instance" schemaLocation="/webdav/cm_xml_inst.xsd" />
  <xsd:include schemaLocation="/webdav/020%20Global%20Content/Building%20Blocks/System/Schemas/Embeddable%20Schemas/Legal.xsd" />
  <xsd:annotation>
    <xsd:appinfo>
      <tcm:Labels xmlns:tcm="http://www.tridion.com/ContentManager/5.0">
        <tcm:Label ElementName="title" Metadata="false">Title</tcm:Label>
        <tcm:Label ElementName="links" Metadata="false">Links</tcm:Label>
        <tcm:Label ElementName="legal" Metadata="false">legal</tcm:Label>
      </tcm:Labels>
    </xsd:appinfo>
  </xsd:annotation>
  <xsd:element name="linkList">
    <xsd:complexType>
      <xsd:sequence>
        <xsd:element name="title" minOccurs="0" maxOccurs="1" type="xsd:normalizedString">
          <xsd:annotation>
            <xsd:appinfo>
              <ExtensionXml xmlns="http://www.tridion.com/ContentManager/5.0" />
            </xsd:appinfo>
          </xsd:annotation>
        </xsd:element>
        <xsd:element name="links" minOccurs="0" maxOccurs="unbounded" type="tcmi:SimpleLink">
          <xsd:annotation>
            <xsd:appinfo>
              <ExtensionXml xmlns="http://www.tridion.com/ContentManager/5.0" />
              <tcm:linktype xmlns:tcm="http://www.tridion.com/ContentManager/5.0">ComponentLink</tcm:linktype>
              <tcm:AllowMultimediaLinks xmlns:tcm="http://www.tridion.com/ContentManager/5.0">false</tcm:AllowMultimediaLinks>
              <tcm:AllowedTargetSchemas xmlns:tcm="http://www.tridion.com/ContentManager/5.0">
                <tcm:TargetSchema xmlns:xlink="http://www.w3.org/1999/xlink" xlink:href="/webdav/020%20Global%20Content/Building%20Blocks/System/Schemas/Content/Generic%20External%20Link.xsd" xlink:title="Generic External Link" />
              </tcm:AllowedTargetSchemas>
            </xsd:appinfo>
          </xsd:annotation>
        </xsd:element>
        <xsd:element name="legal" minOccurs="0" maxOccurs="1" type="legal">
          <xsd:annotation>
            <xsd:appinfo>
              <ExtensionXml xmlns="http://www.tridion.com/ContentManager/5.0" />
              <tcm:EmbeddedSchema xmlns:tcm="http://www.tridion.com/ContentManager/5.0" xmlns:xlink="http://www.w3.org/1999/xlink" xlink:href="/webdav/020%20Global%20Content/Building%20Blocks/System/Schemas/Embeddable%20Schemas/Legal.xsd" xlink:title="Legal" />
            </xsd:appinfo>
          </xsd:annotation>
        </xsd:element>
      </xsd:sequence>
    </xsd:complexType>
  </xsd:element>
</xsd:schema>
    </tcm:XSD>
    <tcm:AllowedMultimediaTypes />
    <tcm:ComponentProcess xlink:type="simple" xlink:title="" xlink:href="tcm:0-0-0" />
    <tcm:BundleProcess xlink:type="simple" xlink:title="" xlink:href="tcm:0-0-0" />
    <tcm:DeleteBundleOnProcessFinished>false</tcm:DeleteBundleOnProcessFinished>
  </tcm:Data>
  <tcccp:Dependencies>
    <tcccp:Dependency dependencyType="Publication" itemType="Publication" xpath="" mandatory="true" itemUrl="/webdav/020%20Global%20Content" />
    <tcccp:Dependency dependencyType="OrganizationalItemFolder" itemType="Folder" xpath="" mandatory="true" itemUrl="/webdav/020%20Global%20Content/Building%20Blocks/System/Schemas/Content" />
    <tcccp:Dependency dependencyType="ComponentProcess" itemType="ProcessDefinition" xpath="tcm:Data/tcm:ComponentProcess/@xlink:href" mandatory="true" itemUrl="tcm:0-0-0" />
    <tcccp:Dependency dependencyType="EmbeddedSchema" itemType="Schema" xpath="tcm:Data/tcm:XSD/xsd:schema[1]/xsd:include[1]/@schemaLocation" mandatory="true" itemUrl="/webdav/020%20Global%20Content/Building%20Blocks/System/Schemas/Embeddable%20Schemas/Legal.xsd" />
    <tcccp:Dependency dependencyType="EmbeddedSchema" itemType="Schema" xpath="tcm:Data/tcm:XSD/xsd:schema[1]/xsd:element[1]/xsd:complexType[1]/xsd:sequence[1]/xsd:element[3]/xsd:annotation[1]/xsd:appinfo[1]/tcm:EmbeddedSchema[1]/@xlink:href" mandatory="true" itemUrl="/webdav/020%20Global%20Content/Building%20Blocks/System/Schemas/Embeddable%20Schemas/Legal.xsd" />
    <tcccp:Dependency dependencyType="SchemaAllowedSchema" itemType="Schema" xpath="tcm:Data/tcm:XSD/xsd:schema[1]/xsd:element[1]/xsd:complexType[1]/xsd:sequence[1]/xsd:element[2]/xsd:annotation[1]/xsd:appinfo[1]/tcm:AllowedTargetSchemas[1]/tcm:TargetSchema[1]/@xlink:href" mandatory="true" itemUrl="/webdav/020%20Global%20Content/Building%20Blocks/System/Schemas/Content/Generic%20External%20Link.xsd" />
    <tcccp:Dependency dependencyType="SchemaBundleProcess" itemType="ProcessDefinition" xpath="tcm:Data/tcm:BundleProcess/@xlink:href" mandatory="true" itemUrl="tcm:0-0-0" />
  </tcccp:Dependencies>
</tcccp:Item>