<tcccp:Item xmlns:tcccp="http://www.tridion.com/ContentManager/5.2/ImportExport" xmlns:tcm="http://www.tridion.com/ContentManager/5.0" xmlns:xlink="http://www.w3.org/1999/xlink" xmlns:xsd="http://www.w3.org/2001/XMLSchema">
  <tcccp:PrimaryBlueprintParentUrl>/webdav/010%20Schemas%20and%20Categories/Building%20Blocks/System/Schemas/Form%20Schemas/Content/Generic%20Form%20Button%20Field.xsd</tcccp:PrimaryBlueprintParentUrl>
  <tcccp:BlueprintParentUrl />
  <tcccp:BinaryFileLocation />
  <tcm:Data xmlns:xlink="http://www.w3.org/1999/xlink" xmlns:i="http://www.w3.org/2001/XMLSchema-instance">
    <tcm:Title>Generic Form Button Field</tcm:Title>
    <tcm:Description>Generic Form Button Field</tcm:Description>
    <tcm:Purpose>Component</tcm:Purpose>
    <tcm:NamespaceURI>uuid:8a9784fc-a07f-444c-a729-a988c5d0217c</tcm:NamespaceURI>
    <tcm:RootElementName>buttonField</tcm:RootElementName>
    <tcm:IsTridionWebSchema>true</tcm:IsTridionWebSchema>
    <tcm:XSD>
      <xsd:schema xmlns:xsd="http://www.w3.org/2001/XMLSchema" xmlns="uuid:8a9784fc-a07f-444c-a729-a988c5d0217c" xmlns:tcmi="http://www.tridion.com/ContentManager/5.0/Instance" elementFormDefault="qualified" targetNamespace="uuid:8a9784fc-a07f-444c-a729-a988c5d0217c">
  <xsd:import namespace="http://www.tridion.com/ContentManager/5.0/Instance" schemaLocation="/webdav/cm_xml_inst.xsd" />
  <xsd:include schemaLocation="/webdav/020%20Global%20Content/Building%20Blocks/System/Schemas/Form%20Schemas/Embeddable/Generic%20Form%20Field%20Attributes.xsd" />
  <xsd:annotation>
    <xsd:appinfo>
      <tcm:Labels xmlns:tcm="http://www.tridion.com/ContentManager/5.0">
        <tcm:Label ElementName="buttonType" Metadata="false">Button Type</tcm:Label>
        <tcm:Label ElementName="image" Metadata="false">Image</tcm:Label>
        <tcm:Label ElementName="attributes" Metadata="false">Attributes</tcm:Label>
      </tcm:Labels>
    </xsd:appinfo>
  </xsd:annotation>
  <xsd:element name="buttonField">
    <xsd:complexType>
      <xsd:sequence>
        <xsd:element name="buttonType" minOccurs="1" maxOccurs="1">
          <xsd:annotation>
            <xsd:appinfo>
              <tcm:ExtensionXml xmlns:tcm="http://www.tridion.com/ContentManager/5.0" />
              <tcm:Size xmlns:tcm="http://www.tridion.com/ContentManager/5.0">2</tcm:Size>
              <tcm:listtype xmlns:tcm="http://www.tridion.com/ContentManager/5.0">radio</tcm:listtype>
            </xsd:appinfo>
          </xsd:annotation>
          <xsd:simpleType>
            <xsd:restriction base="xsd:normalizedString">
              <xsd:enumeration value="Submit" />
              <xsd:enumeration value="Reset" />
            </xsd:restriction>
          </xsd:simpleType>
        </xsd:element>
        <xsd:element name="image" minOccurs="0" maxOccurs="1" type="tcmi:SimpleLink">
          <xsd:annotation>
            <xsd:appinfo>
              <tcm:ExtensionXml xmlns:tcm="http://www.tridion.com/ContentManager/5.0" />
              <tcm:linktype xmlns:tcm="http://www.tridion.com/ContentManager/5.0">MultimediaLink</tcm:linktype>
              <tcm:AllowedTargetSchemas xmlns:tcm="http://www.tridion.com/ContentManager/5.0">
                <tcm:TargetSchema xmlns:xlink="http://www.w3.org/1999/xlink" xlink:href="/webdav/020%20Global%20Content/Building%20Blocks/System/Schemas/Form%20Schemas/Multimedia/Generic%20Form%20Image.xsd" xlink:title="Generic Form Image" />
              </tcm:AllowedTargetSchemas>
            </xsd:appinfo>
          </xsd:annotation>
        </xsd:element>
        <xsd:element name="attributes" minOccurs="0" maxOccurs="1" type="formFieldAttributes">
          <xsd:annotation>
            <xsd:appinfo>
              <tcm:ExtensionXml xmlns:tcm="http://www.tridion.com/ContentManager/5.0" />
              <tcm:EmbeddedSchema xmlns:tcm="http://www.tridion.com/ContentManager/5.0" xmlns:xlink="http://www.w3.org/1999/xlink" xlink:href="/webdav/020%20Global%20Content/Building%20Blocks/System/Schemas/Form%20Schemas/Embeddable/Generic%20Form%20Field%20Attributes.xsd" xlink:title="Generic Form Field Attributes" />
            </xsd:appinfo>
          </xsd:annotation>
        </xsd:element>
      </xsd:sequence>
    </xsd:complexType>
  </xsd:element>
</xsd:schema>
    </tcm:XSD>
    <tcm:AllowedMultimediaTypes />
    <tcm:ComponentProcess xlink:type="simple" xlink:title="" xlink:href="tcm:0-0-0" />
    <tcm:BundleProcess xlink:type="simple" xlink:title="" xlink:href="tcm:0-0-0" />
    <tcm:DeleteBundleOnProcessFinished>false</tcm:DeleteBundleOnProcessFinished>
  </tcm:Data>
  <tcccp:Dependencies>
    <tcccp:Dependency dependencyType="Publication" itemType="Publication" xpath="" mandatory="true" itemUrl="/webdav/020%20Global%20Content" />
    <tcccp:Dependency dependencyType="OrganizationalItemFolder" itemType="Folder" xpath="" mandatory="true" itemUrl="/webdav/020%20Global%20Content/Building%20Blocks/System/Schemas/Form%20Schemas/Content" />
    <tcccp:Dependency dependencyType="ComponentProcess" itemType="ProcessDefinition" xpath="tcm:Data/tcm:ComponentProcess/@xlink:href" mandatory="true" itemUrl="tcm:0-0-0" />
    <tcccp:Dependency dependencyType="EmbeddedSchema" itemType="Schema" xpath="tcm:Data/tcm:XSD/xsd:schema[1]/xsd:include[1]/@schemaLocation" mandatory="true" itemUrl="/webdav/020%20Global%20Content/Building%20Blocks/System/Schemas/Form%20Schemas/Embeddable/Generic%20Form%20Field%20Attributes.xsd" />
    <tcccp:Dependency dependencyType="EmbeddedSchema" itemType="Schema" xpath="tcm:Data/tcm:XSD/xsd:schema[1]/xsd:element[1]/xsd:complexType[1]/xsd:sequence[1]/xsd:element[3]/xsd:annotation[1]/xsd:appinfo[1]/tcm:EmbeddedSchema[1]/@xlink:href" mandatory="true" itemUrl="/webdav/020%20Global%20Content/Building%20Blocks/System/Schemas/Form%20Schemas/Embeddable/Generic%20Form%20Field%20Attributes.xsd" />
    <tcccp:Dependency dependencyType="SchemaAllowedSchema" itemType="Schema" xpath="tcm:Data/tcm:XSD/xsd:schema[1]/xsd:element[1]/xsd:complexType[1]/xsd:sequence[1]/xsd:element[2]/xsd:annotation[1]/xsd:appinfo[1]/tcm:AllowedTargetSchemas[1]/tcm:TargetSchema[1]/@xlink:href" mandatory="true" itemUrl="/webdav/020%20Global%20Content/Building%20Blocks/System/Schemas/Form%20Schemas/Multimedia/Generic%20Form%20Image.xsd" />
    <tcccp:Dependency dependencyType="SchemaBundleProcess" itemType="ProcessDefinition" xpath="tcm:Data/tcm:BundleProcess/@xlink:href" mandatory="true" itemUrl="tcm:0-0-0" />
  </tcccp:Dependencies>
</tcccp:Item>