<tcccp:Item xmlns:tcccp="http://www.tridion.com/ContentManager/5.2/ImportExport" xmlns:tcm="http://www.tridion.com/ContentManager/5.0" xmlns:xlink="http://www.w3.org/1999/xlink" xmlns:xsd="http://www.w3.org/2001/XMLSchema">
  <tcccp:PrimaryBlueprintParentUrl>/webdav/010%20Schemas%20and%20Categories/Building%20Blocks/System/Schemas/Form%20Schemas/Embeddable/Generic%20Form%20Embedded%20Field.xsd</tcccp:PrimaryBlueprintParentUrl>
  <tcccp:BlueprintParentUrl />
  <tcccp:BinaryFileLocation />
  <tcm:Data xmlns:xlink="http://www.w3.org/1999/xlink" xmlns:i="http://www.w3.org/2001/XMLSchema-instance">
    <tcm:Title>Generic Form Embedded Field</tcm:Title>
    <tcm:Description>Generic Form Embedded Field</tcm:Description>
    <tcm:Purpose>Embedded</tcm:Purpose>
    <tcm:NamespaceURI />
    <tcm:RootElementName>embeddedFieldType</tcm:RootElementName>
    <tcm:IsTridionWebSchema>true</tcm:IsTridionWebSchema>
    <tcm:XSD>
      <xsd:schema xmlns:xsd="http://www.w3.org/2001/XMLSchema" xmlns:tcmi="http://www.tridion.com/ContentManager/5.0/Instance" xmlns:category="tcm:0-3-1/Categories.xsd" xmlns="" elementFormDefault="qualified">
  <xsd:import namespace="http://www.tridion.com/ContentManager/5.0/Instance" schemaLocation="/webdav/cm_xml_inst.xsd" />
  <xsd:import namespace="tcm:0-3-1/Categories.xsd" schemaLocation="/webdav/020%20Global%20Content/Categories.xsd" />
  <xsd:annotation>
    <xsd:appinfo>
      <tcm:Labels xmlns:tcm="http://www.tridion.com/ContentManager/5.0">
        <tcm:Label ElementName="field" Metadata="false">Type of Field (leave blank to create an empty space)</tcm:Label>
        <tcm:Label ElementName="required" Metadata="false">Required - is this a required Field?</tcm:Label>
        <tcm:Label ElementName="disabled" Metadata="false">Disabled - should this Field be disabled by default?</tcm:Label>
        <tcm:Label ElementName="width" Metadata="false">Width - fraction of the Fieldset that this Field will span</tcm:Label>
      </tcm:Labels>
    </xsd:appinfo>
  </xsd:annotation>
  <xsd:complexType name="embeddedFieldType">
    <xsd:sequence>
      <xsd:element name="field" minOccurs="0" maxOccurs="1" type="tcmi:SimpleLink">
        <xsd:annotation>
          <xsd:appinfo>
            <tcm:ExtensionXml xmlns:tcm="http://www.tridion.com/ContentManager/5.0" />
            <tcm:linktype xmlns:tcm="http://www.tridion.com/ContentManager/5.0">ComponentLink</tcm:linktype>
            <tcm:AllowMultimediaLinks xmlns:tcm="http://www.tridion.com/ContentManager/5.0">false</tcm:AllowMultimediaLinks>
            <tcm:AllowedTargetSchemas xmlns:tcm="http://www.tridion.com/ContentManager/5.0">
              <tcm:TargetSchema xmlns:xlink="http://www.w3.org/1999/xlink" xlink:href="/webdav/020%20Global%20Content/Building%20Blocks/System/Schemas/Form%20Schemas/Content/Generic%20Form%20Button%20Field.xsd" xlink:title="Generic Form Button Field" />
              <tcm:TargetSchema xmlns:xlink="http://www.w3.org/1999/xlink" xlink:href="/webdav/020%20Global%20Content/Building%20Blocks/System/Schemas/Form%20Schemas/Content/Generic%20Form%20Input%20Field.xsd" xlink:title="Generic Form Input Field" />
              <tcm:TargetSchema xmlns:xlink="http://www.w3.org/1999/xlink" xlink:href="/webdav/020%20Global%20Content/Building%20Blocks/System/Schemas/Form%20Schemas/Content/Generic%20Form%20Select%20Box%20Field.xsd" xlink:title="Generic Form Select Box Field" />
              <tcm:TargetSchema xmlns:xlink="http://www.w3.org/1999/xlink" xlink:href="/webdav/020%20Global%20Content/Building%20Blocks/System/Schemas/Form%20Schemas/Content/Generic%20Form%20Textarea%20Field.xsd" xlink:title="Generic Form Textarea Field" />
            </tcm:AllowedTargetSchemas>
          </xsd:appinfo>
        </xsd:annotation>
      </xsd:element>
      <xsd:element name="required" minOccurs="1" maxOccurs="1">
        <xsd:annotation>
          <xsd:appinfo>
            <tcm:ExtensionXml xmlns:tcm="http://www.tridion.com/ContentManager/5.0" />
            <tcm:DefaultTextValue xmlns:tcm="http://www.tridion.com/ContentManager/5.0">false</tcm:DefaultTextValue>
            <tcm:Size xmlns:tcm="http://www.tridion.com/ContentManager/5.0">1</tcm:Size>
            <tcm:listtype xmlns:tcm="http://www.tridion.com/ContentManager/5.0">select</tcm:listtype>
          </xsd:appinfo>
        </xsd:annotation>
        <xsd:simpleType>
          <xsd:restriction base="xsd:normalizedString">
            <xsd:enumeration value="true" />
            <xsd:enumeration value="false" />
          </xsd:restriction>
        </xsd:simpleType>
      </xsd:element>
      <xsd:element name="disabled" minOccurs="1" maxOccurs="1">
        <xsd:annotation>
          <xsd:appinfo>
            <tcm:ExtensionXml xmlns:tcm="http://www.tridion.com/ContentManager/5.0" />
            <tcm:DefaultTextValue xmlns:tcm="http://www.tridion.com/ContentManager/5.0">false</tcm:DefaultTextValue>
            <tcm:Size xmlns:tcm="http://www.tridion.com/ContentManager/5.0">1</tcm:Size>
            <tcm:listtype xmlns:tcm="http://www.tridion.com/ContentManager/5.0">select</tcm:listtype>
          </xsd:appinfo>
        </xsd:annotation>
        <xsd:simpleType>
          <xsd:restriction base="xsd:normalizedString">
            <xsd:enumeration value="true" />
            <xsd:enumeration value="false" />
          </xsd:restriction>
        </xsd:simpleType>
      </xsd:element>
      <xsd:element name="width" minOccurs="1" maxOccurs="1" type="category:dynamicFormWidths">
        <xsd:annotation>
          <xsd:appinfo>
            <tcm:ExtensionXml xmlns:tcm="http://www.tridion.com/ContentManager/5.0" />
            <tcm:Size xmlns:tcm="http://www.tridion.com/ContentManager/5.0">1</tcm:Size>
            <tcm:listtype xmlns:tcm="http://www.tridion.com/ContentManager/5.0">select</tcm:listtype>
          </xsd:appinfo>
        </xsd:annotation>
      </xsd:element>
    </xsd:sequence>
  </xsd:complexType>
</xsd:schema>
    </tcm:XSD>
    <tcm:AllowedMultimediaTypes />
    <tcm:ComponentProcess xlink:type="simple" xlink:title="" xlink:href="tcm:0-0-0" />
    <tcm:BundleProcess xlink:type="simple" xlink:title="" xlink:href="tcm:0-0-0" />
    <tcm:DeleteBundleOnProcessFinished>false</tcm:DeleteBundleOnProcessFinished>
  </tcm:Data>
  <tcccp:Dependencies>
    <tcccp:Dependency dependencyType="Publication" itemType="Publication" xpath="" mandatory="true" itemUrl="/webdav/020%20Global%20Content" />
    <tcccp:Dependency dependencyType="OrganizationalItemFolder" itemType="Folder" xpath="" mandatory="true" itemUrl="/webdav/020%20Global%20Content/Building%20Blocks/System/Schemas/Form%20Schemas/Embeddable" />
    <tcccp:Dependency dependencyType="Category" itemType="Category" xpath="tcm:Data/tcm:Xsd/@xlink:href" mandatory="true" itemUrl="/webdav/020%20Global%20Content/Dynamic%20Form%20Widths" />
    <tcccp:Dependency dependencyType="ComponentProcess" itemType="ProcessDefinition" xpath="tcm:Data/tcm:ComponentProcess/@xlink:href" mandatory="true" itemUrl="tcm:0-0-0" />
    <tcccp:Dependency dependencyType="SchemaAllowedSchema" itemType="Schema" xpath="tcm:Data/tcm:XSD/xsd:schema[1]/xsd:complexType[1]/xsd:sequence[1]/xsd:element[1]/xsd:annotation[1]/xsd:appinfo[1]/tcm:AllowedTargetSchemas[1]/tcm:TargetSchema[1]/@xlink:href" mandatory="true" itemUrl="/webdav/020%20Global%20Content/Building%20Blocks/System/Schemas/Form%20Schemas/Content/Generic%20Form%20Button%20Field.xsd" />
    <tcccp:Dependency dependencyType="SchemaAllowedSchema" itemType="Schema" xpath="tcm:Data/tcm:XSD/xsd:schema[1]/xsd:complexType[1]/xsd:sequence[1]/xsd:element[1]/xsd:annotation[1]/xsd:appinfo[1]/tcm:AllowedTargetSchemas[1]/tcm:TargetSchema[2]/@xlink:href" mandatory="true" itemUrl="/webdav/020%20Global%20Content/Building%20Blocks/System/Schemas/Form%20Schemas/Content/Generic%20Form%20Input%20Field.xsd" />
    <tcccp:Dependency dependencyType="SchemaAllowedSchema" itemType="Schema" xpath="tcm:Data/tcm:XSD/xsd:schema[1]/xsd:complexType[1]/xsd:sequence[1]/xsd:element[1]/xsd:annotation[1]/xsd:appinfo[1]/tcm:AllowedTargetSchemas[1]/tcm:TargetSchema[3]/@xlink:href" mandatory="true" itemUrl="/webdav/020%20Global%20Content/Building%20Blocks/System/Schemas/Form%20Schemas/Content/Generic%20Form%20Select%20Box%20Field.xsd" />
    <tcccp:Dependency dependencyType="SchemaAllowedSchema" itemType="Schema" xpath="tcm:Data/tcm:XSD/xsd:schema[1]/xsd:complexType[1]/xsd:sequence[1]/xsd:element[1]/xsd:annotation[1]/xsd:appinfo[1]/tcm:AllowedTargetSchemas[1]/tcm:TargetSchema[4]/@xlink:href" mandatory="true" itemUrl="/webdav/020%20Global%20Content/Building%20Blocks/System/Schemas/Form%20Schemas/Content/Generic%20Form%20Textarea%20Field.xsd" />
    <tcccp:Dependency dependencyType="SchemaBundleProcess" itemType="ProcessDefinition" xpath="tcm:Data/tcm:BundleProcess/@xlink:href" mandatory="true" itemUrl="tcm:0-0-0" />
  </tcccp:Dependencies>
</tcccp:Item>