<tcccp:Item xmlns:tcccp="http://www.tridion.com/ContentManager/5.2/ImportExport" xmlns:tcm="http://www.tridion.com/ContentManager/5.0" xmlns:xlink="http://www.w3.org/1999/xlink">
  <tcccp:PrimaryBlueprintParentUrl />
  <tcccp:BlueprintParentUrl />
  <tcccp:BinaryFileLocation />
  <tcm:Data>
    <tcm:Name>Author</tcm:Name>
    <tcm:Description>Author</tcm:Description>
    <tcm:UsageConstraints />
    <tcm:GroupMemberships />
    <tcm:DirectoryGroupMappings Enabled="false" />
  </tcm:Data>
  <tcccp:Dependencies />
</tcccp:Item>