<tcccp:Item xmlns:tcccp="http://www.tridion.com/ContentManager/5.2/ImportExport" xmlns:tcm="http://www.tridion.com/ContentManager/5.0" xmlns:xlink="http://www.w3.org/1999/xlink">
  <tcccp:PrimaryBlueprintParentUrl />
  <tcccp:BlueprintParentUrl />
  <tcccp:BinaryFileLocation />
  <tcm:Data>
    <tcm:Title>020 Global Content</tcm:Title>
    <tcm:PublicationPath>\</tcm:PublicationPath>
    <tcm:PublicationURL>/</tcm:PublicationURL>
    <tcm:MultimediaPath>\Images</tcm:MultimediaPath>
    <tcm:MultimediaURL>/Images</tcm:MultimediaURL>
    <tcm:DefaultPageTemplate xlink:type="simple" xlink:title="Default Page Template" xlink:href="/webdav/020%20Global%20Content/Building%20Blocks/Default%20Templates/Default%20Page%20Template.tptcmp" />
    <tcm:DefaultComponentTemplate xlink:type="simple" xlink:title="Default Component Template" xlink:href="/webdav/020%20Global%20Content/Building%20Blocks/Default%20Templates/Default%20Component%20Template.tctcmp" />
    <tcm:DefaultTemplateBuildingBlock xlink:type="simple" xlink:title="Default Dreamweaver Page Design" xlink:href="/webdav/020%20Global%20Content/Building%20Blocks/Default%20Templates/Default%20Dreamweaver%20Page%20Design.dwt" />
    <tcm:DefaultMultimediaSchema xlink:type="simple" xlink:title="Default Multimedia Schema" xlink:href="/webdav/020%20Global%20Content/Building%20Blocks/System/Schemas/Multimedia%20Schemas/Default%20Multimedia%20Schema.xsd" />
    <tcm:ParentPublications>
      <tcm:ParentPublication xlink:type="simple" xlink:title="010 Schemas and Categories" xlink:href="/webdav/010%20Schemas%20and%20Categories" />
    </tcm:ParentPublications>
    <tcm:PageTemplateProcess xlink:type="simple" xlink:title="" xlink:href="tcm:0-0-0" />
    <tcm:ComponentTemplateProcess xlink:type="simple" xlink:title="" xlink:href="tcm:0-0-0" />
    <tcm:TaskProcess xlink:type="simple" xlink:title="Task Process" xlink:href="tcm:3-1-131074" />
    <tcm:TemplateBundleProcess xlink:type="simple" xlink:title="" xlink:href="tcm:0-0-0" />
    <tcm:ComponentSnapshotTemplate xlink:type="simple" xlink:title="Default Component Template" xlink:href="/webdav/020%20Global%20Content/Building%20Blocks/Default%20Templates/Default%20Component%20Template.tctcmp" />
    <tcm:PageSnapshotTemplate xlink:type="simple" xlink:title="" xlink:href="tcm:0-0-0" />
    <tcm:ShareProcessAssociations>true</tcm:ShareProcessAssociations>
    <tcm:MetadataSchema xlink:type="simple" xlink:title="" xlink:href="tcm:0-0-0" />
    <tcm:Metadata />
    <tcm:CategoriesXSD>
      <xsd:schema xmlns:xlink="http://www.w3.org/1999/xlink" xmlns:category="tcm:0-3-1/Categories.xsd" xmlns:xsd="http://www.w3.org/2001/XMLSchema" targetNamespace="tcm:0-3-1/Categories.xsd">
        <xsd:import namespace="http://www.w3.org/1999/xlink" schemaLocation="/webdav/cm_lnk.xsd" />
        <xsd:attribute name="CategoryURI" type="xsd:anyURI" />
        <xsd:complexType name="aspectRatios">
          <xsd:annotation>
            <xsd:documentation>Aspect Ratios</xsd:documentation>
          </xsd:annotation>
          <xsd:simpleContent>
            <xsd:extension base="xsd:normalizedString">
              <xsd:attribute ref="category:CategoryURI" use="optional" fixed="tcm:3-15-512" />
              <xsd:attribute ref="xlink:type" use="optional" fixed="simple" />
              <xsd:attribute ref="xlink:href" use="optional" />
              <xsd:attribute ref="xlink:title" use="optional" />
            </xsd:extension>
          </xsd:simpleContent>
        </xsd:complexType>
        <xsd:complexType name="devices">
          <xsd:annotation>
            <xsd:documentation>Devices</xsd:documentation>
          </xsd:annotation>
          <xsd:simpleContent>
            <xsd:extension base="xsd:normalizedString">
              <xsd:attribute ref="category:CategoryURI" use="optional" fixed="tcm:3-1038-512" />
              <xsd:attribute ref="xlink:type" use="optional" fixed="simple" />
              <xsd:attribute ref="xlink:href" use="optional" />
              <xsd:attribute ref="xlink:title" use="optional" />
            </xsd:extension>
          </xsd:simpleContent>
        </xsd:complexType>
        <xsd:complexType name="formInputValidations">
          <xsd:annotation>
            <xsd:documentation>Form Input Validations</xsd:documentation>
          </xsd:annotation>
          <xsd:simpleContent>
            <xsd:extension base="xsd:normalizedString">
              <xsd:attribute ref="category:CategoryURI" use="optional" fixed="tcm:3-1047-512" />
              <xsd:attribute ref="xlink:type" use="optional" fixed="simple" />
              <xsd:attribute ref="xlink:href" use="optional" />
              <xsd:attribute ref="xlink:title" use="optional" />
            </xsd:extension>
          </xsd:simpleContent>
        </xsd:complexType>
        <xsd:complexType name="socialMedia">
          <xsd:annotation>
            <xsd:documentation>Social Media</xsd:documentation>
          </xsd:annotation>
          <xsd:simpleContent>
            <xsd:extension base="xsd:normalizedString">
              <xsd:attribute ref="category:CategoryURI" use="optional" fixed="tcm:3-16-512" />
              <xsd:attribute ref="xlink:type" use="optional" fixed="simple" />
              <xsd:attribute ref="xlink:href" use="optional" />
              <xsd:attribute ref="xlink:title" use="optional" />
            </xsd:extension>
          </xsd:simpleContent>
        </xsd:complexType>
      </xsd:schema>
    </tcm:CategoriesXSD>
    <tcm:PublicationType>Unspecified</tcm:PublicationType>
    <tcm:Key>020 Global Content</tcm:Key>
  </tcm:Data>
  <tcccp:Dependencies>
    <tcccp:Dependency dependencyType="ComponentSnapshotTemplate" itemType="ComponentTemplate" xpath="tcm:Data/tcm:ComponentSnapshotTemplate/@xlink:href" mandatory="true" itemUrl="/webdav/020%20Global%20Content/Building%20Blocks/Default%20Templates/Default%20Component%20Template.tctcmp" />
    <tcccp:Dependency dependencyType="ComponentTemplateProcess" itemType="ProcessDefinition" xpath="tcm:Data/tcm:ComponentTemplateProcess/@xlink:href" mandatory="true" itemUrl="tcm:0-0-0" />
    <tcccp:Dependency dependencyType="DefaultComponentTemplate" itemType="ComponentTemplate" xpath="tcm:Data/tcm:DefaultComponentTemplate/@xlink:href" mandatory="true" itemUrl="/webdav/020%20Global%20Content/Building%20Blocks/Default%20Templates/Default%20Component%20Template.tctcmp" />
    <tcccp:Dependency dependencyType="DefaultMultimediaSchema" itemType="Schema" xpath="tcm:Data/tcm:DefaultMultimediaSchema/@xlink:href" mandatory="true" itemUrl="/webdav/020%20Global%20Content/Building%20Blocks/System/Schemas/Multimedia%20Schemas/Default%20Multimedia%20Schema.xsd" />
    <tcccp:Dependency dependencyType="DefaultPageTemplate" itemType="PageTemplate" xpath="tcm:Data/tcm:DefaultPageTemplate/@xlink:href" mandatory="true" itemUrl="/webdav/020%20Global%20Content/Building%20Blocks/Default%20Templates/Default%20Page%20Template.tptcmp" />
    <tcccp:Dependency dependencyType="DefaultTemplateBuildingBlock" itemType="TemplateBuildingBlock" xpath="tcm:Data/tcm:DefaultTemplateBuildingBlock/@xlink:href" mandatory="true" itemUrl="/webdav/020%20Global%20Content/Building%20Blocks/Default%20Templates/Default%20Dreamweaver%20Page%20Design.dwt" />
    <tcccp:Dependency dependencyType="MetadataSchema" itemType="Schema" xpath="tcm:Data/tcm:MetadataSchema/@xlink:href" mandatory="true" itemUrl="tcm:0-0-0" />
    <tcccp:Dependency dependencyType="PageTemplateProcess" itemType="ProcessDefinition" xpath="tcm:Data/tcm:PageTemplateProcess/@xlink:href" mandatory="true" itemUrl="tcm:0-0-0" />
    <tcccp:Dependency dependencyType="PageSnapshotTemplate" itemType="PageTemplate" xpath="tcm:Data/tcm:PageSnapshotTemplate/@xlink:href" mandatory="true" itemUrl="tcm:0-0-0" />
    <tcccp:Dependency dependencyType="ParentPublication" itemType="Publication" xpath="tcm:Data/tcm:ParentPublications/tcm:ParentPublication[1]/@xlink:href" mandatory="false" itemUrl="/webdav/010%20Schemas%20and%20Categories" />
    <tcccp:Dependency dependencyType="TaskProcess" itemType="ProcessDefinition" xpath="tcm:Data/tcm:TaskProcess/@xlink:href" mandatory="true" itemUrl="/webdav/020%20Global%20Content//Task%20Process.tpd" />
    <tcccp:Dependency dependencyType="TemplateBundleProcess" itemType="ProcessDefinition" xpath="tcm:Data/tcm:TemplateBundleProcess/@xlink:href" mandatory="true" itemUrl="tcm:0-0-0" />
  </tcccp:Dependencies>
</tcccp:Item>