<tcccp:Item xmlns:tcccp="http://www.tridion.com/ContentManager/5.2/ImportExport" xmlns:tcm="http://www.tridion.com/ContentManager/5.0" xmlns:xlink="http://www.w3.org/1999/xlink">
  <tcccp:PrimaryBlueprintParentUrl />
  <tcccp:BlueprintParentUrl />
  <tcccp:BinaryFileLocation />
  <tcm:Data>
    <tcm:Title>000 Empty Parent</tcm:Title>
    <tcm:PublicationPath>\</tcm:PublicationPath>
    <tcm:PublicationURL>/</tcm:PublicationURL>
    <tcm:MultimediaPath>\Images</tcm:MultimediaPath>
    <tcm:MultimediaURL>/Images</tcm:MultimediaURL>
    <tcm:DefaultPageTemplate xlink:type="simple" xlink:title="Default Page Template" xlink:href="/webdav/000%20Empty%20Parent/Building%20Blocks/Default%20Templates/Default%20Page%20Template.tptcmp" />
    <tcm:DefaultComponentTemplate xlink:type="simple" xlink:title="Default Component Template" xlink:href="/webdav/000%20Empty%20Parent/Building%20Blocks/Default%20Templates/Default%20Component%20Template.tctcmp" />
    <tcm:DefaultTemplateBuildingBlock xlink:type="simple" xlink:title="Default Dreamweaver Page Design" xlink:href="/webdav/000%20Empty%20Parent/Building%20Blocks/Default%20Templates/Default%20Dreamweaver%20Page%20Design.dwt" />
    <tcm:DefaultMultimediaSchema xlink:type="simple" xlink:title="Default Multimedia Schema" xlink:href="/webdav/000%20Empty%20Parent/Building%20Blocks/Default%20Multimedia%20Schema.xsd" />
    <tcm:ParentPublications />
    <tcm:PageTemplateProcess xlink:type="simple" xlink:title="" xlink:href="tcm:0-0-0" />
    <tcm:ComponentTemplateProcess xlink:type="simple" xlink:title="" xlink:href="tcm:0-0-0" />
    <tcm:TaskProcess xlink:type="simple" xlink:title="Task Process" xlink:href="tcm:1-1-131074" />
    <tcm:TemplateBundleProcess xlink:type="simple" xlink:title="" xlink:href="tcm:0-0-0" />
    <tcm:ComponentSnapshotTemplate xlink:type="simple" xlink:title="Default Component Template" xlink:href="/webdav/000%20Empty%20Parent/Building%20Blocks/Default%20Templates/Default%20Component%20Template.tctcmp" />
    <tcm:PageSnapshotTemplate xlink:type="simple" xlink:title="" xlink:href="tcm:0-0-0" />
    <tcm:ShareProcessAssociations>true</tcm:ShareProcessAssociations>
    <tcm:MetadataSchema xlink:type="simple" xlink:title="" xlink:href="tcm:0-0-0" />
    <tcm:Metadata />
    <tcm:CategoriesXSD>
      <xsd:schema xmlns:xlink="http://www.w3.org/1999/xlink" xmlns:category="tcm:0-1-1/Categories.xsd" xmlns:xsd="http://www.w3.org/2001/XMLSchema" targetNamespace="tcm:0-1-1/Categories.xsd">
        <xsd:import namespace="http://www.w3.org/1999/xlink" schemaLocation="/webdav/cm_lnk.xsd" />
        <xsd:attribute name="CategoryURI" type="xsd:anyURI" />
      </xsd:schema>
    </tcm:CategoriesXSD>
    <tcm:PublicationType>Unspecified</tcm:PublicationType>
    <tcm:Key>000 Empty Parent</tcm:Key>
  </tcm:Data>
  <tcccp:Dependencies>
    <tcccp:Dependency dependencyType="ComponentSnapshotTemplate" itemType="ComponentTemplate" xpath="tcm:Data/tcm:ComponentSnapshotTemplate/@xlink:href" mandatory="true" itemUrl="/webdav/000%20Empty%20Parent/Building%20Blocks/Default%20Templates/Default%20Component%20Template.tctcmp" />
    <tcccp:Dependency dependencyType="ComponentTemplateProcess" itemType="ProcessDefinition" xpath="tcm:Data/tcm:ComponentTemplateProcess/@xlink:href" mandatory="true" itemUrl="tcm:0-0-0" />
    <tcccp:Dependency dependencyType="DefaultComponentTemplate" itemType="ComponentTemplate" xpath="tcm:Data/tcm:DefaultComponentTemplate/@xlink:href" mandatory="true" itemUrl="/webdav/000%20Empty%20Parent/Building%20Blocks/Default%20Templates/Default%20Component%20Template.tctcmp" />
    <tcccp:Dependency dependencyType="DefaultMultimediaSchema" itemType="Schema" xpath="tcm:Data/tcm:DefaultMultimediaSchema/@xlink:href" mandatory="true" itemUrl="/webdav/000%20Empty%20Parent/Building%20Blocks/Default%20Multimedia%20Schema.xsd" />
    <tcccp:Dependency dependencyType="DefaultPageTemplate" itemType="PageTemplate" xpath="tcm:Data/tcm:DefaultPageTemplate/@xlink:href" mandatory="true" itemUrl="/webdav/000%20Empty%20Parent/Building%20Blocks/Default%20Templates/Default%20Page%20Template.tptcmp" />
    <tcccp:Dependency dependencyType="DefaultTemplateBuildingBlock" itemType="TemplateBuildingBlock" xpath="tcm:Data/tcm:DefaultTemplateBuildingBlock/@xlink:href" mandatory="true" itemUrl="/webdav/000%20Empty%20Parent/Building%20Blocks/Default%20Templates/Default%20Dreamweaver%20Page%20Design.dwt" />
    <tcccp:Dependency dependencyType="MetadataSchema" itemType="Schema" xpath="tcm:Data/tcm:MetadataSchema/@xlink:href" mandatory="true" itemUrl="tcm:0-0-0" />
    <tcccp:Dependency dependencyType="PageTemplateProcess" itemType="ProcessDefinition" xpath="tcm:Data/tcm:PageTemplateProcess/@xlink:href" mandatory="true" itemUrl="tcm:0-0-0" />
    <tcccp:Dependency dependencyType="PageSnapshotTemplate" itemType="PageTemplate" xpath="tcm:Data/tcm:PageSnapshotTemplate/@xlink:href" mandatory="true" itemUrl="tcm:0-0-0" />
    <tcccp:Dependency dependencyType="TaskProcess" itemType="ProcessDefinition" xpath="tcm:Data/tcm:TaskProcess/@xlink:href" mandatory="true" itemUrl="/webdav/000%20Empty%20Parent//Task%20Process.tpd" />
    <tcccp:Dependency dependencyType="TemplateBundleProcess" itemType="ProcessDefinition" xpath="tcm:Data/tcm:TemplateBundleProcess/@xlink:href" mandatory="true" itemUrl="tcm:0-0-0" />
  </tcccp:Dependencies>
</tcccp:Item>