<tcccp:Item xmlns:tcccp="http://www.tridion.com/ContentManager/5.2/ImportExport"><tcccp:BlueprintParentUrl></tcccp:BlueprintParentUrl><tcccp:PrimaryBlueprintParentUrl></tcccp:PrimaryBlueprintParentUrl><tcccp:BinaryFileLocation></tcccp:BinaryFileLocation><tcm:Data xmlns:tcm="http://www.tridion.com/ContentManager/5.0"><tcm:Title>test page</tcm:Title><tcm:FileName>test-page</tcm:FileName><tcm:PageTemplate IsInherited="true" xmlns:xlink="http://www.w3.org/1999/xlink" xlink:type="simple" xlink:title="Default Page Template" xlink:href="/webdav/000%20Empty%20Parent/Building%20Blocks/Default%20Templates/Default%20Page%20Template.tptcmp" /><tcm:ComponentPresentations /><tcm:MetadataSchema xmlns:xlink="http://www.w3.org/1999/xlink" xlink:type="simple" xlink:title="" xlink:href="tcm:0-0-0" /><tcm:Metadata /></tcm:Data><tcccp:Dependencies><tcccp:Dependency itemUrl="/webdav/000%20Empty%20Parent" mandatory="true" xpath="" itemType="Publication" dependencyType="Publication" /><tcccp:Dependency itemUrl="/webdav/000%20Empty%20Parent/Root" mandatory="true" xpath="" itemType="StructureGroup" dependencyType="OrganizationalItemStructureGroup" /><tcccp:Dependency itemUrl="/webdav/000%20Empty%20Parent/Building%20Blocks/Default%20Templates/Default%20Page%20Template.tptcmp" mandatory="true" xpath="tcm:Data/tcm:PageTemplate/@xlink:href" itemType="PageTemplate" dependencyType="PageTemplate" /><tcccp:Dependency itemUrl="tcm:0-0-0" mandatory="true" xpath="tcm:Data/tcm:MetadataSchema/@xlink:href" itemType="Schema" dependencyType="MetadataSchema" /></tcccp:Dependencies></tcccp:Item>