<tcccp:Item xmlns:tcccp="http://www.tridion.com/ContentManager/5.2/ImportExport"><tcccp:BlueprintParentUrl></tcccp:BlueprintParentUrl><tcccp:PrimaryBlueprintParentUrl></tcccp:PrimaryBlueprintParentUrl><tcccp:BinaryFileLocation></tcccp:BinaryFileLocation><tcm:Data xmlns:tcm="http://www.tridion.com/ContentManager/5.0"><tcm:Title>Bb.com Markets</tcm:Title><tcm:XMLName>blackboardMarkets</tcm:XMLName><tcm:Description>Bb.com Markets</tcm:Description><tcm:KeywordMetadataSchema xmlns:xlink="http://www.w3.org/1999/xlink" xlink:type="simple" xlink:title="" xlink:href="tcm:0-0-0" /><tcm:UseForNavigation>true</tcm:UseForNavigation><tcm:AllowedParentCategories><tcm:Category xmlns:xlink="http://www.w3.org/1999/xlink" xlink:type="simple" xlink:title="Bb.com Markets" xlink:href="/webdav/010%20Schemas%20and%20Categories/Bb%2Ecom%20Markets" /></tcm:AllowedParentCategories><tcm:IsRoot>true</tcm:IsRoot><tcm:UseForIdentification>false</tcm:UseForIdentification></tcm:Data><tcccp:Dependencies><tcccp:Dependency itemUrl="/webdav/010%20Schemas%20and%20Categories" mandatory="true" xpath="" itemType="Publication" dependencyType="Publication" /><tcccp:Dependency itemUrl="/webdav/010%20Schemas%20and%20Categories" mandatory="true" xpath="" itemType="Publication" dependencyType="OrganizationalItemPublication" /><tcccp:Dependency itemUrl="tcm:0-0-0" mandatory="true" xpath="tcm:Data/tcm:KeywordMetadataSchema/@xlink:href" itemType="Schema" dependencyType="MetadataSchema" /><tcccp:Dependency itemUrl="/webdav/010%20Schemas%20and%20Categories/Bb%2Ecom%20Markets" mandatory="true" xpath="tcm:Data/tcm:AllowedParentCategories/tcm:Category[1]/@xlink:href" itemType="Category" dependencyType="AllowedParentCategory" /></tcccp:Dependencies></tcccp:Item>