<tcccp:Item xmlns:tcccp="http://www.tridion.com/ContentManager/5.2/ImportExport" xmlns:tcm="http://www.tridion.com/ContentManager/5.0" xmlns:xlink="http://www.w3.org/1999/xlink">
  <tcccp:PrimaryBlueprintParentUrl>/webdav/000%20Empty%20Parent/Building%20Blocks/Default%20Templates/Outbound%20E-mail/Outbound%20E-mail%20Post-processing.tbbcs</tcccp:PrimaryBlueprintParentUrl>
  <tcccp:BlueprintParentUrl />
  <tcccp:BinaryFileLocation />
  <tcm:Data>
    <tcm:Title>Outbound E-mail Post-processing</tcm:Title>
    <tcm:Type>CSharpTemplate</tcm:Type>
    <tcm:Content>
      <tcm:PublisherScript>	/* Generated by Setup Default Templates */
	&lt;%RunTemplate Template="/webdav/010%20Schemas%20and%20Categories/Building%20Blocks/Default%20Templates/Outbound%20E-mail/Tridion%2EOutboundEmail%2ETemplating%2ETemplates.tbbasm" Class="Tridion.OutboundEmail.Templating.Templates.OutboundEmail"%&gt;
</tcm:PublisherScript>
    </tcm:Content>
    <tcm:MetadataSchema xlink:type="simple" xlink:title="" xlink:href="tcm:0-0-0" />
    <tcm:ParameterSchema xlink:type="simple" xlink:title="Outbound E-mail Post-processing" xlink:href="/webdav/010%20Schemas%20and%20Categories/Building%20Blocks/Default%20Templates/Outbound%20E-mail/Outbound%20E-mail%20Post-processing.xsd" />
    <tcm:Metadata />
  </tcm:Data>
  <tcccp:Dependencies>
    <tcccp:Dependency dependencyType="Publication" itemType="Publication" xpath="" mandatory="true" itemUrl="/webdav/010%20Schemas%20and%20Categories" />
    <tcccp:Dependency dependencyType="OrganizationalItemFolder" itemType="Folder" xpath="" mandatory="true" itemUrl="/webdav/010%20Schemas%20and%20Categories/Building%20Blocks/Default%20Templates/Outbound%20E-mail" />
    <tcccp:Dependency dependencyType="MetadataSchema" itemType="Schema" xpath="tcm:Data/tcm:MetadataSchema/@xlink:href" mandatory="true" itemUrl="tcm:0-0-0" />
    <tcccp:Dependency dependencyType="ParameterSchema" itemType="Schema" xpath="tcm:Data/tcm:ParameterSchema/@xlink:href" mandatory="true" itemUrl="/webdav/010%20Schemas%20and%20Categories/Building%20Blocks/Default%20Templates/Outbound%20E-mail/Outbound%20E-mail%20Post-processing.xsd" />
    <tcccp:Dependency dependencyType="TemplateLinkedItem" itemType="TemplateBuildingBlock" xpath="tcccp:TemplateReferences/tcccp:TemplateReference[1]" mandatory="true" itemUrl="/webdav/010%20Schemas%20and%20Categories/Building%20Blocks/Default%20Templates/Outbound%20E-mail/Tridion%2EOutboundEmail%2ETemplating%2ETemplates.tbbasm" />
  </tcccp:Dependencies>
  <tcccp:TemplateReferences>
    <tcccp:TemplateReference isTcmReference="true" itemType="2048">/webdav/010%20Schemas%20and%20Categories/Building%20Blocks/Default%20Templates/Outbound%20E-mail/Tridion%2EOutboundEmail%2ETemplating%2ETemplates.tbbasm</tcccp:TemplateReference>
  </tcccp:TemplateReferences>
</tcccp:Item>