<tcccp:Item xmlns:tcccp="http://www.tridion.com/ContentManager/5.2/ImportExport" xmlns:tcm="http://www.tridion.com/ContentManager/5.0" xmlns:xlink="http://www.w3.org/1999/xlink" xmlns:xsd="http://www.w3.org/2001/XMLSchema">
  <tcccp:PrimaryBlueprintParentUrl />
  <tcccp:BlueprintParentUrl />
  <tcccp:BinaryFileLocation />
  <tcm:Data xmlns:xlink="http://www.w3.org/1999/xlink" xmlns:i="http://www.w3.org/2001/XMLSchema-instance">
    <tcm:Title>Videos</tcm:Title>
    <tcm:Description>Videos</tcm:Description>
    <tcm:Purpose>Multimedia</tcm:Purpose>
    <tcm:NamespaceURI>uuid:c04e8adc-ca7f-4c56-83a6-268178b9ad77</tcm:NamespaceURI>
    <tcm:RootElementName />
    <tcm:IsTridionWebSchema>true</tcm:IsTridionWebSchema>
    <tcm:XSD>
      <xsd:schema xmlns:xsd="http://www.w3.org/2001/XMLSchema" xmlns="uuid:c04e8adc-ca7f-4c56-83a6-268178b9ad77" xmlns:tcmi="http://www.tridion.com/ContentManager/5.0/Instance" elementFormDefault="qualified" targetNamespace="uuid:c04e8adc-ca7f-4c56-83a6-268178b9ad77">
  <xsd:import namespace="http://www.tridion.com/ContentManager/5.0/Instance" schemaLocation="/webdav/cm_xml_inst.xsd" />
  <xsd:include schemaLocation="/webdav/010%20Schemas%20and%20Categories/Building%20Blocks/System/Schemas/Embeddable%20Schemas/Embedded%20Media%20Metadata.xsd" />
  <xsd:annotation>
    <xsd:appinfo>
      <tcm:Labels xmlns:tcm="http://www.tridion.com/ContentManager/5.0">
        <tcm:Label ElementName="videoMetadata" Metadata="true">videoMetadata</tcm:Label>
        <tcm:Label ElementName="autoplay" Metadata="true">autoplay</tcm:Label>
      </tcm:Labels>
    </xsd:appinfo>
  </xsd:annotation>
  <xsd:element name="Metadata">
    <xsd:complexType>
      <xsd:sequence>
        <xsd:element name="videoMetadata" minOccurs="0" maxOccurs="1" type="mediaEmbeddable">
          <xsd:annotation>
            <xsd:appinfo>
              <ExtensionXml xmlns="http://www.tridion.com/ContentManager/5.0" />
              <tcm:EmbeddedSchema xmlns:tcm="http://www.tridion.com/ContentManager/5.0" xmlns:xlink="http://www.w3.org/1999/xlink" xlink:href="/webdav/010%20Schemas%20and%20Categories/Building%20Blocks/System/Schemas/Embeddable%20Schemas/Embedded%20Media%20Metadata.xsd" xlink:title="Embedded Media Metadata" />
            </xsd:appinfo>
          </xsd:annotation>
        </xsd:element>
        <xsd:element name="autoplay" minOccurs="0" maxOccurs="1">
          <xsd:annotation>
            <xsd:appinfo>
              <tcm:ExtensionXml xmlns:tcm="http://www.tridion.com/ContentManager/5.0" />
              <tcm:Size xmlns:tcm="http://www.tridion.com/ContentManager/5.0">1</tcm:Size>
              <tcm:listtype xmlns:tcm="http://www.tridion.com/ContentManager/5.0">select</tcm:listtype>
            </xsd:appinfo>
          </xsd:annotation>
          <xsd:simpleType>
            <xsd:restriction base="xsd:normalizedString">
              <xsd:enumeration value="true" />
              <xsd:enumeration value="false" />
            </xsd:restriction>
          </xsd:simpleType>
        </xsd:element>
      </xsd:sequence>
    </xsd:complexType>
  </xsd:element>
</xsd:schema>
    </tcm:XSD>
    <tcm:AllowedMultimediaTypes>
      <tcm:AllowedMultimediaType xlink:type="simple" xlink:title="Real player" xlink:href="tcm:0-14-65544" />
      <tcm:AllowedMultimediaType xlink:type="simple" xlink:title="QuickTime movie" xlink:href="tcm:0-15-65544" />
      <tcm:AllowedMultimediaType xlink:type="simple" xlink:title="Mpeg video" xlink:href="tcm:0-17-65544" />
      <tcm:AllowedMultimediaType xlink:type="simple" xlink:title="Flash file" xlink:href="tcm:0-18-65544" />
      <tcm:AllowedMultimediaType xlink:type="simple" xlink:title="Adobe Flash Video" xlink:href="tcm:0-24-65544" />
      <tcm:AllowedMultimediaType xlink:type="simple" xlink:title="HTML5 OGG" xlink:href="tcm:0-25-65544" />
      <tcm:AllowedMultimediaType xlink:type="simple" xlink:title="HTML5 webm" xlink:href="tcm:0-26-65544" />
    </tcm:AllowedMultimediaTypes>
    <tcm:ComponentProcess xlink:type="simple" xlink:title="" xlink:href="tcm:0-0-0" />
    <tcm:BundleProcess xlink:type="simple" xlink:title="" xlink:href="tcm:0-0-0" />
    <tcm:DeleteBundleOnProcessFinished>false</tcm:DeleteBundleOnProcessFinished>
  </tcm:Data>
  <tcccp:Dependencies>
    <tcccp:Dependency dependencyType="Publication" itemType="Publication" xpath="" mandatory="true" itemUrl="/webdav/010%20Schemas%20and%20Categories" />
    <tcccp:Dependency dependencyType="OrganizationalItemFolder" itemType="Folder" xpath="" mandatory="true" itemUrl="/webdav/010%20Schemas%20and%20Categories/Building%20Blocks/System/Schemas/Multimedia%20Schemas" />
    <tcccp:Dependency dependencyType="AllowedMultimediaType" itemType="MultimediaType" xpath="tcm:Data/tcm:AllowedMultimediaTypes/tcm:AllowedMultimediaType[1]/@xlink:href" mandatory="true" itemUrl="/webdav//Real%20player.tmt" />
    <tcccp:Dependency dependencyType="AllowedMultimediaType" itemType="MultimediaType" xpath="tcm:Data/tcm:AllowedMultimediaTypes/tcm:AllowedMultimediaType[2]/@xlink:href" mandatory="true" itemUrl="/webdav//QuickTime%20movie.tmt" />
    <tcccp:Dependency dependencyType="AllowedMultimediaType" itemType="MultimediaType" xpath="tcm:Data/tcm:AllowedMultimediaTypes/tcm:AllowedMultimediaType[3]/@xlink:href" mandatory="true" itemUrl="/webdav//Mpeg%20video.tmt" />
    <tcccp:Dependency dependencyType="AllowedMultimediaType" itemType="MultimediaType" xpath="tcm:Data/tcm:AllowedMultimediaTypes/tcm:AllowedMultimediaType[4]/@xlink:href" mandatory="true" itemUrl="/webdav//Flash%20file.tmt" />
    <tcccp:Dependency dependencyType="AllowedMultimediaType" itemType="MultimediaType" xpath="tcm:Data/tcm:AllowedMultimediaTypes/tcm:AllowedMultimediaType[5]/@xlink:href" mandatory="true" itemUrl="/webdav//Adobe%20Flash%20Video.tmt" />
    <tcccp:Dependency dependencyType="AllowedMultimediaType" itemType="MultimediaType" xpath="tcm:Data/tcm:AllowedMultimediaTypes/tcm:AllowedMultimediaType[6]/@xlink:href" mandatory="true" itemUrl="/webdav//HTML5%20OGG.tmt" />
    <tcccp:Dependency dependencyType="AllowedMultimediaType" itemType="MultimediaType" xpath="tcm:Data/tcm:AllowedMultimediaTypes/tcm:AllowedMultimediaType[7]/@xlink:href" mandatory="true" itemUrl="/webdav//HTML5%20webm.tmt" />
    <tcccp:Dependency dependencyType="ComponentProcess" itemType="ProcessDefinition" xpath="tcm:Data/tcm:ComponentProcess/@xlink:href" mandatory="true" itemUrl="tcm:0-0-0" />
    <tcccp:Dependency dependencyType="EmbeddedSchema" itemType="Schema" xpath="tcm:Data/tcm:XSD/xsd:schema[1]/xsd:include[1]/@schemaLocation" mandatory="true" itemUrl="/webdav/010%20Schemas%20and%20Categories/Building%20Blocks/System/Schemas/Embeddable%20Schemas/Embedded%20Media%20Metadata.xsd" />
    <tcccp:Dependency dependencyType="EmbeddedSchema" itemType="Schema" xpath="tcm:Data/tcm:XSD/xsd:schema[1]/xsd:element[1]/xsd:complexType[1]/xsd:sequence[1]/xsd:element[1]/xsd:annotation[1]/xsd:appinfo[1]/tcm:EmbeddedSchema[1]/@xlink:href" mandatory="true" itemUrl="/webdav/010%20Schemas%20and%20Categories/Building%20Blocks/System/Schemas/Embeddable%20Schemas/Embedded%20Media%20Metadata.xsd" />
    <tcccp:Dependency dependencyType="SchemaBundleProcess" itemType="ProcessDefinition" xpath="tcm:Data/tcm:BundleProcess/@xlink:href" mandatory="true" itemUrl="tcm:0-0-0" />
  </tcccp:Dependencies>
</tcccp:Item>