<tcccp:Item xmlns:tcccp="http://www.tridion.com/ContentManager/5.2/ImportExport" xmlns:tcm="http://www.tridion.com/ContentManager/5.0" xmlns:xlink="http://www.w3.org/1999/xlink" xmlns:xsd="http://www.w3.org/2001/XMLSchema">
  <tcccp:PrimaryBlueprintParentUrl />
  <tcccp:BlueprintParentUrl />
  <tcccp:BinaryFileLocation />
  <tcm:Data xmlns:xlink="http://www.w3.org/1999/xlink" xmlns:i="http://www.w3.org/2001/XMLSchema-instance">
    <tcm:Title>Publish Binaries to Specific Locations</tcm:Title>
    <tcm:Description>Publish Binaries to Specific Locations</tcm:Description>
    <tcm:Purpose>TemplateParameters</tcm:Purpose>
    <tcm:NamespaceURI>uuid:c8a8081b-3ca7-40a3-9f0d-4a99c6758df3</tcm:NamespaceURI>
    <tcm:RootElementName>Parameters</tcm:RootElementName>
    <tcm:IsTridionWebSchema>true</tcm:IsTridionWebSchema>
    <tcm:XSD>
      <xsd:schema xmlns:xsd="http://www.w3.org/2001/XMLSchema" xmlns="uuid:c8a8081b-3ca7-40a3-9f0d-4a99c6758df3" xmlns:tcmi="http://www.tridion.com/ContentManager/5.0/Instance" elementFormDefault="qualified" targetNamespace="uuid:c8a8081b-3ca7-40a3-9f0d-4a99c6758df3">
        <xsd:import namespace="http://www.tridion.com/ContentManager/5.0/Instance" schemaLocation="/webdav/cm_xml_inst.xsd" />
        <xsd:annotation>
          <xsd:appinfo>
            <tcm:Labels xmlns:tcm="http://www.tridion.com/ContentManager/5.0">
              <tcm:Label ElementName="BaseFolder" Metadata="false">Base Folder (WebDav URL or TCM URI)</tcm:Label>
            </tcm:Labels>
          </xsd:appinfo>
        </xsd:annotation>
        <xsd:element name="Parameters">
          <xsd:complexType>
            <xsd:sequence>
              <xsd:element name="BaseFolder" minOccurs="1" maxOccurs="1" type="xsd:normalizedString">
                <xsd:annotation>
                  <xsd:appinfo>
                    <tcm:ExtensionXml xmlns:tcm="http://www.tridion.com/ContentManager/5.0" />
                  </xsd:appinfo>
                </xsd:annotation>
              </xsd:element>
            </xsd:sequence>
          </xsd:complexType>
        </xsd:element>
      </xsd:schema>
    </tcm:XSD>
    <tcm:AllowedMultimediaTypes />
    <tcm:ComponentProcess xlink:type="simple" xlink:title="" xlink:href="tcm:0-0-0" />
    <tcm:BundleProcess xlink:type="simple" xlink:title="" xlink:href="tcm:0-0-0" />
    <tcm:DeleteBundleOnProcessFinished>false</tcm:DeleteBundleOnProcessFinished>
  </tcm:Data>
  <tcccp:Dependencies>
    <tcccp:Dependency dependencyType="Publication" itemType="Publication" xpath="" mandatory="true" itemUrl="/webdav/010%20Schemas%20and%20Categories" />
    <tcccp:Dependency dependencyType="OrganizationalItemFolder" itemType="Folder" xpath="" mandatory="true" itemUrl="/webdav/010%20Schemas%20and%20Categories/Building%20Blocks/System/Schemas/Parameter%20Schemas" />
    <tcccp:Dependency dependencyType="ComponentProcess" itemType="ProcessDefinition" xpath="tcm:Data/tcm:ComponentProcess/@xlink:href" mandatory="true" itemUrl="tcm:0-0-0" />
    <tcccp:Dependency dependencyType="SchemaBundleProcess" itemType="ProcessDefinition" xpath="tcm:Data/tcm:BundleProcess/@xlink:href" mandatory="true" itemUrl="tcm:0-0-0" />
  </tcccp:Dependencies>
</tcccp:Item>