<tcccp:Item xmlns:tcccp="http://www.tridion.com/ContentManager/5.2/ImportExport" xmlns:tcm="http://www.tridion.com/ContentManager/5.0" xmlns:xlink="http://www.w3.org/1999/xlink" xmlns:xsd="http://www.w3.org/2001/XMLSchema">
  <tcccp:PrimaryBlueprintParentUrl>/webdav/010%20Schemas%20and%20Categories/Building%20Blocks/System/Schemas/Multimedia%20Schemas/Audio.xsd</tcccp:PrimaryBlueprintParentUrl>
  <tcccp:BlueprintParentUrl />
  <tcccp:BinaryFileLocation />
  <tcm:Data xmlns:xlink="http://www.w3.org/1999/xlink" xmlns:i="http://www.w3.org/2001/XMLSchema-instance">
    <tcm:Title>Audio</tcm:Title>
    <tcm:Description>Audio</tcm:Description>
    <tcm:Purpose>Multimedia</tcm:Purpose>
    <tcm:NamespaceURI>uuid:2ee5c968-bc2c-4485-9cbf-12888940bc00</tcm:NamespaceURI>
    <tcm:RootElementName />
    <tcm:IsTridionWebSchema>true</tcm:IsTridionWebSchema>
    <tcm:XSD>
      <xsd:schema xmlns:xsd="http://www.w3.org/2001/XMLSchema" xmlns="uuid:2ee5c968-bc2c-4485-9cbf-12888940bc00" xmlns:tcmi="http://www.tridion.com/ContentManager/5.0/Instance" elementFormDefault="qualified" targetNamespace="uuid:2ee5c968-bc2c-4485-9cbf-12888940bc00">
  <xsd:import namespace="http://www.tridion.com/ContentManager/5.0/Instance" schemaLocation="/webdav/cm_xml_inst.xsd" />
  <xsd:include schemaLocation="/webdav/020%20Global%20Design/Building%20Blocks/System/Schemas/Embeddable%20Schemas/Document%20Attributes.xsd" />
  <xsd:annotation>
    <xsd:appinfo>
      <tcm:Labels xmlns:tcm="http://www.tridion.com/ContentManager/5.0">
        <tcm:Label ElementName="attributes" Metadata="true">attributes</tcm:Label>
      </tcm:Labels>
    </xsd:appinfo>
  </xsd:annotation>
  <xsd:element name="Metadata">
    <xsd:complexType>
      <xsd:sequence>
        <xsd:element name="attributes" minOccurs="0" maxOccurs="1" type="documentAttributes">
          <xsd:annotation>
            <xsd:appinfo>
              <tcm:ExtensionXml xmlns:tcm="http://www.tridion.com/ContentManager/5.0" />
              <tcm:EmbeddedSchema xmlns:tcm="http://www.tridion.com/ContentManager/5.0" xmlns:xlink="http://www.w3.org/1999/xlink" xlink:href="/webdav/020%20Global%20Design/Building%20Blocks/System/Schemas/Embeddable%20Schemas/Document%20Attributes.xsd" xlink:title="Document Attributes" />
            </xsd:appinfo>
          </xsd:annotation>
        </xsd:element>
      </xsd:sequence>
    </xsd:complexType>
  </xsd:element>
</xsd:schema>
    </tcm:XSD>
    <tcm:AllowedMultimediaTypes>
      <tcm:AllowedMultimediaType xlink:type="simple" xlink:title="Sound file" xlink:href="tcm:0-8-65544" />
      <tcm:AllowedMultimediaType xlink:type="simple" xlink:title="Mp3 music" xlink:href="tcm:0-16-65544" />
      <tcm:AllowedMultimediaType xlink:type="simple" xlink:title="HTML5 webm" xlink:href="tcm:0-24-65544" />
      <tcm:AllowedMultimediaType xlink:type="simple" xlink:title="HTML5 OGG" xlink:href="tcm:0-27-65544" />
    </tcm:AllowedMultimediaTypes>
    <tcm:ComponentProcess xlink:type="simple" xlink:title="" xlink:href="tcm:0-0-0" />
    <tcm:BundleProcess xlink:type="simple" xlink:title="" xlink:href="tcm:0-0-0" />
    <tcm:DeleteBundleOnProcessFinished>false</tcm:DeleteBundleOnProcessFinished>
  </tcm:Data>
  <tcccp:Dependencies>
    <tcccp:Dependency dependencyType="Publication" itemType="Publication" xpath="" mandatory="true" itemUrl="/webdav/020%20Global%20Design" />
    <tcccp:Dependency dependencyType="OrganizationalItemFolder" itemType="Folder" xpath="" mandatory="true" itemUrl="/webdav/020%20Global%20Design/Building%20Blocks/System/Schemas/Multimedia%20Schemas" />
    <tcccp:Dependency dependencyType="AllowedMultimediaType" itemType="MultimediaType" xpath="tcm:Data/tcm:AllowedMultimediaTypes/tcm:AllowedMultimediaType[1]/@xlink:href" mandatory="true" itemUrl="/webdav//Sound%20file.tmt" />
    <tcccp:Dependency dependencyType="AllowedMultimediaType" itemType="MultimediaType" xpath="tcm:Data/tcm:AllowedMultimediaTypes/tcm:AllowedMultimediaType[2]/@xlink:href" mandatory="true" itemUrl="/webdav//Mp3%20music.tmt" />
    <tcccp:Dependency dependencyType="AllowedMultimediaType" itemType="MultimediaType" xpath="tcm:Data/tcm:AllowedMultimediaTypes/tcm:AllowedMultimediaType[3]/@xlink:href" mandatory="true" itemUrl="/webdav//HTML5%20webm.tmt" />
    <tcccp:Dependency dependencyType="AllowedMultimediaType" itemType="MultimediaType" xpath="tcm:Data/tcm:AllowedMultimediaTypes/tcm:AllowedMultimediaType[4]/@xlink:href" mandatory="true" itemUrl="/webdav//HTML5%20OGG.tmt" />
    <tcccp:Dependency dependencyType="ComponentProcess" itemType="ProcessDefinition" xpath="tcm:Data/tcm:ComponentProcess/@xlink:href" mandatory="true" itemUrl="tcm:0-0-0" />
    <tcccp:Dependency dependencyType="EmbeddedSchema" itemType="Schema" xpath="tcm:Data/tcm:XSD/xsd:schema[1]/xsd:include[1]/@schemaLocation" mandatory="true" itemUrl="/webdav/020%20Global%20Design/Building%20Blocks/System/Schemas/Embeddable%20Schemas/Document%20Attributes.xsd" />
    <tcccp:Dependency dependencyType="EmbeddedSchema" itemType="Schema" xpath="tcm:Data/tcm:XSD/xsd:schema[1]/xsd:element[1]/xsd:complexType[1]/xsd:sequence[1]/xsd:element[1]/xsd:annotation[1]/xsd:appinfo[1]/tcm:EmbeddedSchema[1]/@xlink:href" mandatory="true" itemUrl="/webdav/020%20Global%20Design/Building%20Blocks/System/Schemas/Embeddable%20Schemas/Document%20Attributes.xsd" />
    <tcccp:Dependency dependencyType="SchemaBundleProcess" itemType="ProcessDefinition" xpath="tcm:Data/tcm:BundleProcess/@xlink:href" mandatory="true" itemUrl="tcm:0-0-0" />
  </tcccp:Dependencies>
</tcccp:Item>