<tcccp:Item xmlns:tcccp="http://www.tridion.com/ContentManager/5.2/ImportExport"><tcccp:BlueprintParentUrl></tcccp:BlueprintParentUrl><tcccp:PrimaryBlueprintParentUrl></tcccp:PrimaryBlueprintParentUrl><tcccp:BinaryFileLocation></tcccp:BinaryFileLocation><tcm:Data xmlns:tcm="http://www.tridion.com/ContentManager/5.0"><tcm:Title>010 Schemas and Categories</tcm:Title><tcm:PublicationPath>\</tcm:PublicationPath><tcm:PublicationURL>/</tcm:PublicationURL><tcm:MultimediaPath>\Images</tcm:MultimediaPath><tcm:MultimediaURL>/Images</tcm:MultimediaURL><tcm:DefaultPageTemplate xmlns:xlink="http://www.w3.org/1999/xlink" xlink:type="simple" xlink:title="Default Page Template" xlink:href="/webdav/010%20Schemas%20and%20Categories/Building%20Blocks/Default%20Templates/Default%20Page%20Template.tptcmp" /><tcm:DefaultComponentTemplate xmlns:xlink="http://www.w3.org/1999/xlink" xlink:type="simple" xlink:title="Default Component Template" xlink:href="/webdav/010%20Schemas%20and%20Categories/Building%20Blocks/Default%20Templates/Default%20Component%20Template.tctcmp" /><tcm:DefaultTemplateBuildingBlock xmlns:xlink="http://www.w3.org/1999/xlink" xlink:type="simple" xlink:title="Default Dreamweaver Page Design" xlink:href="/webdav/010%20Schemas%20and%20Categories/Building%20Blocks/Default%20Templates/Default%20Dreamweaver%20Page%20Design.dwt" /><tcm:DefaultMultimediaSchema xmlns:xlink="http://www.w3.org/1999/xlink" xlink:type="simple" xlink:title="Default Multimedia Schema" xlink:href="/webdav/010%20Schemas%20and%20Categories/Building%20Blocks/System/Schemas/Multimedia%20Schemas/Default%20Multimedia%20Schema.xsd" /><tcm:ParentPublications><tcm:ParentPublication xmlns:xlink="http://www.w3.org/1999/xlink" xlink:type="simple" xlink:title="000 Empty Parent" xlink:href="/webdav/000%20Empty%20Parent" /></tcm:ParentPublications><tcm:PageTemplateProcess xmlns:xlink="http://www.w3.org/1999/xlink" xlink:type="simple" xlink:title="" xlink:href="tcm:0-0-0" /><tcm:ComponentTemplateProcess xmlns:xlink="http://www.w3.org/1999/xlink" xlink:type="simple" xlink:title="" xlink:href="tcm:0-0-0" /><tcm:TaskProcess xmlns:xlink="http://www.w3.org/1999/xlink" xlink:type="simple" xlink:title="Task Process" xlink:href="tcm:3-2-131074" /><tcm:TemplateBundleProcess xmlns:xlink="http://www.w3.org/1999/xlink" xlink:type="simple" xlink:title="" xlink:href="tcm:0-0-0" /><tcm:ComponentSnapshotTemplate xmlns:xlink="http://www.w3.org/1999/xlink" xlink:type="simple" xlink:title="Default Component Template" xlink:href="/webdav/010%20Schemas%20and%20Categories/Building%20Blocks/Default%20Templates/Default%20Component%20Template.tctcmp" /><tcm:PageSnapshotTemplate xmlns:xlink="http://www.w3.org/1999/xlink" xlink:type="simple" xlink:title="" xlink:href="tcm:0-0-0" /><tcm:ShareProcessAssociations>true</tcm:ShareProcessAssociations><tcm:MetadataSchema xmlns:xlink="http://www.w3.org/1999/xlink" xlink:type="simple" xlink:title="" xlink:href="tcm:0-0-0" /><tcm:Metadata /><tcm:CategoriesXSD><xsd:schema xmlns:xlink="http://www.w3.org/1999/xlink" xmlns:category="tcm:0-3-1/Categories.xsd" xmlns:xsd="http://www.w3.org/2001/XMLSchema" targetNamespace="tcm:0-3-1/Categories.xsd"><xsd:import namespace="http://www.w3.org/1999/xlink" schemaLocation="/webdav/cm_lnk.xsd" /><xsd:attribute name="CategoryURI" type="xsd:anyURI" /><xsd:complexType name="blackboardMarkets"><xsd:annotation><xsd:documentation>Bb.com Markets</xsd:documentation></xsd:annotation><xsd:simpleContent><xsd:extension base="xsd:normalizedString"><xsd:attribute ref="category:CategoryURI" use="optional" fixed="tcm:3-1009-512" /><xsd:attribute ref="xlink:type" use="optional" fixed="simple" /><xsd:attribute ref="xlink:href" use="optional" /><xsd:attribute ref="xlink:title" use="optional" /></xsd:extension></xsd:simpleContent></xsd:complexType><xsd:complexType name="blackboardPlatforms"><xsd:annotation><xsd:documentation>Bb.com Platforms</xsd:documentation></xsd:annotation><xsd:simpleContent><xsd:extension base="xsd:normalizedString"><xsd:attribute ref="category:CategoryURI" use="optional" fixed="tcm:3-1011-512" /><xsd:attribute ref="xlink:type" use="optional" fixed="simple" /><xsd:attribute ref="xlink:href" use="optional" /><xsd:attribute ref="xlink:title" use="optional" /></xsd:extension></xsd:simpleContent></xsd:complexType><xsd:complexType name="socialMedia"><xsd:annotation><xsd:documentation>Social Media</xsd:documentation></xsd:annotation><xsd:simpleContent><xsd:extension base="xsd:normalizedString"><xsd:attribute ref="category:CategoryURI" use="optional" fixed="tcm:3-1010-512" /><xsd:attribute ref="xlink:type" use="optional" fixed="simple" /><xsd:attribute ref="xlink:href" use="optional" /><xsd:attribute ref="xlink:title" use="optional" /></xsd:extension></xsd:simpleContent></xsd:complexType></xsd:schema></tcm:CategoriesXSD><tcm:PublicationType>Unspecified</tcm:PublicationType><tcm:Key>010 Schemas and Categories</tcm:Key></tcm:Data><tcccp:Dependencies><tcccp:Dependency itemUrl="/webdav/010%20Schemas%20and%20Categories/Building%20Blocks/System/Schemas/Multimedia%20Schemas/Default%20Multimedia%20Schema.xsd" mandatory="true" xpath="tcm:Data/tcm:DefaultMultimediaSchema/@xlink:href" itemType="Schema" dependencyType="DefaultMultimediaSchema" /><tcccp:Dependency itemUrl="/webdav/010%20Schemas%20and%20Categories/Building%20Blocks/Default%20Templates/Default%20Dreamweaver%20Page%20Design.dwt" mandatory="true" xpath="tcm:Data/tcm:DefaultTemplateBuildingBlock/@xlink:href" itemType="TemplateBuildingBlock" dependencyType="DefaultTemplateBuildingBlock" /><tcccp:Dependency itemUrl="/webdav/010%20Schemas%20and%20Categories/Building%20Blocks/Default%20Templates/Default%20Component%20Template.tctcmp" mandatory="true" xpath="tcm:Data/tcm:DefaultComponentTemplate/@xlink:href" itemType="ComponentTemplate" dependencyType="DefaultComponentTemplate" /><tcccp:Dependency itemUrl="/webdav/010%20Schemas%20and%20Categories/Building%20Blocks/Default%20Templates/Default%20Page%20Template.tptcmp" mandatory="true" xpath="tcm:Data/tcm:DefaultPageTemplate/@xlink:href" itemType="PageTemplate" dependencyType="DefaultPageTemplate" /><tcccp:Dependency itemUrl="tcm:0-0-0" mandatory="true" xpath="tcm:Data/tcm:MetadataSchema/@xlink:href" itemType="Schema" dependencyType="MetadataSchema" /><tcccp:Dependency itemUrl="/webdav/000%20Empty%20Parent" mandatory="false" xpath="tcm:Data/tcm:ParentPublications/tcm:ParentPublication[1]/@xlink:href" itemType="Publication" dependencyType="ParentPublication" /><tcccp:Dependency itemUrl="tcm:0-0-0" itemType="ProcessDefinition" dependencyType="PageTemplateProcess" mandatory="true" xpath="tcm:Data/tcm:PageTemplateProcess/@xlink:href" /><tcccp:Dependency itemUrl="tcm:0-0-0" itemType="ProcessDefinition" dependencyType="ComponentTemplateProcess" mandatory="true" xpath="tcm:Data/tcm:ComponentTemplateProcess/@xlink:href" /><tcccp:Dependency itemUrl="/webdav/010%20Schemas%20and%20Categories/Building%20Blocks/Default%20Templates/Default%20Component%20Template.tctcmp" mandatory="true" xpath="tcm:Data/tcm:ComponentSnapshotTemplate/@xlink:href" itemType="ComponentTemplate" dependencyType="ComponentSnapshotTemplate" /><tcccp:Dependency itemUrl="tcm:0-0-0" mandatory="true" xpath="tcm:Data/tcm:PageSnapshotTemplate/@xlink:href" itemType="PageTemplate" dependencyType="PageSnapshotTemplate" /><tcccp:Dependency itemUrl="tcm:0-0-0" itemType="ProcessDefinition" dependencyType="TemplateBundleProcess" mandatory="true" xpath="tcm:Data/tcm:TemplateBundleProcess/@xlink:href" /><tcccp:Dependency itemUrl="/webdav/010%20Schemas%20and%20Categories//Task%20Process.tpd" itemType="ProcessDefinition" dependencyType="TaskProcess" mandatory="true" xpath="tcm:Data/tcm:TaskProcess/@xlink:href" /></tcccp:Dependencies></tcccp:Item>