<tcccp:Item xmlns:tcccp="http://www.tridion.com/ContentManager/5.2/ImportExport" xmlns:tcm="http://www.tridion.com/ContentManager/5.0" xmlns:xlink="http://www.w3.org/1999/xlink">
  <tcccp:PrimaryBlueprintParentUrl />
  <tcccp:BlueprintParentUrl />
  <tcccp:BinaryFileLocation />
  <tcm:Data>
    <tcm:Title>test page</tcm:Title>
    <tcm:FileName>test-page</tcm:FileName>
    <tcm:PageTemplate IsInherited="true" xlink:type="simple" xlink:title="Default Page Template" xlink:href="/webdav/000%20Empty%20Parent/Building%20Blocks/Default%20Templates/Default%20Page%20Template.tptcmp" />
    <tcm:ComponentPresentations />
    <tcm:MetadataSchema xlink:type="simple" xlink:title="" xlink:href="tcm:0-0-0" />
    <tcm:Metadata />
  </tcm:Data>
  <tcccp:Dependencies>
    <tcccp:Dependency dependencyType="Publication" itemType="Publication" xpath="" mandatory="true" itemUrl="/webdav/000%20Empty%20Parent" />
    <tcccp:Dependency dependencyType="OrganizationalItemStructureGroup" itemType="StructureGroup" xpath="" mandatory="true" itemUrl="/webdav/000%20Empty%20Parent/Root" />
    <tcccp:Dependency dependencyType="MetadataSchema" itemType="Schema" xpath="tcm:Data/tcm:MetadataSchema/@xlink:href" mandatory="true" itemUrl="tcm:0-0-0" />
    <tcccp:Dependency dependencyType="PageTemplate" itemType="PageTemplate" xpath="tcm:Data/tcm:PageTemplate/@xlink:href" mandatory="true" itemUrl="/webdav/000%20Empty%20Parent/Building%20Blocks/Default%20Templates/Default%20Page%20Template.tptcmp" />
  </tcccp:Dependencies>
</tcccp:Item>