<tcccp:Item xmlns:tcccp="http://www.tridion.com/ContentManager/5.2/ImportExport"><tcccp:BlueprintParentUrl></tcccp:BlueprintParentUrl><tcccp:PrimaryBlueprintParentUrl></tcccp:PrimaryBlueprintParentUrl><tcccp:BinaryFileLocation></tcccp:BinaryFileLocation><tcm:Data xmlns:tcm="http://www.tridion.com/ContentManager/5.0"><tcm:Title>QuickTime movie</tcm:Title><tcm:MIMEType>video/quicktime</tcm:MIMEType><tcm:FileExtensions><tcm:FileExtension>mov</tcm:FileExtension><tcm:FileExtension>qt</tcm:FileExtension></tcm:FileExtensions></tcm:Data><tcccp:Dependencies /></tcccp:Item>