<tcccp:Item xmlns:tcccp="http://www.tridion.com/ContentManager/5.2/ImportExport" xmlns:tcm="http://www.tridion.com/ContentManager/5.0" xmlns:xlink="http://www.w3.org/1999/xlink">
  <tcccp:PrimaryBlueprintParentUrl />
  <tcccp:BlueprintParentUrl />
  <tcccp:BinaryFileLocation />
  <tcm:Data>
    <tcm:Title>js</tcm:Title>
    <tcm:Type>CompoundTemplate</tcm:Type>
    <tcm:Content>
      <tcm:PublisherScript>&lt;CompoundTemplate xmlns="http://www.tridion.com/ContentManager/5.3/CompoundTemplate"&gt;
  &lt;TemplateInvocation&gt;
    &lt;Template xlink:href="/webdav/020%20Global%20Design/Building%20Blocks/System/Template%20Building%20Blocks/Razor%20TBBs/Page%20Razor%20Design/Code%20RPT.cshtml" xmlns:xlink="http://www.w3.org/1999/xlink" xlink:title="Code RPT" /&gt;
    &lt;TemplateParameters&gt;&lt;/TemplateParameters&gt;
  &lt;/TemplateInvocation&gt;
  &lt;TemplateInvocation&gt;
    &lt;Template xlink:href="/webdav/020%20Global%20Design/Building%20Blocks/Default%20Templates/Default%20Finish%20Actions.tbbcmp" xmlns:xlink="http://www.w3.org/1999/xlink" xlink:title="Default Finish Actions" /&gt;
    &lt;TemplateParameters&gt;
      &lt;Parameters xmlns="uuid:C695849C-4EFA-4F72-B8F2-68170C9F86C3" /&gt;
    &lt;/TemplateParameters&gt;
  &lt;/TemplateInvocation&gt;
&lt;/CompoundTemplate&gt;</tcm:PublisherScript>
    </tcm:Content>
    <tcm:MetadataSchema xlink:type="simple" xlink:title="" xlink:href="tcm:0-0-0" />
    <tcm:ParameterSchema xlink:type="simple" xlink:title="" xlink:href="tcm:0-0-0" />
    <tcm:Metadata />
    <tcm:FileExtension>js</tcm:FileExtension>
  </tcm:Data>
  <tcccp:Dependencies>
    <tcccp:Dependency dependencyType="Publication" itemType="Publication" xpath="" mandatory="true" itemUrl="/webdav/020%20Global%20Design" />
    <tcccp:Dependency dependencyType="OrganizationalItemFolder" itemType="Folder" xpath="" mandatory="true" itemUrl="/webdav/020%20Global%20Design/Building%20Blocks/System/Page%20Templates" />
    <tcccp:Dependency dependencyType="MetadataSchema" itemType="Schema" xpath="tcm:Data/tcm:MetadataSchema/@xlink:href" mandatory="true" itemUrl="tcm:0-0-0" />
    <tcccp:Dependency dependencyType="ParameterSchema" itemType="Schema" xpath="tcm:Data/tcm:ParameterSchema/@xlink:href" mandatory="true" itemUrl="tcm:0-0-0" />
    <tcccp:Dependency dependencyType="TemplateLinkedItem" itemType="TemplateBuildingBlock" xpath="tcccp:TemplateReferences/tcccp:TemplateReference[1]" mandatory="true" itemUrl="/webdav/020%20Global%20Design/Building%20Blocks/System/Template%20Building%20Blocks/Razor%20TBBs/Page%20Razor%20Design/Code%20RPT.cshtml" />
    <tcccp:Dependency dependencyType="TemplateLinkedItem" itemType="TemplateBuildingBlock" xpath="tcccp:TemplateReferences/tcccp:TemplateReference[2]" mandatory="true" itemUrl="/webdav/020%20Global%20Design/Building%20Blocks/Default%20Templates/Default%20Finish%20Actions.tbbcmp" />
  </tcccp:Dependencies>
  <tcccp:TemplateReferences>
    <tcccp:TemplateReference isTcmReference="true" itemType="2048">/webdav/020%20Global%20Design/Building%20Blocks/System/Template%20Building%20Blocks/Razor%20TBBs/Page%20Razor%20Design/Code%20RPT.cshtml</tcccp:TemplateReference>
    <tcccp:TemplateReference isTcmReference="true" itemType="2048">/webdav/020%20Global%20Design/Building%20Blocks/Default%20Templates/Default%20Finish%20Actions.tbbcmp</tcccp:TemplateReference>
  </tcccp:TemplateReferences>
</tcccp:Item>