<tcccp:Item xmlns:tcccp="http://www.tridion.com/ContentManager/5.2/ImportExport" xmlns:tcm="http://www.tridion.com/ContentManager/5.0" xmlns:xlink="http://www.w3.org/1999/xlink" xmlns:xsd="http://www.w3.org/2001/XMLSchema">
  <tcccp:PrimaryBlueprintParentUrl />
  <tcccp:BlueprintParentUrl />
  <tcccp:BinaryFileLocation />
  <tcm:Data xmlns:xlink="http://www.w3.org/1999/xlink" xmlns:i="http://www.w3.org/2001/XMLSchema-instance">
    <tcm:Title>Default Link</tcm:Title>
    <tcm:Description>Default Link</tcm:Description>
    <tcm:Purpose>Embedded</tcm:Purpose>
    <tcm:NamespaceURI />
    <tcm:RootElementName>defaultLink</tcm:RootElementName>
    <tcm:IsTridionWebSchema>true</tcm:IsTridionWebSchema>
    <tcm:XSD>
      <xsd:schema xmlns:xsd="http://www.w3.org/2001/XMLSchema" xmlns:tcmi="http://www.tridion.com/ContentManager/5.0/Instance" xmlns="" elementFormDefault="qualified">
  <xsd:import namespace="http://www.tridion.com/ContentManager/5.0/Instance" schemaLocation="/webdav/cm_xml_inst.xsd" />
  <xsd:annotation>
    <xsd:appinfo>
      <tcm:Labels xmlns:tcm="http://www.tridion.com/ContentManager/5.0">
        <tcm:Label ElementName="linkText" Metadata="false">Link Text</tcm:Label>
        <tcm:Label ElementName="title" Metadata="false">Title (tooltip)</tcm:Label>
        <tcm:Label ElementName="reusableLink" Metadata="false">Reusable Link</tcm:Label>
        <tcm:Label ElementName="singleUseLink" Metadata="false">Single-Use Link</tcm:Label>
        <tcm:Label ElementName="target" Metadata="false">Target</tcm:Label>
      </tcm:Labels>
    </xsd:appinfo>
  </xsd:annotation>
  <xsd:complexType name="defaultLink">
    <xsd:sequence>
      <xsd:element name="linkText" minOccurs="1" maxOccurs="1" type="xsd:normalizedString">
        <xsd:annotation>
          <xsd:appinfo>
            <tcm:ExtensionXml xmlns:tcm="http://www.tridion.com/ContentManager/5.0" />
          </xsd:appinfo>
        </xsd:annotation>
      </xsd:element>
      <xsd:element name="title" minOccurs="0" maxOccurs="1" type="xsd:normalizedString">
        <xsd:annotation>
          <xsd:appinfo>
            <tcm:ExtensionXml xmlns:tcm="http://www.tridion.com/ContentManager/5.0" />
          </xsd:appinfo>
        </xsd:annotation>
      </xsd:element>
      <xsd:element name="reusableLink" minOccurs="0" maxOccurs="1" type="tcmi:SimpleLink">
        <xsd:annotation>
          <xsd:appinfo>
            <tcm:ExtensionXml xmlns:tcm="http://www.tridion.com/ContentManager/5.0" />
            <tcm:linktype xmlns:tcm="http://www.tridion.com/ContentManager/5.0">ComponentLink</tcm:linktype>
            <tcm:AllowMultimediaLinks xmlns:tcm="http://www.tridion.com/ContentManager/5.0">false</tcm:AllowMultimediaLinks>
          </xsd:appinfo>
        </xsd:annotation>
      </xsd:element>
      <xsd:element name="singleUseLink" minOccurs="0" maxOccurs="1" type="tcmi:SimpleLink">
        <xsd:annotation>
          <xsd:appinfo>
            <tcm:ExtensionXml xmlns:tcm="http://www.tridion.com/ContentManager/5.0" />
            <tcm:linktype xmlns:tcm="http://www.tridion.com/ContentManager/5.0">ExternalLink</tcm:linktype>
          </xsd:appinfo>
        </xsd:annotation>
      </xsd:element>
      <xsd:element name="target" minOccurs="1" maxOccurs="1">
        <xsd:annotation>
          <xsd:appinfo>
            <tcm:ExtensionXml xmlns:tcm="http://www.tridion.com/ContentManager/5.0" />
            <tcm:DefaultTextValue xmlns:tcm="http://www.tridion.com/ContentManager/5.0">Same</tcm:DefaultTextValue>
            <tcm:Size xmlns:tcm="http://www.tridion.com/ContentManager/5.0">3</tcm:Size>
            <tcm:listtype xmlns:tcm="http://www.tridion.com/ContentManager/5.0">radio</tcm:listtype>
          </xsd:appinfo>
        </xsd:annotation>
        <xsd:simpleType>
          <xsd:restriction base="xsd:normalizedString">
            <xsd:enumeration value="Same" />
            <xsd:enumeration value="New" />
            <xsd:enumeration value="Modal" />
          </xsd:restriction>
        </xsd:simpleType>
      </xsd:element>
    </xsd:sequence>
  </xsd:complexType>
</xsd:schema>
    </tcm:XSD>
    <tcm:AllowedMultimediaTypes />
    <tcm:ComponentProcess xlink:type="simple" xlink:title="" xlink:href="tcm:0-0-0" />
    <tcm:BundleProcess xlink:type="simple" xlink:title="" xlink:href="tcm:0-0-0" />
    <tcm:DeleteBundleOnProcessFinished>false</tcm:DeleteBundleOnProcessFinished>
  </tcm:Data>
  <tcccp:Dependencies>
    <tcccp:Dependency dependencyType="Publication" itemType="Publication" xpath="" mandatory="true" itemUrl="/webdav/010%20Schemas%20and%20Categories" />
    <tcccp:Dependency dependencyType="OrganizationalItemFolder" itemType="Folder" xpath="" mandatory="true" itemUrl="/webdav/010%20Schemas%20and%20Categories/Building%20Blocks/System/Schemas/Embeddable%20Schemas/Default" />
    <tcccp:Dependency dependencyType="ComponentProcess" itemType="ProcessDefinition" xpath="tcm:Data/tcm:ComponentProcess/@xlink:href" mandatory="true" itemUrl="tcm:0-0-0" />
    <tcccp:Dependency dependencyType="SchemaBundleProcess" itemType="ProcessDefinition" xpath="tcm:Data/tcm:BundleProcess/@xlink:href" mandatory="true" itemUrl="tcm:0-0-0" />
  </tcccp:Dependencies>
</tcccp:Item>