<tcccp:Item xmlns:tcccp="http://www.tridion.com/ContentManager/5.2/ImportExport" xmlns:tcm="http://www.tridion.com/ContentManager/5.0" xmlns:xlink="http://www.w3.org/1999/xlink">
  <tcccp:PrimaryBlueprintParentUrl>/webdav/000%20Empty%20Parent/Building%20Blocks/Default%20Templates/SDL%20External%20Content%20Library/Search%20External%20Content%20Library%20items.tbbcs</tcccp:PrimaryBlueprintParentUrl>
  <tcccp:BlueprintParentUrl />
  <tcccp:BinaryFileLocation />
  <tcm:Data>
    <tcm:Title>Search External Content Library items</tcm:Title>
    <tcm:Type>CSharpTemplate</tcm:Type>
    <tcm:Content>
      <tcm:PublisherScript>	/* Generated by Setup Default Templates */
	&lt;%RunTemplate Template="/webdav/020%20Global%20Content/Building%20Blocks/Default%20Templates/SDL%20External%20Content%20Library/Tridion%2EExternalContentLibrary%2ETemplating.tbbasm" Class="Tridion.ExternalContentLibrary.Templating.SearchExternalContentLibraryItemsTemplate"%&gt;
</tcm:PublisherScript>
    </tcm:Content>
    <tcm:MetadataSchema xlink:type="simple" xlink:title="" xlink:href="tcm:0-0-0" />
    <tcm:ParameterSchema xlink:type="simple" xlink:title="" xlink:href="tcm:0-0-0" />
    <tcm:Metadata />
  </tcm:Data>
  <tcccp:Dependencies>
    <tcccp:Dependency dependencyType="Publication" itemType="Publication" xpath="" mandatory="true" itemUrl="/webdav/020%20Global%20Content" />
    <tcccp:Dependency dependencyType="OrganizationalItemFolder" itemType="Folder" xpath="" mandatory="true" itemUrl="/webdav/020%20Global%20Content/Building%20Blocks/Default%20Templates/SDL%20External%20Content%20Library" />
    <tcccp:Dependency dependencyType="MetadataSchema" itemType="Schema" xpath="tcm:Data/tcm:MetadataSchema/@xlink:href" mandatory="true" itemUrl="tcm:0-0-0" />
    <tcccp:Dependency dependencyType="ParameterSchema" itemType="Schema" xpath="tcm:Data/tcm:ParameterSchema/@xlink:href" mandatory="true" itemUrl="tcm:0-0-0" />
    <tcccp:Dependency dependencyType="TemplateLinkedItem" itemType="TemplateBuildingBlock" xpath="tcccp:TemplateReferences/tcccp:TemplateReference[1]" mandatory="true" itemUrl="/webdav/020%20Global%20Content/Building%20Blocks/Default%20Templates/SDL%20External%20Content%20Library/Tridion%2EExternalContentLibrary%2ETemplating.tbbasm" />
  </tcccp:Dependencies>
  <tcccp:TemplateReferences>
    <tcccp:TemplateReference isTcmReference="true" itemType="2048">/webdav/020%20Global%20Content/Building%20Blocks/Default%20Templates/SDL%20External%20Content%20Library/Tridion%2EExternalContentLibrary%2ETemplating.tbbasm</tcccp:TemplateReference>
  </tcccp:TemplateReferences>
</tcccp:Item>