<tcccp:Item xmlns:tcccp="http://www.tridion.com/ContentManager/5.2/ImportExport" xmlns:tcm="http://www.tridion.com/ContentManager/5.0" xmlns:xlink="http://www.w3.org/1999/xlink">
  <tcccp:PrimaryBlueprintParentUrl>/webdav/000%20Empty%20Parent/Building%20Blocks/Default%20Templates/SDL%20External%20Content%20Library/External%20Content%20Library%20templating%20assembly.tbbasm</tcccp:PrimaryBlueprintParentUrl>
  <tcccp:BlueprintParentUrl />
  <tcccp:BinaryFileLocation>Binaries\0-2-1\2-40-2048.tbbasm</tcccp:BinaryFileLocation>
  <tcm:Data>
    <tcm:Title>External Content Library templating assembly</tcm:Title>
    <tcm:Type>AssemblyTemplate</tcm:Type>
    <tcm:Content>
      <tcm:PublisherScript />
    </tcm:Content>
    <tcm:MetadataSchema xlink:type="simple" xlink:title="" xlink:href="tcm:0-0-0" />
    <tcm:ParameterSchema xlink:type="simple" xlink:title="" xlink:href="tcm:0-0-0" />
    <tcm:Metadata />
    <tcm:MultimediaFilename>External Content Library templating assembly</tcm:MultimediaFilename>
    <tcm:MultimediaFileSize>33280</tcm:MultimediaFileSize>
    <tcm:IsExternalMultimediaFile>false</tcm:IsExternalMultimediaFile>
  </tcm:Data>
  <tcccp:Dependencies>
    <tcccp:Dependency dependencyType="Publication" itemType="Publication" xpath="" mandatory="true" itemUrl="/webdav/010%20Schemas%20and%20Categories" />
    <tcccp:Dependency dependencyType="OrganizationalItemFolder" itemType="Folder" xpath="" mandatory="true" itemUrl="/webdav/010%20Schemas%20and%20Categories/Building%20Blocks/Default%20Templates/SDL%20External%20Content%20Library" />
    <tcccp:Dependency dependencyType="MetadataSchema" itemType="Schema" xpath="tcm:Data/tcm:MetadataSchema/@xlink:href" mandatory="true" itemUrl="tcm:0-0-0" />
    <tcccp:Dependency dependencyType="ParameterSchema" itemType="Schema" xpath="tcm:Data/tcm:ParameterSchema/@xlink:href" mandatory="true" itemUrl="tcm:0-0-0" />
  </tcccp:Dependencies>
</tcccp:Item>