<tcccp:Item xmlns:tcccp="http://www.tridion.com/ContentManager/5.2/ImportExport"><tcccp:BlueprintParentUrl></tcccp:BlueprintParentUrl><tcccp:PrimaryBlueprintParentUrl></tcccp:PrimaryBlueprintParentUrl><tcccp:BinaryFileLocation></tcccp:BinaryFileLocation><tcm:Data xmlns:tcm="http://www.tridion.com/ContentManager/5.0"><tcm:Title>Task Process</tcm:Title><tcm:FirstActivityDefinition xmlns:xlink="http://www.w3.org/1999/xlink" xlink:type="simple" xlink:href="tcm:3-6-131088" xlink:title="Perform Task" /><tcm:StoreSnapshot>false</tcm:StoreSnapshot><tcm:ActivityDefinitions><tcm:ActivityDefinition xmlns:xlink="http://www.w3.org/1999/xlink" xlink:type="simple" xlink:href="tcm:3-6-131088" xlink:title="Perform Task"><tcm:ActivityType Type="0" Title="Normal" /><tcm:Description>Perform the specified task.</tcm:Description><tcm:Assignee xlink:type="simple" xlink:title="Everyone" xlink:href="tcm:0-1-65568" /><tcm:Script /><tcm:ApprovalStatus xlink:type="simple" xlink:title="Undefined" xlink:href="tcm:0-0-0" /><tcm:ScriptType>CSharp</tcm:ScriptType><tcm:ActivityConstraints>None</tcm:ActivityConstraints><tcm:AllowOverrideDueDate>true</tcm:AllowOverrideDueDate><tcm:PerformingTimeout>0</tcm:PerformingTimeout><tcm:NextActivityDefinitions><tcm:ActivityDefinition xlink:type="simple" xlink:title="Assign to Process Creator" xlink:href="tcm:3-7-131088" /></tcm:NextActivityDefinitions></tcm:ActivityDefinition><tcm:ActivityDefinition xmlns:xlink="http://www.w3.org/1999/xlink" xlink:type="simple" xlink:href="tcm:3-7-131088" xlink:title="Assign to Process Creator"><tcm:ActivityType Type="0" Title="Normal" /><tcm:Description>Task was finished and it will be sent to the process creator.</tcm:Description><tcm:Assignee xlink:type="simple" xlink:title="NT AUTHORITY\SYSTEM" xlink:href="tcm:0-3-65552" /><tcm:Script>ActivityFinishData finishData = new ActivityFinishData()
{
    Message = ProcessInstance.Activities.Last().FinishMessage,
    NextAssignee = new LinkToTrusteeData
    {
        IdRef = ProcessInstance.Creator.IdRef
    }
};
SessionAwareCoreServiceClient.FinishActivity(CurrentActivityInstance.Id, finishData, null);</tcm:Script><tcm:ApprovalStatus xlink:type="simple" xlink:title="Undefined" xlink:href="tcm:0-0-0" /><tcm:ScriptType>CSharp</tcm:ScriptType><tcm:ActivityConstraints>None</tcm:ActivityConstraints><tcm:AllowOverrideDueDate>false</tcm:AllowOverrideDueDate><tcm:PerformingTimeout>0</tcm:PerformingTimeout><tcm:NextActivityDefinitions><tcm:ActivityDefinition xlink:type="simple" xlink:title="Review Task" xlink:href="tcm:3-8-131088" /></tcm:NextActivityDefinitions><tcccp:ScriptReferences xmlns:tcccp="http://www.tridion.com/ContentManager/5.2/ImportExport" /></tcm:ActivityDefinition><tcm:ActivityDefinition xmlns:xlink="http://www.w3.org/1999/xlink" xlink:type="simple" xlink:href="tcm:3-8-131088" xlink:title="Review Task"><tcm:ActivityType Type="1" Title="Decision" /><tcm:Description>Review and approve the task. Finish process or send it back.</tcm:Description><tcm:Assignee xlink:type="simple" xlink:title="" xlink:href="tcm:0-0-0" /><tcm:Script /><tcm:ApprovalStatus xlink:type="simple" xlink:title="Undefined" xlink:href="tcm:0-0-0" /><tcm:ScriptType>CSharp</tcm:ScriptType><tcm:ActivityConstraints>None</tcm:ActivityConstraints><tcm:AllowOverrideDueDate>false</tcm:AllowOverrideDueDate><tcm:PerformingTimeout>0</tcm:PerformingTimeout><tcm:NextActivityDefinitions><tcm:ActivityDefinition xlink:type="simple" xlink:title="Decline" xlink:href="tcm:3-9-131088" /><tcm:ActivityDefinition xlink:type="simple" xlink:title="Accept" xlink:href="tcm:3-10-131088" /></tcm:NextActivityDefinitions></tcm:ActivityDefinition><tcm:ActivityDefinition xmlns:xlink="http://www.w3.org/1999/xlink" xlink:type="simple" xlink:href="tcm:3-9-131088" xlink:title="Decline"><tcm:ActivityType Type="0" Title="Normal" /><tcm:Description>The task was reviewed by the process creator and will be sent back to the performer of the task.</tcm:Description><tcm:Assignee xlink:type="simple" xlink:title="NT AUTHORITY\SYSTEM" xlink:href="tcm:0-3-65552" /><tcm:Script>string performedTaskActivityDefinitionId = ProcessInstance.Activities.Cast&lt;ActivityInstanceData&gt;().First().ActivityDefinition.IdRef;
ActivityFinishData finishData = new ActivityFinishData()
{
    Message = ProcessInstance.Activities.Last().FinishMessage,
    NextAssignee = new LinkToTrusteeData
    {
        IdRef = ProcessInstance.Activities.Cast&lt;ActivityInstanceData&gt;().Last(activity =&gt; activity.ActivityDefinition.IdRef == performedTaskActivityDefinitionId).Owner.IdRef
    }
};
SessionAwareCoreServiceClient.FinishActivity(CurrentActivityInstance.Id, finishData, null);</tcm:Script><tcm:ApprovalStatus xlink:type="simple" xlink:title="Undefined" xlink:href="tcm:0-0-0" /><tcm:ScriptType>CSharp</tcm:ScriptType><tcm:ActivityConstraints>None</tcm:ActivityConstraints><tcm:AllowOverrideDueDate>false</tcm:AllowOverrideDueDate><tcm:PerformingTimeout>0</tcm:PerformingTimeout><tcm:NextActivityDefinitions><tcm:ActivityDefinition xlink:type="simple" xlink:title="Perform Task" xlink:href="tcm:3-6-131088" /></tcm:NextActivityDefinitions><tcccp:ScriptReferences xmlns:tcccp="http://www.tridion.com/ContentManager/5.2/ImportExport" /></tcm:ActivityDefinition><tcm:ActivityDefinition xmlns:xlink="http://www.w3.org/1999/xlink" xlink:type="simple" xlink:href="tcm:3-10-131088" xlink:title="Accept"><tcm:ActivityType Type="0" Title="Normal" /><tcm:Description>The task process is complete.</tcm:Description><tcm:Assignee xlink:type="simple" xlink:title="NT AUTHORITY\SYSTEM" xlink:href="tcm:0-3-65552" /><tcm:Script>ActivityFinishData finishData = new ActivityFinishData()
{
    Message = "Automatic Activity 'Accept' Finished"
};
SessionAwareCoreServiceClient.FinishActivity(CurrentActivityInstance.Id, finishData, null);</tcm:Script><tcm:ApprovalStatus xlink:type="simple" xlink:title="Undefined" xlink:href="tcm:0-0-0" /><tcm:ScriptType>CSharp</tcm:ScriptType><tcm:ActivityConstraints>None</tcm:ActivityConstraints><tcm:AllowOverrideDueDate>false</tcm:AllowOverrideDueDate><tcm:PerformingTimeout>0</tcm:PerformingTimeout><tcm:NextActivityDefinitions /><tcccp:ScriptReferences xmlns:tcccp="http://www.tridion.com/ContentManager/5.2/ImportExport" /></tcm:ActivityDefinition></tcm:ActivityDefinitions><tcm:Diagram /></tcm:Data><tcccp:Dependencies><tcccp:Dependency itemUrl="/webdav/010%20Schemas%20and%20Categories" itemType="Publication" dependencyType="Publication" mandatory="true" xpath="" /><tcccp:Dependency itemUrl="/webdav/010%20Schemas%20and%20Categories" itemType="Publication" dependencyType="OrganizationalItemPublication" mandatory="true" xpath="" /><tcccp:Dependency itemUrl="/webdav//Everyone.tgp" itemType="Group" dependencyType="Group" mandatory="true" xpath="tcm:Data/*[4]/*[1]/tcm:Assignee/@xlink:href" /><tcccp:Dependency itemUrl="tcm:0-0-0" itemType="ApprovalStatus" dependencyType="ApprovalStatus" mandatory="true" xpath="tcm:Data/*[4]/*[1]/tcm:ApprovalStatus/@xlink:href" /><tcccp:Dependency itemUrl="tcm:0-0-0" itemType="ApprovalStatus" dependencyType="ApprovalStatus" mandatory="true" xpath="tcm:Data/*[4]/*[2]/tcm:ApprovalStatus/@xlink:href" /><tcccp:Dependency itemUrl="tcm:0-0-0" itemType="ApprovalStatus" dependencyType="ApprovalStatus" mandatory="true" xpath="tcm:Data/*[4]/*[3]/tcm:ApprovalStatus/@xlink:href" /><tcccp:Dependency itemUrl="tcm:0-0-0" itemType="ApprovalStatus" dependencyType="ApprovalStatus" mandatory="true" xpath="tcm:Data/*[4]/*[4]/tcm:ApprovalStatus/@xlink:href" /><tcccp:Dependency itemUrl="tcm:0-0-0" itemType="ApprovalStatus" dependencyType="ApprovalStatus" mandatory="true" xpath="tcm:Data/*[4]/*[5]/tcm:ApprovalStatus/@xlink:href" /></tcccp:Dependencies></tcccp:Item>